sheet,block,metric,week,value
OZON,Итого,Расход,19.05 - 25.05,12639.67
OZON,Итого,Расход,26.05 - 31.05,12495.9
OZON,Итого,Расход,01.06 - 08.06,22863.03
OZON,Итого,Расход,09.06 - 15.06,1.16
OZON,Итого,Расход,16.06 - 22.06,30600.86
OZON,Итого,Расход,23.06 - 30.06,105427.21
OZON,Итого,Расход,01.07 - 06.07,40639.55
OZON,Итого,Расход,07.07 - 13.07,16773.97
OZON,Итого,Расход,14.07 - 20.07,13888.3
OZON,Итого,Расход,21.07 - 27.07,13640.69
OZON,Итого,Расход,28.07 - 31.07,26319.78
OZON,Итого,Расход,01.08 - 03.08,22474.22
OZON,Итого,Расход,04.08 - 10.08,0
OZON,Итого,Показы,19.05 - 25.05,33105
OZON,Итого,Показы,26.05 - 31.05,6751
OZON,Итого,Показы,01.06 - 08.06,3884
OZON,Итого,Показы,09.06 - 15.06,5
OZON,Итого,Показы,16.06 - 22.06,240601
OZON,Итого,Показы,23.06 - 30.06,780742
OZON,Итого,Показы,01.07 - 06.07,267660
OZON,Итого,Показы,07.07 - 13.07,18056
OZON,Итого,Показы,14.07 - 20.07,30586
OZON,Итого,Показы,21.07 - 27.07,12459
OZON,Итого,Показы,28.07 - 31.07,9709
OZON,Итого,Показы,01.08 - 03.08,12587
OZON,Итого,Показы,04.08 - 10.08,0
OZON,Итого,Клики,19.05 - 25.05,4083
OZON,Итого,Клики,26.05 - 31.05,771
OZON,Итого,Клики,01.06 - 08.06,268
OZON,Итого,Клики,09.06 - 15.06,1
OZON,Итого,Клики,16.06 - 22.06,4671
OZON,Итого,Клики,23.06 - 30.06,9194
OZON,Итого,Клики,01.07 - 06.07,3286
OZON,Итого,Клики,07.07 - 13.07,317
OZON,Итого,Клики,14.07 - 20.07,528
OZON,Итого,Клики,21.07 - 27.07,261
OZON,Итого,Клики,28.07 - 31.07,151
OZON,Итого,Клики,01.08 - 03.08,92
OZON,Итого,Клики,04.08 - 10.08,0
OZON,Итого,Сессии в OZON,19.05 - 25.05,1713
OZON,Итого,Сессии в OZON,26.05 - 31.05,464
OZON,Итого,Сессии в OZON,01.06 - 08.06,207
OZON,Итого,Сессии в OZON,09.06 - 15.06,0
OZON,Итого,Сессии в OZON,16.06 - 22.06,44
OZON,Итого,Сессии в OZON,23.06 - 30.06,783
OZON,Итого,Сессии в OZON,01.07 - 06.07,326
OZON,Итого,Сессии в OZON,07.07 - 13.07,204
OZON,Итого,Сессии в OZON,14.07 - 20.07,121
OZON,Итого,Сессии в OZON,21.07 - 27.07,129
OZON,Итого,Сессии в OZON,28.07 - 31.07,30
OZON,Итого,Сессии в OZON,01.08 - 03.08,24
OZON,Итого,Сессии в OZON,04.08 - 10.08,0
OZON,Итого,Корзина,19.05 - 25.05,79
OZON,Итого,Корзина,26.05 - 31.05,35
OZON,Итого,Корзина,01.06 - 08.06,61
OZON,Итого,Корзина,09.06 - 15.06,63
OZON,Итого,Корзина,16.06 - 22.06,94
OZON,Итого,Корзина,23.06 - 30.06,139
OZON,Итого,Корзина,01.07 - 06.07,70
OZON,Итого,Корзина,07.07 - 13.07,53
OZON,Итого,Корзина,14.07 - 20.07,38
OZON,Итого,Корзина,21.07 - 27.07,65
OZON,Итого,Корзина,28.07 - 31.07,35
OZON,Итого,Корзина,01.08 - 03.08,28
OZON,Итого,Корзина,04.08 - 10.08,0
OZON,Итого,Продажи,19.05 - 25.05,9
OZON,Итого,Продажи,26.05 - 31.05,12
OZON,Итого,Продажи,01.06 - 08.06,11
OZON,Итого,Продажи,09.06 - 15.06,12
OZON,Итого,Продажи,16.06 - 22.06,13
OZON,Итого,Продажи,23.06 - 30.06,18
OZON,Итого,Продажи,01.07 - 06.07,16
OZON,Итого,Продажи,07.07 - 13.07,12
OZON,Итого,Продажи,14.07 - 20.07,12
OZON,Итого,Продажи,21.07 - 27.07,12
OZON,Итого,Продажи,28.07 - 31.07,2
OZON,Итого,Продажи,01.08 - 03.08,2
OZON,Итого,Продажи,04.08 - 10.08,0
OZON,Итого,Стоимост. клика,19.05 - 25.05,3.095682096
OZON,Итого,Стоимост. клика,26.05 - 31.05,16.207393
OZON,Итого,Стоимост. клика,01.06 - 08.06,85.30981343
OZON,Итого,Стоимост. клика,09.06 - 15.06,1.16
OZON,Итого,Стоимост. клика,16.06 - 22.06,6.551243845
OZON,Итого,Стоимост. клика,23.06 - 30.06,11.4669578
OZON,Итого,Стоимост. клика,01.07 - 06.07,12.36748326
OZON,Итого,Стоимост. клика,07.07 - 13.07,52.91473186
OZON,Итого,Стоимост. клика,14.07 - 20.07,26.30359848
OZON,Итого,Стоимост. клика,21.07 - 27.07,52.26318008
OZON,Итого,Стоимост. клика,28.07 - 31.07,174.3031788
OZON,Итого,Стоимост. клика,01.08 - 03.08,244.285
OZON,Итого,Стоимост. клика,04.08 - 10.08,#DIV/0!
OZON,Итого,Стоимост. сессии,19.05 - 25.05,7.378674839
OZON,Итого,Стоимост. сессии,26.05 - 31.05,26.93081897
OZON,Итого,Стоимост. сессии,01.06 - 08.06,110.4494203
OZON,Итого,Стоимост. сессии,09.06 - 15.06,#DIV/0!
OZON,Итого,Стоимост. сессии,16.06 - 22.06,695.4740909
OZON,Итого,Стоимост. сессии,23.06 - 30.06,134.6452235
OZON,Итого,Стоимост. сессии,01.07 - 06.07,124.6611963
OZON,Итого,Стоимост. сессии,07.07 - 13.07,82.22534314
OZON,Итого,Стоимост. сессии,14.07 - 20.07,114.7793388
OZON,Итого,Стоимост. сессии,21.07 - 27.07,105.7417829
OZON,Итого,Стоимост. сессии,28.07 - 31.07,877.326
OZON,Итого,Стоимост. сессии,01.08 - 03.08,936.4258333
OZON,Итого,Стоимост. сессии,04.08 - 10.08,#DIV/0!
OZON,Итого,Стоимост. корзины,19.05 - 25.05,159.9958228
OZON,Итого,Стоимост. корзины,26.05 - 31.05,357.0257143
OZON,Итого,Стоимост. корзины,01.06 - 08.06,374.8037705
OZON,Итого,Стоимост. корзины,09.06 - 15.06,0.01841269841
OZON,Итого,Стоимост. корзины,16.06 - 22.06,325.5410638
OZON,Итого,Стоимост. корзины,23.06 - 30.06,758.4691367
OZON,Итого,Стоимост. корзины,01.07 - 06.07,580.565
OZON,Итого,Стоимост. корзины,07.07 - 13.07,316.49
OZON,Итого,Стоимост. корзины,14.07 - 20.07,365.4815789
OZON,Итого,Стоимост. корзины,21.07 - 27.07,209.8567692
OZON,Итого,Стоимост. корзины,28.07 - 31.07,751.9937143
OZON,Итого,Стоимост. корзины,01.08 - 03.08,802.6507143
OZON,Итого,Стоимост. корзины,04.08 - 10.08,0
OZON,Итого,Стоимост. продажи,19.05 - 25.05,1404.407778
OZON,Итого,Стоимост. продажи,26.05 - 31.05,1041.325
OZON,Итого,Стоимост. продажи,01.06 - 08.06,2078.457273
OZON,Итого,Стоимост. продажи,09.06 - 15.06,0.09666666667
OZON,Итого,Стоимост. продажи,16.06 - 22.06,2353.912308
OZON,Итого,Стоимост. продажи,23.06 - 30.06,5857.067222
OZON,Итого,Стоимост. продажи,01.07 - 06.07,2539.971875
OZON,Итого,Стоимост. продажи,07.07 - 13.07,1397.830833
OZON,Итого,Стоимост. продажи,14.07 - 20.07,1157.358333
OZON,Итого,Стоимост. продажи,21.07 - 27.07,1136.724167
OZON,Итого,Стоимост. продажи,28.07 - 31.07,13159.89
OZON,Итого,Стоимост. продажи,01.08 - 03.08,11237.11
OZON,Итого,Стоимост. продажи,04.08 - 10.08,0
OZON,Итого,% сессия / корзина,19.05 - 25.05,0.04611792177
OZON,Итого,% сессия / корзина,26.05 - 31.05,0.07543103448
OZON,Итого,% сессия / корзина,01.06 - 08.06,0.2946859903
OZON,Итого,% сессия / корзина,09.06 - 15.06,#DIV/0!
OZON,Итого,% сессия / корзина,16.06 - 22.06,2.136363636
OZON,Итого,% сессия / корзина,23.06 - 30.06,0.1775223499
OZON,Итого,% сессия / корзина,01.07 - 06.07,0.2147239264
OZON,Итого,% сессия / корзина,07.07 - 13.07,0.2598039216
OZON,Итого,% сессия / корзина,14.07 - 20.07,0.3140495868
OZON,Итого,% сессия / корзина,21.07 - 27.07,0.503875969
OZON,Итого,% сессия / корзина,28.07 - 31.07,1.166666667
OZON,Итого,% сессия / корзина,01.08 - 03.08,1.166666667
OZON,Итого,% сессия / корзина,04.08 - 10.08,0
OZON,Итого,% корзина / продажи,19.05 - 25.05,0.1139240506
OZON,Итого,% корзина / продажи,26.05 - 31.05,0.3428571429
OZON,Итого,% корзина / продажи,01.06 - 08.06,0.1803278689
OZON,Итого,% корзина / продажи,09.06 - 15.06,0.1904761905
OZON,Итого,% корзина / продажи,16.06 - 22.06,0.1382978723
OZON,Итого,% корзина / продажи,23.06 - 30.06,0.1294964029
OZON,Итого,% корзина / продажи,01.07 - 06.07,0.2285714286
OZON,Итого,% корзина / продажи,07.07 - 13.07,0.2264150943
OZON,Итого,% корзина / продажи,14.07 - 20.07,0.3157894737
OZON,Итого,% корзина / продажи,21.07 - 27.07,0.1846153846
OZON,Итого,% корзина / продажи,28.07 - 31.07,0.05714285714
OZON,Итого,% корзина / продажи,01.08 - 03.08,0.07142857143
OZON,Итого,% корзина / продажи,04.08 - 10.08,0
OZON,OZON (Органика),Корзина,19.05 - 25.05,79.0
OZON,OZON (Органика),Корзина,26.05 - 31.05,35.0
OZON,OZON (Органика),Корзина,01.06 - 08.06,61.0
OZON,OZON (Органика),Корзина,09.06 - 15.06,63.0
OZON,OZON (Органика),Корзина,16.06 - 22.06,94.0
OZON,OZON (Органика),Корзина,23.06 - 30.06,139.0
OZON,OZON (Органика),Корзина,01.07 - 06.07,70.0
OZON,OZON (Органика),Корзина,07.07 - 13.07,53.0
OZON,OZON (Органика),Корзина,14.07 - 20.07,38.0
OZON,OZON (Органика),Корзина,21.07 - 27.07,65.0
OZON,OZON (Органика),Корзина,28.07 - 31.07,35.0
OZON,OZON (Органика),Корзина,01.08 - 03.08,28.0
OZON,OZON (Органика),Корзина,04.08 - 10.08,
OZON,OZON (Органика),Продажи,19.05 - 25.05,9.0
OZON,OZON (Органика),Продажи,26.05 - 31.05,12.0
OZON,OZON (Органика),Продажи,01.06 - 08.06,11.0
OZON,OZON (Органика),Продажи,09.06 - 15.06,12.0
OZON,OZON (Органика),Продажи,16.06 - 22.06,13.0
OZON,OZON (Органика),Продажи,23.06 - 30.06,18.0
OZON,OZON (Органика),Продажи,01.07 - 06.07,16.0
OZON,OZON (Органика),Продажи,07.07 - 13.07,12.0
OZON,OZON (Органика),Продажи,14.07 - 20.07,12.0
OZON,OZON (Органика),Продажи,21.07 - 27.07,12.0
OZON,OZON (Органика),Продажи,28.07 - 31.07,2.0
OZON,OZON (Органика),Продажи,01.08 - 03.08,2.0
OZON,OZON (Органика),Продажи,04.08 - 10.08,
OZON,OZON (Внутр. реклама),Расход,19.05 - 25.05,0
OZON,OZON (Внутр. реклама),Расход,26.05 - 31.05,0
OZON,OZON (Внутр. реклама),Расход,01.06 - 08.06,0
OZON,OZON (Внутр. реклама),Расход,09.06 - 15.06,0
OZON,OZON (Внутр. реклама),Расход,16.06 - 22.06,0
OZON,OZON (Внутр. реклама),Расход,23.06 - 30.06,12395
OZON,OZON (Внутр. реклама),Расход,01.07 - 06.07,12282
OZON,OZON (Внутр. реклама),Расход,07.07 - 13.07,14097
OZON,OZON (Внутр. реклама),Расход,14.07 - 20.07,6670
OZON,OZON (Внутр. реклама),Расход,21.07 - 27.07,12097
OZON,OZON (Внутр. реклама),Расход,28.07 - 31.07,24992
OZON,OZON (Внутр. реклама),Расход,01.08 - 03.08,19802
OZON,OZON (Внутр. реклама),Расход,04.08 - 10.08,0
OZON,OZON (Внутр. реклама),Показы,19.05 - 25.05,0
OZON,OZON (Внутр. реклама),Показы,26.05 - 31.05,0
OZON,OZON (Внутр. реклама),Показы,01.06 - 08.06,0
OZON,OZON (Внутр. реклама),Показы,09.06 - 15.06,0
OZON,OZON (Внутр. реклама),Показы,16.06 - 22.06,0
OZON,OZON (Внутр. реклама),Показы,23.06 - 30.06,33135
OZON,OZON (Внутр. реклама),Показы,01.07 - 06.07,10184
OZON,OZON (Внутр. реклама),Показы,07.07 - 13.07,9290
OZON,OZON (Внутр. реклама),Показы,14.07 - 20.07,5360
OZON,OZON (Внутр. реклама),Показы,21.07 - 27.07,4961
OZON,OZON (Внутр. реклама),Показы,28.07 - 31.07,44957
OZON,OZON (Внутр. реклама),Показы,01.08 - 03.08,28775
OZON,OZON (Внутр. реклама),Показы,04.08 - 10.08,0
OZON,OZON (Внутр. реклама),Клики,19.05 - 25.05,0
OZON,OZON (Внутр. реклама),Клики,26.05 - 31.05,0
OZON,OZON (Внутр. реклама),Клики,01.06 - 08.06,0
OZON,OZON (Внутр. реклама),Клики,09.06 - 15.06,0
OZON,OZON (Внутр. реклама),Клики,16.06 - 22.06,0
OZON,OZON (Внутр. реклама),Клики,23.06 - 30.06,424
OZON,OZON (Внутр. реклама),Клики,01.07 - 06.07,185
OZON,OZON (Внутр. реклама),Клики,07.07 - 13.07,199
OZON,OZON (Внутр. реклама),Клики,14.07 - 20.07,121
OZON,OZON (Внутр. реклама),Клики,21.07 - 27.07,129
OZON,OZON (Внутр. реклама),Клики,28.07 - 31.07,404
OZON,OZON (Внутр. реклама),Клики,01.08 - 03.08,327
OZON,OZON (Внутр. реклама),Клики,04.08 - 10.08,0
OZON,OZON (Внутр. реклама),Сессии в OZON,19.05 - 25.05,0
OZON,OZON (Внутр. реклама),Сессии в OZON,26.05 - 31.05,0
OZON,OZON (Внутр. реклама),Сессии в OZON,01.06 - 08.06,0
OZON,OZON (Внутр. реклама),Сессии в OZON,09.06 - 15.06,0
OZON,OZON (Внутр. реклама),Сессии в OZON,16.06 - 22.06,0
OZON,OZON (Внутр. реклама),Сессии в OZON,23.06 - 30.06,424
OZON,OZON (Внутр. реклама),Сессии в OZON,01.07 - 06.07,185
OZON,OZON (Внутр. реклама),Сессии в OZON,07.07 - 13.07,199
OZON,OZON (Внутр. реклама),Сессии в OZON,14.07 - 20.07,121
OZON,OZON (Внутр. реклама),Сессии в OZON,21.07 - 27.07,129
OZON,OZON (Внутр. реклама),Сессии в OZON,28.07 - 31.07,404
OZON,OZON (Внутр. реклама),Сессии в OZON,01.08 - 03.08,327
OZON,OZON (Внутр. реклама),Сессии в OZON,04.08 - 10.08,0
OZON,OZON (Внутр. реклама),Корзина,19.05 - 25.05,0
OZON,OZON (Внутр. реклама),Корзина,26.05 - 31.05,0
OZON,OZON (Внутр. реклама),Корзина,01.06 - 08.06,0
OZON,OZON (Внутр. реклама),Корзина,09.06 - 15.06,0
OZON,OZON (Внутр. реклама),Корзина,16.06 - 22.06,0
OZON,OZON (Внутр. реклама),Корзина,23.06 - 30.06,44
OZON,OZON (Внутр. реклама),Корзина,01.07 - 06.07,25
OZON,OZON (Внутр. реклама),Корзина,07.07 - 13.07,27
OZON,OZON (Внутр. реклама),Корзина,14.07 - 20.07,18
OZON,OZON (Внутр. реклама),Корзина,21.07 - 27.07,28
OZON,OZON (Внутр. реклама),Корзина,28.07 - 31.07,21
OZON,OZON (Внутр. реклама),Корзина,01.08 - 03.08,17
OZON,OZON (Внутр. реклама),Корзина,04.08 - 10.08,0
OZON,OZON (Внутр. реклама),Стоимост. клика,19.05 - 25.05,#DIV/0!
OZON,OZON (Внутр. реклама),Стоимост. клика,26.05 - 31.05,#DIV/0!
OZON,OZON (Внутр. реклама),Стоимост. клика,01.06 - 08.06,#DIV/0!
OZON,OZON (Внутр. реклама),Стоимост. клика,09.06 - 15.06,#DIV/0!
OZON,OZON (Внутр. реклама),Стоимост. клика,16.06 - 22.06,#DIV/0!
OZON,OZON (Внутр. реклама),Стоимост. клика,23.06 - 30.06,29.23349057
OZON,OZON (Внутр. реклама),Стоимост. клика,01.07 - 06.07,66.38918919
OZON,OZON (Внутр. реклама),Стоимост. клика,07.07 - 13.07,70.83919598
OZON,OZON (Внутр. реклама),Стоимост. клика,14.07 - 20.07,55.12396694
OZON,OZON (Внутр. реклама),Стоимост. клика,21.07 - 27.07,93.7751938
OZON,OZON (Внутр. реклама),Стоимост. клика,28.07 - 31.07,61.86138614
OZON,OZON (Внутр. реклама),Стоимост. клика,01.08 - 03.08,60.55657492
OZON,OZON (Внутр. реклама),Стоимост. клика,04.08 - 10.08,#DIV/0!
OZON,OZON (Внутр. реклама),Стоимост. сессии,19.05 - 25.05,#DIV/0!
OZON,OZON (Внутр. реклама),Стоимост. сессии,26.05 - 31.05,#DIV/0!
OZON,OZON (Внутр. реклама),Стоимост. сессии,01.06 - 08.06,#DIV/0!
OZON,OZON (Внутр. реклама),Стоимост. сессии,09.06 - 15.06,#DIV/0!
OZON,OZON (Внутр. реклама),Стоимост. сессии,16.06 - 22.06,#DIV/0!
OZON,OZON (Внутр. реклама),Стоимост. сессии,23.06 - 30.06,29.23349057
OZON,OZON (Внутр. реклама),Стоимост. сессии,01.07 - 06.07,66.38918919
OZON,OZON (Внутр. реклама),Стоимост. сессии,07.07 - 13.07,70.83919598
OZON,OZON (Внутр. реклама),Стоимост. сессии,14.07 - 20.07,55.12396694
OZON,OZON (Внутр. реклама),Стоимост. сессии,21.07 - 27.07,93.7751938
OZON,OZON (Внутр. реклама),Стоимост. сессии,28.07 - 31.07,61.86138614
OZON,OZON (Внутр. реклама),Стоимост. сессии,01.08 - 03.08,60.55657492
OZON,OZON (Внутр. реклама),Стоимост. сессии,04.08 - 10.08,#DIV/0!
OZON,OZON (Внутр. реклама),Стоимост. корзины,19.05 - 25.05,0
OZON,OZON (Внутр. реклама),Стоимост. корзины,26.05 - 31.05,0
OZON,OZON (Внутр. реклама),Стоимост. корзины,01.06 - 08.06,0
OZON,OZON (Внутр. реклама),Стоимост. корзины,09.06 - 15.06,0
OZON,OZON (Внутр. реклама),Стоимост. корзины,16.06 - 22.06,0
OZON,OZON (Внутр. реклама),Стоимост. корзины,23.06 - 30.06,281.7045455
OZON,OZON (Внутр. реклама),Стоимост. корзины,01.07 - 06.07,491.28
OZON,OZON (Внутр. реклама),Стоимост. корзины,07.07 - 13.07,522.1111111
OZON,OZON (Внутр. реклама),Стоимост. корзины,14.07 - 20.07,370.5555556
OZON,OZON (Внутр. реклама),Стоимост. корзины,21.07 - 27.07,432.0357143
OZON,OZON (Внутр. реклама),Стоимост. корзины,28.07 - 31.07,1190.095238
OZON,OZON (Внутр. реклама),Стоимост. корзины,01.08 - 03.08,1164.823529
OZON,OZON (Внутр. реклама),Стоимост. корзины,04.08 - 10.08,0
OZON,OZON (Внутр. реклама),% сессия / корзина,19.05 - 25.05,0
OZON,OZON (Внутр. реклама),% сессия / корзина,26.05 - 31.05,0
OZON,OZON (Внутр. реклама),% сессия / корзина,01.06 - 08.06,0
OZON,OZON (Внутр. реклама),% сессия / корзина,09.06 - 15.06,0
OZON,OZON (Внутр. реклама),% сессия / корзина,16.06 - 22.06,0
OZON,OZON (Внутр. реклама),% сессия / корзина,23.06 - 30.06,0.1037735849
OZON,OZON (Внутр. реклама),% сессия / корзина,01.07 - 06.07,0.1351351351
OZON,OZON (Внутр. реклама),% сессия / корзина,07.07 - 13.07,0.135678392
OZON,OZON (Внутр. реклама),% сессия / корзина,14.07 - 20.07,0.1487603306
OZON,OZON (Внутр. реклама),% сессия / корзина,21.07 - 27.07,0.2170542636
OZON,OZON (Внутр. реклама),% сессия / корзина,28.07 - 31.07,0.05198019802
OZON,OZON (Внутр. реклама),% сессия / корзина,01.08 - 03.08,0.05198776758
OZON,OZON (Внутр. реклама),% сессия / корзина,04.08 - 10.08,0
OZON,Оплата за заказ,Расход,19.05 - 25.05,
OZON,Оплата за заказ,Расход,26.05 - 31.05,
OZON,Оплата за заказ,Расход,01.06 - 08.06,
OZON,Оплата за заказ,Расход,09.06 - 15.06,
OZON,Оплата за заказ,Расход,16.06 - 22.06,
OZON,Оплата за заказ,Расход,23.06 - 30.06,12395.0
OZON,Оплата за заказ,Расход,01.07 - 06.07,12282.0
OZON,Оплата за заказ,Расход,07.07 - 13.07,14097.0
OZON,Оплата за заказ,Расход,14.07 - 20.07,6670.0
OZON,Оплата за заказ,Расход,21.07 - 27.07,12097.0
OZON,Оплата за заказ,Расход,28.07 - 31.07,2544
OZON,Оплата за заказ,Расход,01.08 - 03.08,2457
OZON,Оплата за заказ,Расход,04.08 - 10.08,
OZON,Оплата за заказ,Показы,19.05 - 25.05,
OZON,Оплата за заказ,Показы,26.05 - 31.05,
OZON,Оплата за заказ,Показы,01.06 - 08.06,
OZON,Оплата за заказ,Показы,09.06 - 15.06,
OZON,Оплата за заказ,Показы,16.06 - 22.06,
OZON,Оплата за заказ,Показы,23.06 - 30.06,33135.0
OZON,Оплата за заказ,Показы,01.07 - 06.07,10184.0
OZON,Оплата за заказ,Показы,07.07 - 13.07,9290.0
OZON,Оплата за заказ,Показы,14.07 - 20.07,5360.0
OZON,Оплата за заказ,Показы,21.07 - 27.07,4961.0
OZON,Оплата за заказ,Показы,28.07 - 31.07,2064.0
OZON,Оплата за заказ,Показы,01.08 - 03.08,1564.0
OZON,Оплата за заказ,Показы,04.08 - 10.08,
OZON,Оплата за заказ,Клики,19.05 - 25.05,
OZON,Оплата за заказ,Клики,26.05 - 31.05,
OZON,Оплата за заказ,Клики,01.06 - 08.06,
OZON,Оплата за заказ,Клики,09.06 - 15.06,
OZON,Оплата за заказ,Клики,16.06 - 22.06,
OZON,Оплата за заказ,Клики,23.06 - 30.06,424.0
OZON,Оплата за заказ,Клики,01.07 - 06.07,185.0
OZON,Оплата за заказ,Клики,07.07 - 13.07,199.0
OZON,Оплата за заказ,Клики,14.07 - 20.07,121.0
OZON,Оплата за заказ,Клики,21.07 - 27.07,129.0
OZON,Оплата за заказ,Клики,28.07 - 31.07,30.0
OZON,Оплата за заказ,Клики,01.08 - 03.08,24.0
OZON,Оплата за заказ,Клики,04.08 - 10.08,
OZON,Оплата за заказ,Сессии в OZON,19.05 - 25.05,
OZON,Оплата за заказ,Сессии в OZON,26.05 - 31.05,
OZON,Оплата за заказ,Сессии в OZON,01.06 - 08.06,
OZON,Оплата за заказ,Сессии в OZON,09.06 - 15.06,
OZON,Оплата за заказ,Сессии в OZON,16.06 - 22.06,
OZON,Оплата за заказ,Сессии в OZON,23.06 - 30.06,424
OZON,Оплата за заказ,Сессии в OZON,01.07 - 06.07,185
OZON,Оплата за заказ,Сессии в OZON,07.07 - 13.07,199
OZON,Оплата за заказ,Сессии в OZON,14.07 - 20.07,121
OZON,Оплата за заказ,Сессии в OZON,21.07 - 27.07,129
OZON,Оплата за заказ,Сессии в OZON,28.07 - 31.07,30
OZON,Оплата за заказ,Сессии в OZON,01.08 - 03.08,24
OZON,Оплата за заказ,Сессии в OZON,04.08 - 10.08,
OZON,Оплата за заказ,Корзина,19.05 - 25.05,
OZON,Оплата за заказ,Корзина,26.05 - 31.05,
OZON,Оплата за заказ,Корзина,01.06 - 08.06,
OZON,Оплата за заказ,Корзина,09.06 - 15.06,
OZON,Оплата за заказ,Корзина,16.06 - 22.06,
OZON,Оплата за заказ,Корзина,23.06 - 30.06,44.0
OZON,Оплата за заказ,Корзина,01.07 - 06.07,25.0
OZON,Оплата за заказ,Корзина,07.07 - 13.07,27.0
OZON,Оплата за заказ,Корзина,14.07 - 20.07,18.0
OZON,Оплата за заказ,Корзина,21.07 - 27.07,28.0
OZON,Оплата за заказ,Корзина,28.07 - 31.07,3.0
OZON,Оплата за заказ,Корзина,01.08 - 03.08,1.0
OZON,Оплата за заказ,Корзина,04.08 - 10.08,
OZON,Оплата за заказ,Стоимост. клика,19.05 - 25.05,#DIV/0!
OZON,Оплата за заказ,Стоимост. клика,26.05 - 31.05,#DIV/0!
OZON,Оплата за заказ,Стоимост. клика,01.06 - 08.06,#DIV/0!
OZON,Оплата за заказ,Стоимост. клика,09.06 - 15.06,#DIV/0!
OZON,Оплата за заказ,Стоимост. клика,16.06 - 22.06,#DIV/0!
OZON,Оплата за заказ,Стоимост. клика,23.06 - 30.06,29.23349057
OZON,Оплата за заказ,Стоимост. клика,01.07 - 06.07,66.38918919
OZON,Оплата за заказ,Стоимост. клика,07.07 - 13.07,70.83919598
OZON,Оплата за заказ,Стоимост. клика,14.07 - 20.07,55.12396694
OZON,Оплата за заказ,Стоимост. клика,21.07 - 27.07,93.7751938
OZON,Оплата за заказ,Стоимост. клика,28.07 - 31.07,84.8
OZON,Оплата за заказ,Стоимост. клика,01.08 - 03.08,102.375
OZON,Оплата за заказ,Стоимост. клика,04.08 - 10.08,#DIV/0!
OZON,Оплата за заказ,Стоимост. сессии,19.05 - 25.05,#DIV/0!
OZON,Оплата за заказ,Стоимост. сессии,26.05 - 31.05,#DIV/0!
OZON,Оплата за заказ,Стоимост. сессии,01.06 - 08.06,#DIV/0!
OZON,Оплата за заказ,Стоимост. сессии,09.06 - 15.06,#DIV/0!
OZON,Оплата за заказ,Стоимост. сессии,16.06 - 22.06,#DIV/0!
OZON,Оплата за заказ,Стоимост. сессии,23.06 - 30.06,29.23349057
OZON,Оплата за заказ,Стоимост. сессии,01.07 - 06.07,66.38918919
OZON,Оплата за заказ,Стоимост. сессии,07.07 - 13.07,70.83919598
OZON,Оплата за заказ,Стоимост. сессии,14.07 - 20.07,55.12396694
OZON,Оплата за заказ,Стоимост. сессии,21.07 - 27.07,93.7751938
OZON,Оплата за заказ,Стоимост. сессии,28.07 - 31.07,84.8
OZON,Оплата за заказ,Стоимост. сессии,01.08 - 03.08,102.375
OZON,Оплата за заказ,Стоимост. сессии,04.08 - 10.08,#DIV/0!
OZON,Оплата за заказ,Стоимост. корзины,19.05 - 25.05,
OZON,Оплата за заказ,Стоимост. корзины,26.05 - 31.05,
OZON,Оплата за заказ,Стоимост. корзины,01.06 - 08.06,
OZON,Оплата за заказ,Стоимост. корзины,09.06 - 15.06,
OZON,Оплата за заказ,Стоимост. корзины,16.06 - 22.06,
OZON,Оплата за заказ,Стоимост. корзины,23.06 - 30.06,281.7045455
OZON,Оплата за заказ,Стоимост. корзины,01.07 - 06.07,491.28
OZON,Оплата за заказ,Стоимост. корзины,07.07 - 13.07,522.1111111
OZON,Оплата за заказ,Стоимост. корзины,14.07 - 20.07,370.5555556
OZON,Оплата за заказ,Стоимост. корзины,21.07 - 27.07,432.0357143
OZON,Оплата за заказ,Стоимост. корзины,28.07 - 31.07,848
OZON,Оплата за заказ,Стоимост. корзины,01.08 - 03.08,2457
OZON,Оплата за заказ,Стоимост. корзины,04.08 - 10.08,
OZON,Оплата за заказ,% сессия / корзина,19.05 - 25.05,0
OZON,Оплата за заказ,% сессия / корзина,26.05 - 31.05,0
OZON,Оплата за заказ,% сессия / корзина,01.06 - 08.06,0
OZON,Оплата за заказ,% сессия / корзина,09.06 - 15.06,0
OZON,Оплата за заказ,% сессия / корзина,16.06 - 22.06,0
OZON,Оплата за заказ,% сессия / корзина,23.06 - 30.06,0.1037735849
OZON,Оплата за заказ,% сессия / корзина,01.07 - 06.07,0.1351351351
OZON,Оплата за заказ,% сессия / корзина,07.07 - 13.07,0.135678392
OZON,Оплата за заказ,% сессия / корзина,14.07 - 20.07,0.1487603306
OZON,Оплата за заказ,% сессия / корзина,21.07 - 27.07,0.2170542636
OZON,Оплата за заказ,% сессия / корзина,28.07 - 31.07,0.1
OZON,Оплата за заказ,% сессия / корзина,01.08 - 03.08,0.04166666667
OZON,Оплата за заказ,% сессия / корзина,04.08 - 10.08,0
OZON,Трафареты,Расход,19.05 - 25.05,
OZON,Трафареты,Расход,26.05 - 31.05,
OZON,Трафареты,Расход,01.06 - 08.06,
OZON,Трафареты,Расход,09.06 - 15.06,
OZON,Трафареты,Расход,16.06 - 22.06,
OZON,Трафареты,Расход,23.06 - 30.06,
OZON,Трафареты,Расход,01.07 - 06.07,
OZON,Трафареты,Расход,07.07 - 13.07,
OZON,Трафареты,Расход,14.07 - 20.07,
OZON,Трафареты,Расход,21.07 - 27.07,
OZON,Трафареты,Расход,28.07 - 31.07,8537.0
OZON,Трафареты,Расход,01.08 - 03.08,5411.0
OZON,Трафареты,Расход,04.08 - 10.08,
OZON,Трафареты,Показы,19.05 - 25.05,
OZON,Трафареты,Показы,26.05 - 31.05,
OZON,Трафареты,Показы,01.06 - 08.06,
OZON,Трафареты,Показы,09.06 - 15.06,
OZON,Трафареты,Показы,16.06 - 22.06,
OZON,Трафареты,Показы,23.06 - 30.06,
OZON,Трафареты,Показы,01.07 - 06.07,
OZON,Трафареты,Показы,07.07 - 13.07,
OZON,Трафареты,Показы,14.07 - 20.07,
OZON,Трафареты,Показы,21.07 - 27.07,
OZON,Трафареты,Показы,28.07 - 31.07,31158.0
OZON,Трафареты,Показы,01.08 - 03.08,13481.0
OZON,Трафареты,Показы,04.08 - 10.08,
OZON,Трафареты,Клики,19.05 - 25.05,
OZON,Трафареты,Клики,26.05 - 31.05,
OZON,Трафареты,Клики,01.06 - 08.06,
OZON,Трафареты,Клики,09.06 - 15.06,
OZON,Трафареты,Клики,16.06 - 22.06,
OZON,Трафареты,Клики,23.06 - 30.06,
OZON,Трафареты,Клики,01.07 - 06.07,
OZON,Трафареты,Клики,07.07 - 13.07,
OZON,Трафареты,Клики,14.07 - 20.07,
OZON,Трафареты,Клики,21.07 - 27.07,
OZON,Трафареты,Клики,28.07 - 31.07,224.0
OZON,Трафареты,Клики,01.08 - 03.08,141.0
OZON,Трафареты,Клики,04.08 - 10.08,
OZON,Трафареты,Сессии в OZON,19.05 - 25.05,
OZON,Трафареты,Сессии в OZON,26.05 - 31.05,
OZON,Трафареты,Сессии в OZON,01.06 - 08.06,
OZON,Трафареты,Сессии в OZON,09.06 - 15.06,
OZON,Трафареты,Сессии в OZON,16.06 - 22.06,
OZON,Трафареты,Сессии в OZON,23.06 - 30.06,
OZON,Трафареты,Сессии в OZON,01.07 - 06.07,
OZON,Трафареты,Сессии в OZON,07.07 - 13.07,
OZON,Трафареты,Сессии в OZON,14.07 - 20.07,
OZON,Трафареты,Сессии в OZON,21.07 - 27.07,
OZON,Трафареты,Сессии в OZON,28.07 - 31.07,224
OZON,Трафареты,Сессии в OZON,01.08 - 03.08,141
OZON,Трафареты,Сессии в OZON,04.08 - 10.08,
OZON,Трафареты,Корзина,19.05 - 25.05,
OZON,Трафареты,Корзина,26.05 - 31.05,
OZON,Трафареты,Корзина,01.06 - 08.06,
OZON,Трафареты,Корзина,09.06 - 15.06,
OZON,Трафареты,Корзина,16.06 - 22.06,
OZON,Трафареты,Корзина,23.06 - 30.06,
OZON,Трафареты,Корзина,01.07 - 06.07,
OZON,Трафареты,Корзина,07.07 - 13.07,
OZON,Трафареты,Корзина,14.07 - 20.07,
OZON,Трафареты,Корзина,21.07 - 27.07,
OZON,Трафареты,Корзина,28.07 - 31.07,8.0
OZON,Трафареты,Корзина,01.08 - 03.08,5.0
OZON,Трафареты,Корзина,04.08 - 10.08,
OZON,Трафареты,Стоимост. клика,19.05 - 25.05,#DIV/0!
OZON,Трафареты,Стоимост. клика,26.05 - 31.05,#DIV/0!
OZON,Трафареты,Стоимост. клика,01.06 - 08.06,#DIV/0!
OZON,Трафареты,Стоимост. клика,09.06 - 15.06,#DIV/0!
OZON,Трафареты,Стоимост. клика,16.06 - 22.06,#DIV/0!
OZON,Трафареты,Стоимост. клика,23.06 - 30.06,#DIV/0!
OZON,Трафареты,Стоимост. клика,01.07 - 06.07,#DIV/0!
OZON,Трафареты,Стоимост. клика,07.07 - 13.07,#DIV/0!
OZON,Трафареты,Стоимост. клика,14.07 - 20.07,#DIV/0!
OZON,Трафареты,Стоимост. клика,21.07 - 27.07,#DIV/0!
OZON,Трафареты,Стоимост. клика,28.07 - 31.07,38.11160714
OZON,Трафареты,Стоимост. клика,01.08 - 03.08,38.37588652
OZON,Трафареты,Стоимост. клика,04.08 - 10.08,#DIV/0!
OZON,Трафареты,Стоимост. сессии,19.05 - 25.05,#DIV/0!
OZON,Трафареты,Стоимост. сессии,26.05 - 31.05,#DIV/0!
OZON,Трафареты,Стоимост. сессии,01.06 - 08.06,#DIV/0!
OZON,Трафареты,Стоимост. сессии,09.06 - 15.06,#DIV/0!
OZON,Трафареты,Стоимост. сессии,16.06 - 22.06,#DIV/0!
OZON,Трафареты,Стоимост. сессии,23.06 - 30.06,#DIV/0!
OZON,Трафареты,Стоимост. сессии,01.07 - 06.07,#DIV/0!
OZON,Трафареты,Стоимост. сессии,07.07 - 13.07,#DIV/0!
OZON,Трафареты,Стоимост. сессии,14.07 - 20.07,#DIV/0!
OZON,Трафареты,Стоимост. сессии,21.07 - 27.07,#DIV/0!
OZON,Трафареты,Стоимост. сессии,28.07 - 31.07,38.11160714
OZON,Трафареты,Стоимост. сессии,01.08 - 03.08,38.37588652
OZON,Трафареты,Стоимост. сессии,04.08 - 10.08,#DIV/0!
OZON,Трафареты,Стоимост. корзины,19.05 - 25.05,
OZON,Трафареты,Стоимост. корзины,26.05 - 31.05,
OZON,Трафареты,Стоимост. корзины,01.06 - 08.06,
OZON,Трафареты,Стоимост. корзины,09.06 - 15.06,
OZON,Трафареты,Стоимост. корзины,16.06 - 22.06,
OZON,Трафареты,Стоимост. корзины,23.06 - 30.06,
OZON,Трафареты,Стоимост. корзины,01.07 - 06.07,
OZON,Трафареты,Стоимост. корзины,07.07 - 13.07,
OZON,Трафареты,Стоимост. корзины,14.07 - 20.07,
OZON,Трафареты,Стоимост. корзины,21.07 - 27.07,
OZON,Трафареты,Стоимост. корзины,28.07 - 31.07,1067.125
OZON,Трафареты,Стоимост. корзины,01.08 - 03.08,1082.2
OZON,Трафареты,Стоимост. корзины,04.08 - 10.08,
OZON,Трафареты,% сессия / корзина,19.05 - 25.05,0
OZON,Трафареты,% сессия / корзина,26.05 - 31.05,0
OZON,Трафареты,% сессия / корзина,01.06 - 08.06,0
OZON,Трафареты,% сессия / корзина,09.06 - 15.06,0
OZON,Трафареты,% сессия / корзина,16.06 - 22.06,0
OZON,Трафареты,% сессия / корзина,23.06 - 30.06,0
OZON,Трафареты,% сессия / корзина,01.07 - 06.07,0
OZON,Трафареты,% сессия / корзина,07.07 - 13.07,0
OZON,Трафареты,% сессия / корзина,14.07 - 20.07,0
OZON,Трафареты,% сессия / корзина,21.07 - 27.07,0
OZON,Трафареты,% сессия / корзина,28.07 - 31.07,0.03571428571
OZON,Трафареты,% сессия / корзина,01.08 - 03.08,0.03546099291
OZON,Трафареты,% сессия / корзина,04.08 - 10.08,0
OZON,Вывод в топ,Расход,19.05 - 25.05,
OZON,Вывод в топ,Расход,26.05 - 31.05,
OZON,Вывод в топ,Расход,01.06 - 08.06,
OZON,Вывод в топ,Расход,09.06 - 15.06,
OZON,Вывод в топ,Расход,16.06 - 22.06,
OZON,Вывод в топ,Расход,23.06 - 30.06,
OZON,Вывод в топ,Расход,01.07 - 06.07,
OZON,Вывод в топ,Расход,07.07 - 13.07,
OZON,Вывод в топ,Расход,14.07 - 20.07,
OZON,Вывод в топ,Расход,21.07 - 27.07,
OZON,Вывод в топ,Расход,28.07 - 31.07,5342.0
OZON,Вывод в топ,Расход,01.08 - 03.08,6397.0
OZON,Вывод в топ,Расход,04.08 - 10.08,
OZON,Вывод в топ,Показы,19.05 - 25.05,
OZON,Вывод в топ,Показы,26.05 - 31.05,
OZON,Вывод в топ,Показы,01.06 - 08.06,
OZON,Вывод в топ,Показы,09.06 - 15.06,
OZON,Вывод в топ,Показы,16.06 - 22.06,
OZON,Вывод в топ,Показы,23.06 - 30.06,
OZON,Вывод в топ,Показы,01.07 - 06.07,
OZON,Вывод в топ,Показы,07.07 - 13.07,
OZON,Вывод в топ,Показы,14.07 - 20.07,
OZON,Вывод в топ,Показы,21.07 - 27.07,
OZON,Вывод в топ,Показы,28.07 - 31.07,7027.0
OZON,Вывод в топ,Показы,01.08 - 03.08,9713.0
OZON,Вывод в топ,Показы,04.08 - 10.08,
OZON,Вывод в топ,Клики,19.05 - 25.05,
OZON,Вывод в топ,Клики,26.05 - 31.05,
OZON,Вывод в топ,Клики,01.06 - 08.06,
OZON,Вывод в топ,Клики,09.06 - 15.06,
OZON,Вывод в топ,Клики,16.06 - 22.06,
OZON,Вывод в топ,Клики,23.06 - 30.06,
OZON,Вывод в топ,Клики,01.07 - 06.07,
OZON,Вывод в топ,Клики,07.07 - 13.07,
OZON,Вывод в топ,Клики,14.07 - 20.07,
OZON,Вывод в топ,Клики,21.07 - 27.07,
OZON,Вывод в топ,Клики,28.07 - 31.07,88.0
OZON,Вывод в топ,Клики,01.08 - 03.08,105.0
OZON,Вывод в топ,Клики,04.08 - 10.08,
OZON,Вывод в топ,Сессии в OZON,19.05 - 25.05,
OZON,Вывод в топ,Сессии в OZON,26.05 - 31.05,
OZON,Вывод в топ,Сессии в OZON,01.06 - 08.06,
OZON,Вывод в топ,Сессии в OZON,09.06 - 15.06,
OZON,Вывод в топ,Сессии в OZON,16.06 - 22.06,
OZON,Вывод в топ,Сессии в OZON,23.06 - 30.06,
OZON,Вывод в топ,Сессии в OZON,01.07 - 06.07,
OZON,Вывод в топ,Сессии в OZON,07.07 - 13.07,
OZON,Вывод в топ,Сессии в OZON,14.07 - 20.07,
OZON,Вывод в топ,Сессии в OZON,21.07 - 27.07,
OZON,Вывод в топ,Сессии в OZON,28.07 - 31.07,88
OZON,Вывод в топ,Сессии в OZON,01.08 - 03.08,105
OZON,Вывод в топ,Сессии в OZON,04.08 - 10.08,
OZON,Вывод в топ,Корзина,19.05 - 25.05,
OZON,Вывод в топ,Корзина,26.05 - 31.05,
OZON,Вывод в топ,Корзина,01.06 - 08.06,
OZON,Вывод в топ,Корзина,09.06 - 15.06,
OZON,Вывод в топ,Корзина,16.06 - 22.06,
OZON,Вывод в топ,Корзина,23.06 - 30.06,
OZON,Вывод в топ,Корзина,01.07 - 06.07,
OZON,Вывод в топ,Корзина,07.07 - 13.07,
OZON,Вывод в топ,Корзина,14.07 - 20.07,
OZON,Вывод в топ,Корзина,21.07 - 27.07,
OZON,Вывод в топ,Корзина,28.07 - 31.07,8.0
OZON,Вывод в топ,Корзина,01.08 - 03.08,10.0
OZON,Вывод в топ,Корзина,04.08 - 10.08,
OZON,Вывод в топ,Стоимост. клика,19.05 - 25.05,#DIV/0!
OZON,Вывод в топ,Стоимост. клика,26.05 - 31.05,#DIV/0!
OZON,Вывод в топ,Стоимост. клика,01.06 - 08.06,#DIV/0!
OZON,Вывод в топ,Стоимост. клика,09.06 - 15.06,#DIV/0!
OZON,Вывод в топ,Стоимост. клика,16.06 - 22.06,#DIV/0!
OZON,Вывод в топ,Стоимост. клика,23.06 - 30.06,#DIV/0!
OZON,Вывод в топ,Стоимост. клика,01.07 - 06.07,#DIV/0!
OZON,Вывод в топ,Стоимост. клика,07.07 - 13.07,#DIV/0!
OZON,Вывод в топ,Стоимост. клика,14.07 - 20.07,#DIV/0!
OZON,Вывод в топ,Стоимост. клика,21.07 - 27.07,#DIV/0!
OZON,Вывод в топ,Стоимост. клика,28.07 - 31.07,60.70454545
OZON,Вывод в топ,Стоимост. клика,01.08 - 03.08,60.92380952
OZON,Вывод в топ,Стоимост. клика,04.08 - 10.08,#DIV/0!
OZON,Вывод в топ,Стоимост. сессии,19.05 - 25.05,#DIV/0!
OZON,Вывод в топ,Стоимост. сессии,26.05 - 31.05,#DIV/0!
OZON,Вывод в топ,Стоимост. сессии,01.06 - 08.06,#DIV/0!
OZON,Вывод в топ,Стоимост. сессии,09.06 - 15.06,#DIV/0!
OZON,Вывод в топ,Стоимост. сессии,16.06 - 22.06,#DIV/0!
OZON,Вывод в топ,Стоимост. сессии,23.06 - 30.06,#DIV/0!
OZON,Вывод в топ,Стоимост. сессии,01.07 - 06.07,#DIV/0!
OZON,Вывод в топ,Стоимост. сессии,07.07 - 13.07,#DIV/0!
OZON,Вывод в топ,Стоимост. сессии,14.07 - 20.07,#DIV/0!
OZON,Вывод в топ,Стоимост. сессии,21.07 - 27.07,#DIV/0!
OZON,Вывод в топ,Стоимост. сессии,28.07 - 31.07,60.70454545
OZON,Вывод в топ,Стоимост. сессии,01.08 - 03.08,60.92380952
OZON,Вывод в топ,Стоимост. сессии,04.08 - 10.08,#DIV/0!
OZON,Вывод в топ,Стоимост. корзины,19.05 - 25.05,
OZON,Вывод в топ,Стоимост. корзины,26.05 - 31.05,
OZON,Вывод в топ,Стоимост. корзины,01.06 - 08.06,
OZON,Вывод в топ,Стоимост. корзины,09.06 - 15.06,
OZON,Вывод в топ,Стоимост. корзины,16.06 - 22.06,
OZON,Вывод в топ,Стоимост. корзины,23.06 - 30.06,
OZON,Вывод в топ,Стоимост. корзины,01.07 - 06.07,
OZON,Вывод в топ,Стоимост. корзины,07.07 - 13.07,
OZON,Вывод в топ,Стоимост. корзины,14.07 - 20.07,
OZON,Вывод в топ,Стоимост. корзины,21.07 - 27.07,
OZON,Вывод в топ,Стоимост. корзины,28.07 - 31.07,667.75
OZON,Вывод в топ,Стоимост. корзины,01.08 - 03.08,639.7
OZON,Вывод в топ,Стоимост. корзины,04.08 - 10.08,
OZON,Вывод в топ,% сессия / корзина,19.05 - 25.05,0
OZON,Вывод в топ,% сессия / корзина,26.05 - 31.05,0
OZON,Вывод в топ,% сессия / корзина,01.06 - 08.06,0
OZON,Вывод в топ,% сессия / корзина,09.06 - 15.06,0
OZON,Вывод в топ,% сессия / корзина,16.06 - 22.06,0
OZON,Вывод в топ,% сессия / корзина,23.06 - 30.06,0
OZON,Вывод в топ,% сессия / корзина,01.07 - 06.07,0
OZON,Вывод в топ,% сессия / корзина,07.07 - 13.07,0
OZON,Вывод в топ,% сессия / корзина,14.07 - 20.07,0
OZON,Вывод в топ,% сессия / корзина,21.07 - 27.07,0
OZON,Вывод в топ,% сессия / корзина,28.07 - 31.07,0.09090909091
OZON,Вывод в топ,% сессия / корзина,01.08 - 03.08,0.09523809524
OZON,Вывод в топ,% сессия / корзина,04.08 - 10.08,0
OZON,Спецразмещение,Расход,19.05 - 25.05,
OZON,Спецразмещение,Расход,26.05 - 31.05,
OZON,Спецразмещение,Расход,01.06 - 08.06,
OZON,Спецразмещение,Расход,09.06 - 15.06,
OZON,Спецразмещение,Расход,16.06 - 22.06,
OZON,Спецразмещение,Расход,23.06 - 30.06,
OZON,Спецразмещение,Расход,01.07 - 06.07,
OZON,Спецразмещение,Расход,07.07 - 13.07,
OZON,Спецразмещение,Расход,14.07 - 20.07,
OZON,Спецразмещение,Расход,21.07 - 27.07,
OZON,Спецразмещение,Расход,28.07 - 31.07,8569.0
OZON,Спецразмещение,Расход,01.08 - 03.08,5537.0
OZON,Спецразмещение,Расход,04.08 - 10.08,
OZON,Спецразмещение,Показы,19.05 - 25.05,
OZON,Спецразмещение,Показы,26.05 - 31.05,
OZON,Спецразмещение,Показы,01.06 - 08.06,
OZON,Спецразмещение,Показы,09.06 - 15.06,
OZON,Спецразмещение,Показы,16.06 - 22.06,
OZON,Спецразмещение,Показы,23.06 - 30.06,
OZON,Спецразмещение,Показы,01.07 - 06.07,
OZON,Спецразмещение,Показы,07.07 - 13.07,
OZON,Спецразмещение,Показы,14.07 - 20.07,
OZON,Спецразмещение,Показы,21.07 - 27.07,
OZON,Спецразмещение,Показы,28.07 - 31.07,4708.0
OZON,Спецразмещение,Показы,01.08 - 03.08,4017.0
OZON,Спецразмещение,Показы,04.08 - 10.08,
OZON,Спецразмещение,Клики,19.05 - 25.05,
OZON,Спецразмещение,Клики,26.05 - 31.05,
OZON,Спецразмещение,Клики,01.06 - 08.06,
OZON,Спецразмещение,Клики,09.06 - 15.06,
OZON,Спецразмещение,Клики,16.06 - 22.06,
OZON,Спецразмещение,Клики,23.06 - 30.06,
OZON,Спецразмещение,Клики,01.07 - 06.07,
OZON,Спецразмещение,Клики,07.07 - 13.07,
OZON,Спецразмещение,Клики,14.07 - 20.07,
OZON,Спецразмещение,Клики,21.07 - 27.07,
OZON,Спецразмещение,Клики,28.07 - 31.07,62.0
OZON,Спецразмещение,Клики,01.08 - 03.08,57.0
OZON,Спецразмещение,Клики,04.08 - 10.08,
OZON,Спецразмещение,Сессии в OZON,19.05 - 25.05,
OZON,Спецразмещение,Сессии в OZON,26.05 - 31.05,
OZON,Спецразмещение,Сессии в OZON,01.06 - 08.06,
OZON,Спецразмещение,Сессии в OZON,09.06 - 15.06,
OZON,Спецразмещение,Сессии в OZON,16.06 - 22.06,
OZON,Спецразмещение,Сессии в OZON,23.06 - 30.06,
OZON,Спецразмещение,Сессии в OZON,01.07 - 06.07,
OZON,Спецразмещение,Сессии в OZON,07.07 - 13.07,
OZON,Спецразмещение,Сессии в OZON,14.07 - 20.07,
OZON,Спецразмещение,Сессии в OZON,21.07 - 27.07,
OZON,Спецразмещение,Сессии в OZON,28.07 - 31.07,62
OZON,Спецразмещение,Сессии в OZON,01.08 - 03.08,57
OZON,Спецразмещение,Сессии в OZON,04.08 - 10.08,
OZON,Спецразмещение,Корзина,19.05 - 25.05,
OZON,Спецразмещение,Корзина,26.05 - 31.05,
OZON,Спецразмещение,Корзина,01.06 - 08.06,
OZON,Спецразмещение,Корзина,09.06 - 15.06,
OZON,Спецразмещение,Корзина,16.06 - 22.06,
OZON,Спецразмещение,Корзина,23.06 - 30.06,
OZON,Спецразмещение,Корзина,01.07 - 06.07,
OZON,Спецразмещение,Корзина,07.07 - 13.07,
OZON,Спецразмещение,Корзина,14.07 - 20.07,
OZON,Спецразмещение,Корзина,21.07 - 27.07,
OZON,Спецразмещение,Корзина,28.07 - 31.07,2.0
OZON,Спецразмещение,Корзина,01.08 - 03.08,1.0
OZON,Спецразмещение,Корзина,04.08 - 10.08,
OZON,Спецразмещение,Стоимост. клика,19.05 - 25.05,#DIV/0!
OZON,Спецразмещение,Стоимост. клика,26.05 - 31.05,#DIV/0!
OZON,Спецразмещение,Стоимост. клика,01.06 - 08.06,#DIV/0!
OZON,Спецразмещение,Стоимост. клика,09.06 - 15.06,#DIV/0!
OZON,Спецразмещение,Стоимост. клика,16.06 - 22.06,#DIV/0!
OZON,Спецразмещение,Стоимост. клика,23.06 - 30.06,#DIV/0!
OZON,Спецразмещение,Стоимост. клика,01.07 - 06.07,#DIV/0!
OZON,Спецразмещение,Стоимост. клика,07.07 - 13.07,#DIV/0!
OZON,Спецразмещение,Стоимост. клика,14.07 - 20.07,#DIV/0!
OZON,Спецразмещение,Стоимост. клика,21.07 - 27.07,#DIV/0!
OZON,Спецразмещение,Стоимост. клика,28.07 - 31.07,138.2096774
OZON,Спецразмещение,Стоимост. клика,01.08 - 03.08,97.14035088
OZON,Спецразмещение,Стоимост. клика,04.08 - 10.08,#DIV/0!
OZON,Спецразмещение,Стоимост. сессии,19.05 - 25.05,#DIV/0!
OZON,Спецразмещение,Стоимост. сессии,26.05 - 31.05,#DIV/0!
OZON,Спецразмещение,Стоимост. сессии,01.06 - 08.06,#DIV/0!
OZON,Спецразмещение,Стоимост. сессии,09.06 - 15.06,#DIV/0!
OZON,Спецразмещение,Стоимост. сессии,16.06 - 22.06,#DIV/0!
OZON,Спецразмещение,Стоимост. сессии,23.06 - 30.06,#DIV/0!
OZON,Спецразмещение,Стоимост. сессии,01.07 - 06.07,#DIV/0!
OZON,Спецразмещение,Стоимост. сессии,07.07 - 13.07,#DIV/0!
OZON,Спецразмещение,Стоимост. сессии,14.07 - 20.07,#DIV/0!
OZON,Спецразмещение,Стоимост. сессии,21.07 - 27.07,#DIV/0!
OZON,Спецразмещение,Стоимост. сессии,28.07 - 31.07,138.2096774
OZON,Спецразмещение,Стоимост. сессии,01.08 - 03.08,97.14035088
OZON,Спецразмещение,Стоимост. сессии,04.08 - 10.08,#DIV/0!
OZON,Спецразмещение,Стоимост. корзины,19.05 - 25.05,
OZON,Спецразмещение,Стоимост. корзины,26.05 - 31.05,
OZON,Спецразмещение,Стоимост. корзины,01.06 - 08.06,
OZON,Спецразмещение,Стоимост. корзины,09.06 - 15.06,
OZON,Спецразмещение,Стоимост. корзины,16.06 - 22.06,
OZON,Спецразмещение,Стоимост. корзины,23.06 - 30.06,
OZON,Спецразмещение,Стоимост. корзины,01.07 - 06.07,
OZON,Спецразмещение,Стоимост. корзины,07.07 - 13.07,
OZON,Спецразмещение,Стоимост. корзины,14.07 - 20.07,
OZON,Спецразмещение,Стоимост. корзины,21.07 - 27.07,
OZON,Спецразмещение,Стоимост. корзины,28.07 - 31.07,4284.5
OZON,Спецразмещение,Стоимост. корзины,01.08 - 03.08,5537
OZON,Спецразмещение,Стоимост. корзины,04.08 - 10.08,
OZON,Спецразмещение,% сессия / корзина,19.05 - 25.05,0
OZON,Спецразмещение,% сессия / корзина,26.05 - 31.05,0
OZON,Спецразмещение,% сессия / корзина,01.06 - 08.06,0
OZON,Спецразмещение,% сессия / корзина,09.06 - 15.06,0
OZON,Спецразмещение,% сессия / корзина,16.06 - 22.06,0
OZON,Спецразмещение,% сессия / корзина,23.06 - 30.06,0
OZON,Спецразмещение,% сессия / корзина,01.07 - 06.07,0
OZON,Спецразмещение,% сессия / корзина,07.07 - 13.07,0
OZON,Спецразмещение,% сессия / корзина,14.07 - 20.07,0
OZON,Спецразмещение,% сессия / корзина,21.07 - 27.07,0
OZON,Спецразмещение,% сессия / корзина,28.07 - 31.07,0.03225806452
OZON,Спецразмещение,% сессия / корзина,01.08 - 03.08,0.01754385965
OZON,Спецразмещение,% сессия / корзина,04.08 - 10.08,0
OZON,Яндекс Директ,Расход,19.05 - 25.05,12639.67
OZON,Яндекс Директ,Расход,26.05 - 31.05,12495.9
OZON,Яндекс Директ,Расход,01.06 - 08.06,22863.03
OZON,Яндекс Директ,Расход,09.06 - 15.06,1.16
OZON,Яндекс Директ,Расход,16.06 - 22.06,14388.17
OZON,Яндекс Директ,Расход,23.06 - 30.06,4348.67
OZON,Яндекс Директ,Расход,01.07 - 06.07,4193.49
OZON,Яндекс Директ,Расход,07.07 - 13.07,1069.91
OZON,Яндекс Директ,Расход,14.07 - 20.07,0
OZON,Яндекс Директ,Расход,21.07 - 27.07,0
OZON,Яндекс Директ,Расход,28.07 - 31.07,0
OZON,Яндекс Директ,Расход,01.08 - 03.08,0
OZON,Яндекс Директ,Расход,04.08 - 10.08,0
OZON,Яндекс Директ,Показы,19.05 - 25.05,33105
OZON,Яндекс Директ,Показы,26.05 - 31.05,6751
OZON,Яндекс Директ,Показы,01.06 - 08.06,3884
OZON,Яндекс Директ,Показы,09.06 - 15.06,5
OZON,Яндекс Директ,Показы,16.06 - 22.06,1461
OZON,Яндекс Директ,Показы,23.06 - 30.06,884
OZON,Яндекс Директ,Показы,01.07 - 06.07,692
OZON,Яндекс Директ,Показы,07.07 - 13.07,268
OZON,Яндекс Директ,Показы,14.07 - 20.07,0
OZON,Яндекс Директ,Показы,21.07 - 27.07,0
OZON,Яндекс Директ,Показы,28.07 - 31.07,0
OZON,Яндекс Директ,Показы,01.08 - 03.08,0
OZON,Яндекс Директ,Показы,04.08 - 10.08,0
OZON,Яндекс Директ,Клики,19.05 - 25.05,4083
OZON,Яндекс Директ,Клики,26.05 - 31.05,771
OZON,Яндекс Директ,Клики,01.06 - 08.06,268
OZON,Яндекс Директ,Клики,09.06 - 15.06,1
OZON,Яндекс Директ,Клики,16.06 - 22.06,88
OZON,Яндекс Директ,Клики,23.06 - 30.06,62
OZON,Яндекс Директ,Клики,01.07 - 06.07,61
OZON,Яндекс Директ,Клики,07.07 - 13.07,20
OZON,Яндекс Директ,Клики,14.07 - 20.07,0
OZON,Яндекс Директ,Клики,21.07 - 27.07,0
OZON,Яндекс Директ,Клики,28.07 - 31.07,0
OZON,Яндекс Директ,Клики,01.08 - 03.08,0
OZON,Яндекс Директ,Клики,04.08 - 10.08,0
OZON,Яндекс Директ,Сессии в OZON,19.05 - 25.05,1713
OZON,Яндекс Директ,Сессии в OZON,26.05 - 31.05,464
OZON,Яндекс Директ,Сессии в OZON,01.06 - 08.06,207
OZON,Яндекс Директ,Сессии в OZON,09.06 - 15.06,0
OZON,Яндекс Директ,Сессии в OZON,16.06 - 22.06,44
OZON,Яндекс Директ,Сессии в OZON,23.06 - 30.06,42
OZON,Яндекс Директ,Сессии в OZON,01.07 - 06.07,51
OZON,Яндекс Директ,Сессии в OZON,07.07 - 13.07,4
OZON,Яндекс Директ,Сессии в OZON,14.07 - 20.07,0
OZON,Яндекс Директ,Сессии в OZON,21.07 - 27.07,0
OZON,Яндекс Директ,Сессии в OZON,28.07 - 31.07,0
OZON,Яндекс Директ,Сессии в OZON,01.08 - 03.08,0
OZON,Яндекс Директ,Сессии в OZON,04.08 - 10.08,0
OZON,Яндекс Директ,Корзина,19.05 - 25.05,9
OZON,Яндекс Директ,Корзина,26.05 - 31.05,2
OZON,Яндекс Директ,Корзина,01.06 - 08.06,1
OZON,Яндекс Директ,Корзина,09.06 - 15.06,0
OZON,Яндекс Директ,Корзина,16.06 - 22.06,0
OZON,Яндекс Директ,Корзина,23.06 - 30.06,1
OZON,Яндекс Директ,Корзина,01.07 - 06.07,0
OZON,Яндекс Директ,Корзина,07.07 - 13.07,0
OZON,Яндекс Директ,Корзина,14.07 - 20.07,0
OZON,Яндекс Директ,Корзина,21.07 - 27.07,0
OZON,Яндекс Директ,Корзина,28.07 - 31.07,0
OZON,Яндекс Директ,Корзина,01.08 - 03.08,0
OZON,Яндекс Директ,Корзина,04.08 - 10.08,0
OZON,Яндекс Директ,Стоимост. клика,19.05 - 25.05,3.095682096
OZON,Яндекс Директ,Стоимост. клика,26.05 - 31.05,16.207393
OZON,Яндекс Директ,Стоимост. клика,01.06 - 08.06,85.30981343
OZON,Яндекс Директ,Стоимост. клика,09.06 - 15.06,1.16
OZON,Яндекс Директ,Стоимост. клика,16.06 - 22.06,163.5019318
OZON,Яндекс Директ,Стоимост. клика,23.06 - 30.06,70.13983871
OZON,Яндекс Директ,Стоимост. клика,01.07 - 06.07,68.7457377
OZON,Яндекс Директ,Стоимост. клика,07.07 - 13.07,53.4955
OZON,Яндекс Директ,Стоимост. клика,14.07 - 20.07,#DIV/0!
OZON,Яндекс Директ,Стоимост. клика,21.07 - 27.07,#DIV/0!
OZON,Яндекс Директ,Стоимост. клика,28.07 - 31.07,#DIV/0!
OZON,Яндекс Директ,Стоимост. клика,01.08 - 03.08,#DIV/0!
OZON,Яндекс Директ,Стоимост. клика,04.08 - 10.08,#DIV/0!
OZON,Яндекс Директ,Стоимост. сессии,19.05 - 25.05,7.378674839
OZON,Яндекс Директ,Стоимост. сессии,26.05 - 31.05,26.93081897
OZON,Яндекс Директ,Стоимост. сессии,01.06 - 08.06,110.4494203
OZON,Яндекс Директ,Стоимост. сессии,09.06 - 15.06,#DIV/0!
OZON,Яндекс Директ,Стоимост. сессии,16.06 - 22.06,327.0038636
OZON,Яндекс Директ,Стоимост. сессии,23.06 - 30.06,103.5397619
OZON,Яндекс Директ,Стоимост. сессии,01.07 - 06.07,82.22529412
OZON,Яндекс Директ,Стоимост. сессии,07.07 - 13.07,267.4775
OZON,Яндекс Директ,Стоимост. сессии,14.07 - 20.07,#DIV/0!
OZON,Яндекс Директ,Стоимост. сессии,21.07 - 27.07,#DIV/0!
OZON,Яндекс Директ,Стоимост. сессии,28.07 - 31.07,#DIV/0!
OZON,Яндекс Директ,Стоимост. сессии,01.08 - 03.08,#DIV/0!
OZON,Яндекс Директ,Стоимост. сессии,04.08 - 10.08,#DIV/0!
OZON,Яндекс Директ,Стоимост. корзины,19.05 - 25.05,1404.407778
OZON,Яндекс Директ,Стоимост. корзины,26.05 - 31.05,6247.95
OZON,Яндекс Директ,Стоимост. корзины,01.06 - 08.06,22863.03
OZON,Яндекс Директ,Стоимост. корзины,09.06 - 15.06,1.16
OZON,Яндекс Директ,Стоимост. корзины,16.06 - 22.06,14388.17
OZON,Яндекс Директ,Стоимост. корзины,23.06 - 30.06,4348.67
OZON,Яндекс Директ,Стоимост. корзины,01.07 - 06.07,4193.49
OZON,Яндекс Директ,Стоимост. корзины,07.07 - 13.07,1069.91
OZON,Яндекс Директ,Стоимост. корзины,14.07 - 20.07,0
OZON,Яндекс Директ,Стоимост. корзины,21.07 - 27.07,0
OZON,Яндекс Директ,Стоимост. корзины,28.07 - 31.07,0
OZON,Яндекс Директ,Стоимост. корзины,01.08 - 03.08,0
OZON,Яндекс Директ,Стоимост. корзины,04.08 - 10.08,0
OZON,Яндекс Директ,% сессия / корзина,19.05 - 25.05,0.005253940455
OZON,Яндекс Директ,% сессия / корзина,26.05 - 31.05,0.004310344828
OZON,Яндекс Директ,% сессия / корзина,01.06 - 08.06,0.004830917874
OZON,Яндекс Директ,% сессия / корзина,09.06 - 15.06,0
OZON,Яндекс Директ,% сессия / корзина,16.06 - 22.06,0
OZON,Яндекс Директ,% сессия / корзина,23.06 - 30.06,0.02380952381
OZON,Яндекс Директ,% сессия / корзина,01.07 - 06.07,0
OZON,Яндекс Директ,% сессия / корзина,07.07 - 13.07,0
OZON,Яндекс Директ,% сессия / корзина,14.07 - 20.07,0
OZON,Яндекс Директ,% сессия / корзина,21.07 - 27.07,0
OZON,Яндекс Директ,% сессия / корзина,28.07 - 31.07,0
OZON,Яндекс Директ,% сессия / корзина,01.08 - 03.08,0
OZON,Яндекс Директ,% сессия / корзина,04.08 - 10.08,0
OZON,Единая перфоманс кампания (поиск),Расход,19.05 - 25.05,1596.44
OZON,Единая перфоманс кампания (поиск),Расход,26.05 - 31.05,10073.78
OZON,Единая перфоманс кампания (поиск),Расход,01.06 - 08.06,22863.03
OZON,Единая перфоманс кампания (поиск),Расход,09.06 - 15.06,1.16
OZON,Единая перфоманс кампания (поиск),Расход,16.06 - 22.06,14388.17
OZON,Единая перфоманс кампания (поиск),Расход,23.06 - 30.06,4348.67
OZON,Единая перфоманс кампания (поиск),Расход,01.07 - 06.07,4193.49
OZON,Единая перфоманс кампания (поиск),Расход,07.07 - 13.07,1069.91
OZON,Единая перфоманс кампания (поиск),Расход,14.07 - 20.07,
OZON,Единая перфоманс кампания (поиск),Расход,21.07 - 27.07,
OZON,Единая перфоманс кампания (поиск),Расход,28.07 - 31.07,
OZON,Единая перфоманс кампания (поиск),Расход,01.08 - 03.08,
OZON,Единая перфоманс кампания (поиск),Расход,04.08 - 10.08,
OZON,Единая перфоманс кампания (поиск),Показы,19.05 - 25.05,517.0
OZON,Единая перфоманс кампания (поиск),Показы,26.05 - 31.05,2074.0
OZON,Единая перфоманс кампания (поиск),Показы,01.06 - 08.06,3884.0
OZON,Единая перфоманс кампания (поиск),Показы,09.06 - 15.06,5.0
OZON,Единая перфоманс кампания (поиск),Показы,16.06 - 22.06,1461.0
OZON,Единая перфоманс кампания (поиск),Показы,23.06 - 30.06,884.0
OZON,Единая перфоманс кампания (поиск),Показы,01.07 - 06.07,692.0
OZON,Единая перфоманс кампания (поиск),Показы,07.07 - 13.07,268.0
OZON,Единая перфоманс кампания (поиск),Показы,14.07 - 20.07,
OZON,Единая перфоманс кампания (поиск),Показы,21.07 - 27.07,
OZON,Единая перфоманс кампания (поиск),Показы,28.07 - 31.07,
OZON,Единая перфоманс кампания (поиск),Показы,01.08 - 03.08,
OZON,Единая перфоманс кампания (поиск),Показы,04.08 - 10.08,
OZON,Единая перфоманс кампания (поиск),Клики,19.05 - 25.05,34.0
OZON,Единая перфоманс кампания (поиск),Клики,26.05 - 31.05,145.0
OZON,Единая перфоманс кампания (поиск),Клики,01.06 - 08.06,268.0
OZON,Единая перфоманс кампания (поиск),Клики,09.06 - 15.06,1.0
OZON,Единая перфоманс кампания (поиск),Клики,16.06 - 22.06,88.0
OZON,Единая перфоманс кампания (поиск),Клики,23.06 - 30.06,62.0
OZON,Единая перфоманс кампания (поиск),Клики,01.07 - 06.07,61.0
OZON,Единая перфоманс кампания (поиск),Клики,07.07 - 13.07,20.0
OZON,Единая перфоманс кампания (поиск),Клики,14.07 - 20.07,
OZON,Единая перфоманс кампания (поиск),Клики,21.07 - 27.07,
OZON,Единая перфоманс кампания (поиск),Клики,28.07 - 31.07,
OZON,Единая перфоманс кампания (поиск),Клики,01.08 - 03.08,
OZON,Единая перфоманс кампания (поиск),Клики,04.08 - 10.08,
OZON,Единая перфоманс кампания (поиск),Сессии в OZON,19.05 - 25.05,28.0
OZON,Единая перфоманс кампания (поиск),Сессии в OZON,26.05 - 31.05,119.0
OZON,Единая перфоманс кампания (поиск),Сессии в OZON,01.06 - 08.06,207.0
OZON,Единая перфоманс кампания (поиск),Сессии в OZON,09.06 - 15.06,0.0
OZON,Единая перфоманс кампания (поиск),Сессии в OZON,16.06 - 22.06,44.0
OZON,Единая перфоманс кампания (поиск),Сессии в OZON,23.06 - 30.06,42.0
OZON,Единая перфоманс кампания (поиск),Сессии в OZON,01.07 - 06.07,51.0
OZON,Единая перфоманс кампания (поиск),Сессии в OZON,07.07 - 13.07,4.0
OZON,Единая перфоманс кампания (поиск),Сессии в OZON,14.07 - 20.07,
OZON,Единая перфоманс кампания (поиск),Сессии в OZON,21.07 - 27.07,
OZON,Единая перфоманс кампания (поиск),Сессии в OZON,28.07 - 31.07,
OZON,Единая перфоманс кампания (поиск),Сессии в OZON,01.08 - 03.08,
OZON,Единая перфоманс кампания (поиск),Сессии в OZON,04.08 - 10.08,
OZON,Единая перфоманс кампания (поиск),Корзина,19.05 - 25.05,3.0
OZON,Единая перфоманс кампания (поиск),Корзина,26.05 - 31.05,2.0
OZON,Единая перфоманс кампания (поиск),Корзина,01.06 - 08.06,1.0
OZON,Единая перфоманс кампания (поиск),Корзина,09.06 - 15.06,0.0
OZON,Единая перфоманс кампания (поиск),Корзина,16.06 - 22.06,0.0
OZON,Единая перфоманс кампания (поиск),Корзина,23.06 - 30.06,1.0
OZON,Единая перфоманс кампания (поиск),Корзина,01.07 - 06.07,0.0
OZON,Единая перфоманс кампания (поиск),Корзина,07.07 - 13.07,0.0
OZON,Единая перфоманс кампания (поиск),Корзина,14.07 - 20.07,
OZON,Единая перфоманс кампания (поиск),Корзина,21.07 - 27.07,
OZON,Единая перфоманс кампания (поиск),Корзина,28.07 - 31.07,
OZON,Единая перфоманс кампания (поиск),Корзина,01.08 - 03.08,
OZON,Единая перфоманс кампания (поиск),Корзина,04.08 - 10.08,
OZON,Единая перфоманс кампания (поиск),Стоимост. клика,19.05 - 25.05,46.95411765
OZON,Единая перфоманс кампания (поиск),Стоимост. клика,26.05 - 31.05,69.47434483
OZON,Единая перфоманс кампания (поиск),Стоимост. клика,01.06 - 08.06,85.30981343
OZON,Единая перфоманс кампания (поиск),Стоимост. клика,09.06 - 15.06,1.16
OZON,Единая перфоманс кампания (поиск),Стоимост. клика,16.06 - 22.06,163.5019318
OZON,Единая перфоманс кампания (поиск),Стоимост. клика,23.06 - 30.06,70.13983871
OZON,Единая перфоманс кампания (поиск),Стоимост. клика,01.07 - 06.07,68.7457377
OZON,Единая перфоманс кампания (поиск),Стоимост. клика,07.07 - 13.07,53.4955
OZON,Единая перфоманс кампания (поиск),Стоимост. клика,14.07 - 20.07,#DIV/0!
OZON,Единая перфоманс кампания (поиск),Стоимост. клика,21.07 - 27.07,#DIV/0!
OZON,Единая перфоманс кампания (поиск),Стоимост. клика,28.07 - 31.07,#DIV/0!
OZON,Единая перфоманс кампания (поиск),Стоимост. клика,01.08 - 03.08,#DIV/0!
OZON,Единая перфоманс кампания (поиск),Стоимост. клика,04.08 - 10.08,#DIV/0!
OZON,Единая перфоманс кампания (поиск),Стоимост. сессии,19.05 - 25.05,57.01571429
OZON,Единая перфоманс кампания (поиск),Стоимост. сессии,26.05 - 31.05,84.65361345
OZON,Единая перфоманс кампания (поиск),Стоимост. сессии,01.06 - 08.06,110.4494203
OZON,Единая перфоманс кампания (поиск),Стоимост. сессии,09.06 - 15.06,#DIV/0!
OZON,Единая перфоманс кампания (поиск),Стоимост. сессии,16.06 - 22.06,327.0038636
OZON,Единая перфоманс кампания (поиск),Стоимост. сессии,23.06 - 30.06,103.5397619
OZON,Единая перфоманс кампания (поиск),Стоимост. сессии,01.07 - 06.07,82.22529412
OZON,Единая перфоманс кампания (поиск),Стоимост. сессии,07.07 - 13.07,267.4775
OZON,Единая перфоманс кампания (поиск),Стоимост. сессии,14.07 - 20.07,#DIV/0!
OZON,Единая перфоманс кампания (поиск),Стоимост. сессии,21.07 - 27.07,#DIV/0!
OZON,Единая перфоманс кампания (поиск),Стоимост. сессии,28.07 - 31.07,#DIV/0!
OZON,Единая перфоманс кампания (поиск),Стоимост. сессии,01.08 - 03.08,#DIV/0!
OZON,Единая перфоманс кампания (поиск),Стоимост. сессии,04.08 - 10.08,#DIV/0!
OZON,Единая перфоманс кампания (поиск),Стоимост. корзины,19.05 - 25.05,532.1466667
OZON,Единая перфоманс кампания (поиск),Стоимост. корзины,26.05 - 31.05,5036.89
OZON,Единая перфоманс кампания (поиск),Стоимост. корзины,01.06 - 08.06,22863.03
OZON,Единая перфоманс кампания (поиск),Стоимост. корзины,09.06 - 15.06,1.16
OZON,Единая перфоманс кампания (поиск),Стоимост. корзины,16.06 - 22.06,14388.17
OZON,Единая перфоманс кампания (поиск),Стоимост. корзины,23.06 - 30.06,4348.67
OZON,Единая перфоманс кампания (поиск),Стоимост. корзины,01.07 - 06.07,4193.49
OZON,Единая перфоманс кампания (поиск),Стоимост. корзины,07.07 - 13.07,1069.91
OZON,Единая перфоманс кампания (поиск),Стоимост. корзины,14.07 - 20.07,
OZON,Единая перфоманс кампания (поиск),Стоимост. корзины,21.07 - 27.07,
OZON,Единая перфоманс кампания (поиск),Стоимост. корзины,28.07 - 31.07,
OZON,Единая перфоманс кампания (поиск),Стоимост. корзины,01.08 - 03.08,
OZON,Единая перфоманс кампания (поиск),Стоимост. корзины,04.08 - 10.08,
OZON,Единая перфоманс кампания (поиск),% сессия / корзина,19.05 - 25.05,0.1071428571
OZON,Единая перфоманс кампания (поиск),% сессия / корзина,26.05 - 31.05,0.01680672269
OZON,Единая перфоманс кампания (поиск),% сессия / корзина,01.06 - 08.06,0.004830917874
OZON,Единая перфоманс кампания (поиск),% сессия / корзина,09.06 - 15.06,0
OZON,Единая перфоманс кампания (поиск),% сессия / корзина,16.06 - 22.06,0
OZON,Единая перфоманс кампания (поиск),% сессия / корзина,23.06 - 30.06,0.02380952381
OZON,Единая перфоманс кампания (поиск),% сессия / корзина,01.07 - 06.07,0
OZON,Единая перфоманс кампания (поиск),% сессия / корзина,07.07 - 13.07,0
OZON,Единая перфоманс кампания (поиск),% сессия / корзина,14.07 - 20.07,0
OZON,Единая перфоманс кампания (поиск),% сессия / корзина,21.07 - 27.07,0
OZON,Единая перфоманс кампания (поиск),% сессия / корзина,28.07 - 31.07,0
OZON,Единая перфоманс кампания (поиск),% сессия / корзина,01.08 - 03.08,0
OZON,Единая перфоманс кампания (поиск),% сессия / корзина,04.08 - 10.08,0
OZON,Продажи на маркетплейсах,Расход,19.05 - 25.05,9173.41
OZON,Продажи на маркетплейсах,Расход,26.05 - 31.05,1571.14
OZON,Продажи на маркетплейсах,Расход,01.06 - 08.06,
OZON,Продажи на маркетплейсах,Расход,09.06 - 15.06,
OZON,Продажи на маркетплейсах,Расход,16.06 - 22.06,
OZON,Продажи на маркетплейсах,Расход,23.06 - 30.06,
OZON,Продажи на маркетплейсах,Расход,01.07 - 06.07,
OZON,Продажи на маркетплейсах,Расход,07.07 - 13.07,
OZON,Продажи на маркетплейсах,Расход,14.07 - 20.07,
OZON,Продажи на маркетплейсах,Расход,21.07 - 27.07,
OZON,Продажи на маркетплейсах,Расход,28.07 - 31.07,
OZON,Продажи на маркетплейсах,Расход,01.08 - 03.08,
OZON,Продажи на маркетплейсах,Расход,04.08 - 10.08,
OZON,Продажи на маркетплейсах,Показы,19.05 - 25.05,22171.0
OZON,Продажи на маркетплейсах,Показы,26.05 - 31.05,2498.0
OZON,Продажи на маркетплейсах,Показы,01.06 - 08.06,
OZON,Продажи на маркетплейсах,Показы,09.06 - 15.06,
OZON,Продажи на маркетплейсах,Показы,16.06 - 22.06,
OZON,Продажи на маркетплейсах,Показы,23.06 - 30.06,
OZON,Продажи на маркетплейсах,Показы,01.07 - 06.07,
OZON,Продажи на маркетплейсах,Показы,07.07 - 13.07,
OZON,Продажи на маркетплейсах,Показы,14.07 - 20.07,
OZON,Продажи на маркетплейсах,Показы,21.07 - 27.07,
OZON,Продажи на маркетплейсах,Показы,28.07 - 31.07,
OZON,Продажи на маркетплейсах,Показы,01.08 - 03.08,
OZON,Продажи на маркетплейсах,Показы,04.08 - 10.08,
OZON,Продажи на маркетплейсах,Клики,19.05 - 25.05,3331.0
OZON,Продажи на маркетплейсах,Клики,26.05 - 31.05,468.0
OZON,Продажи на маркетплейсах,Клики,01.06 - 08.06,
OZON,Продажи на маркетплейсах,Клики,09.06 - 15.06,
OZON,Продажи на маркетплейсах,Клики,16.06 - 22.06,
OZON,Продажи на маркетплейсах,Клики,23.06 - 30.06,
OZON,Продажи на маркетплейсах,Клики,01.07 - 06.07,
OZON,Продажи на маркетплейсах,Клики,07.07 - 13.07,
OZON,Продажи на маркетплейсах,Клики,14.07 - 20.07,
OZON,Продажи на маркетплейсах,Клики,21.07 - 27.07,
OZON,Продажи на маркетплейсах,Клики,28.07 - 31.07,
OZON,Продажи на маркетплейсах,Клики,01.08 - 03.08,
OZON,Продажи на маркетплейсах,Клики,04.08 - 10.08,
OZON,Продажи на маркетплейсах,Сессии в OZON,19.05 - 25.05,1679.0
OZON,Продажи на маркетплейсах,Сессии в OZON,26.05 - 31.05,345.0
OZON,Продажи на маркетплейсах,Сессии в OZON,01.06 - 08.06,
OZON,Продажи на маркетплейсах,Сессии в OZON,09.06 - 15.06,
OZON,Продажи на маркетплейсах,Сессии в OZON,16.06 - 22.06,
OZON,Продажи на маркетплейсах,Сессии в OZON,23.06 - 30.06,
OZON,Продажи на маркетплейсах,Сессии в OZON,01.07 - 06.07,
OZON,Продажи на маркетплейсах,Сессии в OZON,07.07 - 13.07,
OZON,Продажи на маркетплейсах,Сессии в OZON,14.07 - 20.07,
OZON,Продажи на маркетплейсах,Сессии в OZON,21.07 - 27.07,
OZON,Продажи на маркетплейсах,Сессии в OZON,28.07 - 31.07,
OZON,Продажи на маркетплейсах,Сессии в OZON,01.08 - 03.08,
OZON,Продажи на маркетплейсах,Сессии в OZON,04.08 - 10.08,
OZON,Продажи на маркетплейсах,Корзина,19.05 - 25.05,6.0
OZON,Продажи на маркетплейсах,Корзина,26.05 - 31.05,0.0
OZON,Продажи на маркетплейсах,Корзина,01.06 - 08.06,
OZON,Продажи на маркетплейсах,Корзина,09.06 - 15.06,
OZON,Продажи на маркетплейсах,Корзина,16.06 - 22.06,
OZON,Продажи на маркетплейсах,Корзина,23.06 - 30.06,
OZON,Продажи на маркетплейсах,Корзина,01.07 - 06.07,
OZON,Продажи на маркетплейсах,Корзина,07.07 - 13.07,
OZON,Продажи на маркетплейсах,Корзина,14.07 - 20.07,
OZON,Продажи на маркетплейсах,Корзина,21.07 - 27.07,
OZON,Продажи на маркетплейсах,Корзина,28.07 - 31.07,
OZON,Продажи на маркетплейсах,Корзина,01.08 - 03.08,
OZON,Продажи на маркетплейсах,Корзина,04.08 - 10.08,
OZON,Продажи на маркетплейсах,Стоимост. клика,19.05 - 25.05,2.753950766
OZON,Продажи на маркетплейсах,Стоимост. клика,26.05 - 31.05,3.357136752
OZON,Продажи на маркетплейсах,Стоимост. клика,01.06 - 08.06,#DIV/0!
OZON,Продажи на маркетплейсах,Стоимост. клика,09.06 - 15.06,#DIV/0!
OZON,Продажи на маркетплейсах,Стоимост. клика,16.06 - 22.06,#DIV/0!
OZON,Продажи на маркетплейсах,Стоимост. клика,23.06 - 30.06,#DIV/0!
OZON,Продажи на маркетплейсах,Стоимост. клика,01.07 - 06.07,#DIV/0!
OZON,Продажи на маркетплейсах,Стоимост. клика,07.07 - 13.07,#DIV/0!
OZON,Продажи на маркетплейсах,Стоимост. клика,14.07 - 20.07,#DIV/0!
OZON,Продажи на маркетплейсах,Стоимост. клика,21.07 - 27.07,#DIV/0!
OZON,Продажи на маркетплейсах,Стоимост. клика,28.07 - 31.07,#DIV/0!
OZON,Продажи на маркетплейсах,Стоимост. клика,01.08 - 03.08,#DIV/0!
OZON,Продажи на маркетплейсах,Стоимост. клика,04.08 - 10.08,#DIV/0!
OZON,Продажи на маркетплейсах,Стоимост. сессии,19.05 - 25.05,5.463615247
OZON,Продажи на маркетплейсах,Стоимост. сессии,26.05 - 31.05,4.554028986
OZON,Продажи на маркетплейсах,Стоимост. сессии,01.06 - 08.06,#DIV/0!
OZON,Продажи на маркетплейсах,Стоимост. сессии,09.06 - 15.06,#DIV/0!
OZON,Продажи на маркетплейсах,Стоимост. сессии,16.06 - 22.06,#DIV/0!
OZON,Продажи на маркетплейсах,Стоимост. сессии,23.06 - 30.06,#DIV/0!
OZON,Продажи на маркетплейсах,Стоимост. сессии,01.07 - 06.07,#DIV/0!
OZON,Продажи на маркетплейсах,Стоимост. сессии,07.07 - 13.07,#DIV/0!
OZON,Продажи на маркетплейсах,Стоимост. сессии,14.07 - 20.07,#DIV/0!
OZON,Продажи на маркетплейсах,Стоимост. сессии,21.07 - 27.07,#DIV/0!
OZON,Продажи на маркетплейсах,Стоимост. сессии,28.07 - 31.07,#DIV/0!
OZON,Продажи на маркетплейсах,Стоимост. сессии,01.08 - 03.08,#DIV/0!
OZON,Продажи на маркетплейсах,Стоимост. сессии,04.08 - 10.08,#DIV/0!
OZON,Продажи на маркетплейсах,Стоимост. корзины,19.05 - 25.05,1528.901667
OZON,Продажи на маркетплейсах,Стоимост. корзины,26.05 - 31.05,1571.14
OZON,Продажи на маркетплейсах,Стоимост. корзины,01.06 - 08.06,
OZON,Продажи на маркетплейсах,Стоимост. корзины,09.06 - 15.06,
OZON,Продажи на маркетплейсах,Стоимост. корзины,16.06 - 22.06,
OZON,Продажи на маркетплейсах,Стоимост. корзины,23.06 - 30.06,
OZON,Продажи на маркетплейсах,Стоимост. корзины,01.07 - 06.07,
OZON,Продажи на маркетплейсах,Стоимост. корзины,07.07 - 13.07,
OZON,Продажи на маркетплейсах,Стоимост. корзины,14.07 - 20.07,
OZON,Продажи на маркетплейсах,Стоимост. корзины,21.07 - 27.07,
OZON,Продажи на маркетплейсах,Стоимост. корзины,28.07 - 31.07,
OZON,Продажи на маркетплейсах,Стоимост. корзины,01.08 - 03.08,
OZON,Продажи на маркетплейсах,Стоимост. корзины,04.08 - 10.08,
OZON,Продажи на маркетплейсах,% сессия / корзина,19.05 - 25.05,0.003573555688
OZON,Продажи на маркетплейсах,% сессия / корзина,26.05 - 31.05,0
OZON,Продажи на маркетплейсах,% сессия / корзина,01.06 - 08.06,0
OZON,Продажи на маркетплейсах,% сессия / корзина,09.06 - 15.06,0
OZON,Продажи на маркетплейсах,% сессия / корзина,16.06 - 22.06,0
OZON,Продажи на маркетплейсах,% сессия / корзина,23.06 - 30.06,0
OZON,Продажи на маркетплейсах,% сессия / корзина,01.07 - 06.07,0
OZON,Продажи на маркетплейсах,% сессия / корзина,07.07 - 13.07,0
OZON,Продажи на маркетплейсах,% сессия / корзина,14.07 - 20.07,0
OZON,Продажи на маркетплейсах,% сессия / корзина,21.07 - 27.07,0
OZON,Продажи на маркетплейсах,% сессия / корзина,28.07 - 31.07,0
OZON,Продажи на маркетплейсах,% сессия / корзина,01.08 - 03.08,0
OZON,Продажи на маркетплейсах,% сессия / корзина,04.08 - 10.08,0
OZON,Продвижение телеграм-канала,Расход,19.05 - 25.05,1869.82
OZON,Продвижение телеграм-канала,Расход,26.05 - 31.05,850.98
OZON,Продвижение телеграм-канала,Расход,01.06 - 08.06,
OZON,Продвижение телеграм-канала,Расход,09.06 - 15.06,
OZON,Продвижение телеграм-канала,Расход,16.06 - 22.06,
OZON,Продвижение телеграм-канала,Расход,23.06 - 30.06,
OZON,Продвижение телеграм-канала,Расход,01.07 - 06.07,
OZON,Продвижение телеграм-канала,Расход,07.07 - 13.07,
OZON,Продвижение телеграм-канала,Расход,14.07 - 20.07,
OZON,Продвижение телеграм-канала,Расход,21.07 - 27.07,
OZON,Продвижение телеграм-канала,Расход,28.07 - 31.07,
OZON,Продвижение телеграм-канала,Расход,01.08 - 03.08,
OZON,Продвижение телеграм-канала,Расход,04.08 - 10.08,
OZON,Продвижение телеграм-канала,Показы,19.05 - 25.05,10417.0
OZON,Продвижение телеграм-канала,Показы,26.05 - 31.05,2179.0
OZON,Продвижение телеграм-канала,Показы,01.06 - 08.06,
OZON,Продвижение телеграм-канала,Показы,09.06 - 15.06,
OZON,Продвижение телеграм-канала,Показы,16.06 - 22.06,
OZON,Продвижение телеграм-канала,Показы,23.06 - 30.06,
OZON,Продвижение телеграм-канала,Показы,01.07 - 06.07,
OZON,Продвижение телеграм-канала,Показы,07.07 - 13.07,
OZON,Продвижение телеграм-канала,Показы,14.07 - 20.07,
OZON,Продвижение телеграм-канала,Показы,21.07 - 27.07,
OZON,Продвижение телеграм-канала,Показы,28.07 - 31.07,
OZON,Продвижение телеграм-канала,Показы,01.08 - 03.08,
OZON,Продвижение телеграм-канала,Показы,04.08 - 10.08,
OZON,Продвижение телеграм-канала,Клики,19.05 - 25.05,718.0
OZON,Продвижение телеграм-канала,Клики,26.05 - 31.05,158.0
OZON,Продвижение телеграм-канала,Клики,01.06 - 08.06,
OZON,Продвижение телеграм-канала,Клики,09.06 - 15.06,
OZON,Продвижение телеграм-канала,Клики,16.06 - 22.06,
OZON,Продвижение телеграм-канала,Клики,23.06 - 30.06,
OZON,Продвижение телеграм-канала,Клики,01.07 - 06.07,
OZON,Продвижение телеграм-канала,Клики,07.07 - 13.07,
OZON,Продвижение телеграм-канала,Клики,14.07 - 20.07,
OZON,Продвижение телеграм-канала,Клики,21.07 - 27.07,
OZON,Продвижение телеграм-канала,Клики,28.07 - 31.07,
OZON,Продвижение телеграм-канала,Клики,01.08 - 03.08,
OZON,Продвижение телеграм-канала,Клики,04.08 - 10.08,
OZON,Продвижение телеграм-канала,Сессии в OZON,19.05 - 25.05,6.0
OZON,Продвижение телеграм-канала,Сессии в OZON,26.05 - 31.05,0.0
OZON,Продвижение телеграм-канала,Сессии в OZON,01.06 - 08.06,
OZON,Продвижение телеграм-канала,Сессии в OZON,09.06 - 15.06,
OZON,Продвижение телеграм-канала,Сессии в OZON,16.06 - 22.06,
OZON,Продвижение телеграм-канала,Сессии в OZON,23.06 - 30.06,
OZON,Продвижение телеграм-канала,Сессии в OZON,01.07 - 06.07,
OZON,Продвижение телеграм-канала,Сессии в OZON,07.07 - 13.07,
OZON,Продвижение телеграм-канала,Сессии в OZON,14.07 - 20.07,
OZON,Продвижение телеграм-канала,Сессии в OZON,21.07 - 27.07,
OZON,Продвижение телеграм-канала,Сессии в OZON,28.07 - 31.07,
OZON,Продвижение телеграм-канала,Сессии в OZON,01.08 - 03.08,
OZON,Продвижение телеграм-канала,Сессии в OZON,04.08 - 10.08,
OZON,Продвижение телеграм-канала,Корзина,19.05 - 25.05,0.0
OZON,Продвижение телеграм-канала,Корзина,26.05 - 31.05,0.0
OZON,Продвижение телеграм-канала,Корзина,01.06 - 08.06,
OZON,Продвижение телеграм-канала,Корзина,09.06 - 15.06,
OZON,Продвижение телеграм-канала,Корзина,16.06 - 22.06,
OZON,Продвижение телеграм-канала,Корзина,23.06 - 30.06,
OZON,Продвижение телеграм-канала,Корзина,01.07 - 06.07,
OZON,Продвижение телеграм-канала,Корзина,07.07 - 13.07,
OZON,Продвижение телеграм-канала,Корзина,14.07 - 20.07,
OZON,Продвижение телеграм-канала,Корзина,21.07 - 27.07,
OZON,Продвижение телеграм-канала,Корзина,28.07 - 31.07,
OZON,Продвижение телеграм-канала,Корзина,01.08 - 03.08,
OZON,Продвижение телеграм-канала,Корзина,04.08 - 10.08,
OZON,Продвижение телеграм-канала,Стоимост. клика,19.05 - 25.05,2.604206128
OZON,Продвижение телеграм-канала,Стоимост. клика,26.05 - 31.05,5.385949367
OZON,Продвижение телеграм-канала,Стоимост. клика,01.06 - 08.06,#DIV/0!
OZON,Продвижение телеграм-канала,Стоимост. клика,09.06 - 15.06,#DIV/0!
OZON,Продвижение телеграм-канала,Стоимост. клика,16.06 - 22.06,#DIV/0!
OZON,Продвижение телеграм-канала,Стоимост. клика,23.06 - 30.06,#DIV/0!
OZON,Продвижение телеграм-канала,Стоимост. клика,01.07 - 06.07,#DIV/0!
OZON,Продвижение телеграм-канала,Стоимост. клика,07.07 - 13.07,#DIV/0!
OZON,Продвижение телеграм-канала,Стоимост. клика,14.07 - 20.07,#DIV/0!
OZON,Продвижение телеграм-канала,Стоимост. клика,21.07 - 27.07,#DIV/0!
OZON,Продвижение телеграм-канала,Стоимост. клика,28.07 - 31.07,#DIV/0!
OZON,Продвижение телеграм-канала,Стоимост. клика,01.08 - 03.08,#DIV/0!
OZON,Продвижение телеграм-канала,Стоимост. клика,04.08 - 10.08,#DIV/0!
OZON,Продвижение телеграм-канала,Стоимост. сессии,19.05 - 25.05,311.6366667
OZON,Продвижение телеграм-канала,Стоимост. сессии,26.05 - 31.05,#DIV/0!
OZON,Продвижение телеграм-канала,Стоимост. сессии,01.06 - 08.06,#DIV/0!
OZON,Продвижение телеграм-канала,Стоимост. сессии,09.06 - 15.06,#DIV/0!
OZON,Продвижение телеграм-канала,Стоимост. сессии,16.06 - 22.06,#DIV/0!
OZON,Продвижение телеграм-канала,Стоимост. сессии,23.06 - 30.06,#DIV/0!
OZON,Продвижение телеграм-канала,Стоимост. сессии,01.07 - 06.07,#DIV/0!
OZON,Продвижение телеграм-канала,Стоимост. сессии,07.07 - 13.07,#DIV/0!
OZON,Продвижение телеграм-канала,Стоимост. сессии,14.07 - 20.07,#DIV/0!
OZON,Продвижение телеграм-канала,Стоимост. сессии,21.07 - 27.07,#DIV/0!
OZON,Продвижение телеграм-канала,Стоимост. сессии,28.07 - 31.07,#DIV/0!
OZON,Продвижение телеграм-канала,Стоимост. сессии,01.08 - 03.08,#DIV/0!
OZON,Продвижение телеграм-канала,Стоимост. сессии,04.08 - 10.08,#DIV/0!
OZON,Продвижение телеграм-канала,Стоимост. корзины,19.05 - 25.05,1869.82
OZON,Продвижение телеграм-канала,Стоимост. корзины,26.05 - 31.05,850.98
OZON,Продвижение телеграм-канала,Стоимост. корзины,01.06 - 08.06,
OZON,Продвижение телеграм-канала,Стоимост. корзины,09.06 - 15.06,
OZON,Продвижение телеграм-канала,Стоимост. корзины,16.06 - 22.06,
OZON,Продвижение телеграм-канала,Стоимост. корзины,23.06 - 30.06,
OZON,Продвижение телеграм-канала,Стоимост. корзины,01.07 - 06.07,
OZON,Продвижение телеграм-канала,Стоимост. корзины,07.07 - 13.07,
OZON,Продвижение телеграм-канала,Стоимост. корзины,14.07 - 20.07,
OZON,Продвижение телеграм-канала,Стоимост. корзины,21.07 - 27.07,
OZON,Продвижение телеграм-канала,Стоимост. корзины,28.07 - 31.07,
OZON,Продвижение телеграм-канала,Стоимост. корзины,01.08 - 03.08,
OZON,Продвижение телеграм-канала,Стоимост. корзины,04.08 - 10.08,
OZON,Продвижение телеграм-канала,% сессия / корзина,19.05 - 25.05,0
OZON,Продвижение телеграм-канала,% сессия / корзина,26.05 - 31.05,0
OZON,Продвижение телеграм-канала,% сессия / корзина,01.06 - 08.06,0
OZON,Продвижение телеграм-канала,% сессия / корзина,09.06 - 15.06,0
OZON,Продвижение телеграм-канала,% сессия / корзина,16.06 - 22.06,0
OZON,Продвижение телеграм-канала,% сессия / корзина,23.06 - 30.06,0
OZON,Продвижение телеграм-канала,% сессия / корзина,01.07 - 06.07,0
OZON,Продвижение телеграм-канала,% сессия / корзина,07.07 - 13.07,0
OZON,Продвижение телеграм-канала,% сессия / корзина,14.07 - 20.07,0
OZON,Продвижение телеграм-канала,% сессия / корзина,21.07 - 27.07,0
OZON,Продвижение телеграм-канала,% сессия / корзина,28.07 - 31.07,0
OZON,Продвижение телеграм-канала,% сессия / корзина,01.08 - 03.08,0
OZON,Продвижение телеграм-канала,% сессия / корзина,04.08 - 10.08,0
OZON,Продвижение телеграм-канала,Подписки,19.05 - 25.05,12.0
OZON,Продвижение телеграм-канала,Подписки,26.05 - 31.05,8.0
OZON,Продвижение телеграм-канала,Подписки,01.06 - 08.06,
OZON,Продвижение телеграм-канала,Подписки,09.06 - 15.06,
OZON,Продвижение телеграм-канала,Подписки,16.06 - 22.06,
OZON,Продвижение телеграм-канала,Подписки,23.06 - 30.06,
OZON,Продвижение телеграм-канала,Подписки,01.07 - 06.07,
OZON,Продвижение телеграм-канала,Подписки,07.07 - 13.07,
OZON,Продвижение телеграм-канала,Подписки,14.07 - 20.07,
OZON,Продвижение телеграм-канала,Подписки,21.07 - 27.07,
OZON,Продвижение телеграм-канала,Подписки,28.07 - 31.07,
OZON,Продвижение телеграм-канала,Подписки,01.08 - 03.08,
OZON,Продвижение телеграм-канала,Подписки,04.08 - 10.08,
OZON,Продвижение телеграм-канала,Стоимост. подписки,19.05 - 25.05,155.8183333
OZON,Продвижение телеграм-канала,Стоимост. подписки,26.05 - 31.05,106.3725
OZON,Продвижение телеграм-канала,Стоимост. подписки,01.06 - 08.06,#DIV/0!
OZON,Продвижение телеграм-канала,Стоимост. подписки,09.06 - 15.06,#DIV/0!
OZON,Продвижение телеграм-канала,Стоимост. подписки,16.06 - 22.06,#DIV/0!
OZON,Продвижение телеграм-канала,Стоимост. подписки,23.06 - 30.06,#DIV/0!
OZON,Продвижение телеграм-канала,Стоимост. подписки,01.07 - 06.07,#DIV/0!
OZON,Продвижение телеграм-канала,Стоимост. подписки,07.07 - 13.07,#DIV/0!
OZON,Продвижение телеграм-канала,Стоимост. подписки,14.07 - 20.07,#DIV/0!
OZON,Продвижение телеграм-канала,Стоимост. подписки,21.07 - 27.07,#DIV/0!
OZON,Продвижение телеграм-канала,Стоимост. подписки,28.07 - 31.07,#DIV/0!
OZON,Продвижение телеграм-канала,Стоимост. подписки,01.08 - 03.08,#DIV/0!
OZON,Продвижение телеграм-канала,Стоимост. подписки,04.08 - 10.08,#DIV/0!
OZON,VK Ads,Расход,19.05 - 25.05,0
OZON,VK Ads,Расход,26.05 - 31.05,0
OZON,VK Ads,Расход,01.06 - 08.06,0
OZON,VK Ads,Расход,09.06 - 15.06,0
OZON,VK Ads,Расход,16.06 - 22.06,16212.69
OZON,VK Ads,Расход,23.06 - 30.06,88683.54
OZON,VK Ads,Расход,01.07 - 06.07,24164.06
OZON,VK Ads,Расход,07.07 - 13.07,1607.06
OZON,VK Ads,Расход,14.07 - 20.07,7218.3
OZON,VK Ads,Расход,21.07 - 27.07,1543.69
OZON,VK Ads,Расход,28.07 - 31.07,1327.78
OZON,VK Ads,Расход,01.08 - 03.08,2672.22
OZON,VK Ads,Расход,04.08 - 10.08,0
OZON,VK Ads,Показы,19.05 - 25.05,0
OZON,VK Ads,Показы,26.05 - 31.05,0
OZON,VK Ads,Показы,01.06 - 08.06,0
OZON,VK Ads,Показы,09.06 - 15.06,0
OZON,VK Ads,Показы,16.06 - 22.06,239140
OZON,VK Ads,Показы,23.06 - 30.06,746723
OZON,VK Ads,Показы,01.07 - 06.07,256784
OZON,VK Ads,Показы,07.07 - 13.07,8498
OZON,VK Ads,Показы,14.07 - 20.07,25226
OZON,VK Ads,Показы,21.07 - 27.07,7498
OZON,VK Ads,Показы,28.07 - 31.07,7645
OZON,VK Ads,Показы,01.08 - 03.08,11023
OZON,VK Ads,Показы,04.08 - 10.08,0
OZON,VK Ads,Клики,19.05 - 25.05,0
OZON,VK Ads,Клики,26.05 - 31.05,0
OZON,VK Ads,Клики,01.06 - 08.06,0
OZON,VK Ads,Клики,09.06 - 15.06,0
OZON,VK Ads,Клики,16.06 - 22.06,4583
OZON,VK Ads,Клики,23.06 - 30.06,8708
OZON,VK Ads,Клики,01.07 - 06.07,3040
OZON,VK Ads,Клики,07.07 - 13.07,98
OZON,VK Ads,Клики,14.07 - 20.07,407
OZON,VK Ads,Клики,21.07 - 27.07,132
OZON,VK Ads,Клики,28.07 - 31.07,121
OZON,VK Ads,Клики,01.08 - 03.08,68
OZON,VK Ads,Клики,04.08 - 10.08,0
OZON,VK Ads,Сессии в OZON,19.05 - 25.05,0
OZON,VK Ads,Сессии в OZON,26.05 - 31.05,0
OZON,VK Ads,Сессии в OZON,01.06 - 08.06,0
OZON,VK Ads,Сессии в OZON,09.06 - 15.06,0
OZON,VK Ads,Сессии в OZON,16.06 - 22.06,0
OZON,VK Ads,Сессии в OZON,23.06 - 30.06,317
OZON,VK Ads,Сессии в OZON,01.07 - 06.07,90
OZON,VK Ads,Сессии в OZON,07.07 - 13.07,1
OZON,VK Ads,Сессии в OZON,14.07 - 20.07,0
OZON,VK Ads,Сессии в OZON,21.07 - 27.07,0
OZON,VK Ads,Сессии в OZON,28.07 - 31.07,0
OZON,VK Ads,Сессии в OZON,01.08 - 03.08,0
OZON,VK Ads,Сессии в OZON,04.08 - 10.08,0
OZON,VK Ads,Корзина,19.05 - 25.05,0
OZON,VK Ads,Корзина,26.05 - 31.05,0
OZON,VK Ads,Корзина,01.06 - 08.06,0
OZON,VK Ads,Корзина,09.06 - 15.06,0
OZON,VK Ads,Корзина,16.06 - 22.06,0
OZON,VK Ads,Корзина,23.06 - 30.06,7
OZON,VK Ads,Корзина,01.07 - 06.07,3
OZON,VK Ads,Корзина,07.07 - 13.07,0
OZON,VK Ads,Корзина,14.07 - 20.07,0
OZON,VK Ads,Корзина,21.07 - 27.07,0
OZON,VK Ads,Корзина,28.07 - 31.07,0
OZON,VK Ads,Корзина,01.08 - 03.08,0
OZON,VK Ads,Корзина,04.08 - 10.08,0
OZON,VK Ads,Стоимост. клика,19.05 - 25.05,#DIV/0!
OZON,VK Ads,Стоимост. клика,26.05 - 31.05,#DIV/0!
OZON,VK Ads,Стоимост. клика,01.06 - 08.06,#DIV/0!
OZON,VK Ads,Стоимост. клика,09.06 - 15.06,#DIV/0!
OZON,VK Ads,Стоимост. клика,16.06 - 22.06,3.53757146
OZON,VK Ads,Стоимост. клика,23.06 - 30.06,10.18414561
OZON,VK Ads,Стоимост. клика,01.07 - 06.07,7.948703947
OZON,VK Ads,Стоимост. клика,07.07 - 13.07,16.39857143
OZON,VK Ads,Стоимост. клика,14.07 - 20.07,17.73538084
OZON,VK Ads,Стоимост. клика,21.07 - 27.07,11.69462121
OZON,VK Ads,Стоимост. клика,28.07 - 31.07,10.97338843
OZON,VK Ads,Стоимост. клика,01.08 - 03.08,39.29735294
OZON,VK Ads,Стоимост. клика,04.08 - 10.08,#DIV/0!
OZON,VK Ads,Стоимост. сессии,19.05 - 25.05,#DIV/0!
OZON,VK Ads,Стоимост. сессии,26.05 - 31.05,#DIV/0!
OZON,VK Ads,Стоимост. сессии,01.06 - 08.06,#DIV/0!
OZON,VK Ads,Стоимост. сессии,09.06 - 15.06,#DIV/0!
OZON,VK Ads,Стоимост. сессии,16.06 - 22.06,#DIV/0!
OZON,VK Ads,Стоимост. сессии,23.06 - 30.06,279.7588013
OZON,VK Ads,Стоимост. сессии,01.07 - 06.07,268.4895556
OZON,VK Ads,Стоимост. сессии,07.07 - 13.07,1607.06
OZON,VK Ads,Стоимост. сессии,14.07 - 20.07,#DIV/0!
OZON,VK Ads,Стоимост. сессии,21.07 - 27.07,#DIV/0!
OZON,VK Ads,Стоимост. сессии,28.07 - 31.07,#DIV/0!
OZON,VK Ads,Стоимост. сессии,01.08 - 03.08,#DIV/0!
OZON,VK Ads,Стоимост. сессии,04.08 - 10.08,#DIV/0!
OZON,VK Ads,Стоимост. корзины,19.05 - 25.05,0
OZON,VK Ads,Стоимост. корзины,26.05 - 31.05,0
OZON,VK Ads,Стоимост. корзины,01.06 - 08.06,0
OZON,VK Ads,Стоимост. корзины,09.06 - 15.06,0
OZON,VK Ads,Стоимост. корзины,16.06 - 22.06,16212.69
OZON,VK Ads,Стоимост. корзины,23.06 - 30.06,12669.07714
OZON,VK Ads,Стоимост. корзины,01.07 - 06.07,8054.686667
OZON,VK Ads,Стоимост. корзины,07.07 - 13.07,1607.06
OZON,VK Ads,Стоимост. корзины,14.07 - 20.07,7218.3
OZON,VK Ads,Стоимост. корзины,21.07 - 27.07,1543.69
OZON,VK Ads,Стоимост. корзины,28.07 - 31.07,1327.78
OZON,VK Ads,Стоимост. корзины,01.08 - 03.08,2672.22
OZON,VK Ads,Стоимост. корзины,04.08 - 10.08,0
OZON,VK Ads,% сессия / корзина,19.05 - 25.05,0
OZON,VK Ads,% сессия / корзина,26.05 - 31.05,0
OZON,VK Ads,% сессия / корзина,01.06 - 08.06,0
OZON,VK Ads,% сессия / корзина,09.06 - 15.06,0
OZON,VK Ads,% сессия / корзина,16.06 - 22.06,0
OZON,VK Ads,% сессия / корзина,23.06 - 30.06,0.02208201893
OZON,VK Ads,% сессия / корзина,01.07 - 06.07,0.03333333333
OZON,VK Ads,% сессия / корзина,07.07 - 13.07,0
OZON,VK Ads,% сессия / корзина,14.07 - 20.07,0
OZON,VK Ads,% сессия / корзина,21.07 - 27.07,0
OZON,VK Ads,% сессия / корзина,28.07 - 31.07,0
OZON,VK Ads,% сессия / корзина,01.08 - 03.08,0
OZON,VK Ads,% сессия / корзина,04.08 - 10.08,0
OZON,Реклама сайта,Расход,19.05 - 25.05,
OZON,Реклама сайта,Расход,26.05 - 31.05,
OZON,Реклама сайта,Расход,01.06 - 08.06,
OZON,Реклама сайта,Расход,09.06 - 15.06,
OZON,Реклама сайта,Расход,16.06 - 22.06,16212.69
OZON,Реклама сайта,Расход,23.06 - 30.06,44037.58
OZON,Реклама сайта,Расход,01.07 - 06.07,12078.06
OZON,Реклама сайта,Расход,07.07 - 13.07,198.48
OZON,Реклама сайта,Расход,14.07 - 20.07,
OZON,Реклама сайта,Расход,21.07 - 27.07,
OZON,Реклама сайта,Расход,28.07 - 31.07,
OZON,Реклама сайта,Расход,01.08 - 03.08,
OZON,Реклама сайта,Расход,04.08 - 10.08,
OZON,Реклама сайта,Показы,19.05 - 25.05,
OZON,Реклама сайта,Показы,26.05 - 31.05,
OZON,Реклама сайта,Показы,01.06 - 08.06,
OZON,Реклама сайта,Показы,09.06 - 15.06,
OZON,Реклама сайта,Показы,16.06 - 22.06,239140.0
OZON,Реклама сайта,Показы,23.06 - 30.06,591698.0
OZON,Реклама сайта,Показы,01.07 - 06.07,231733.0
OZON,Реклама сайта,Показы,07.07 - 13.07,2155.0
OZON,Реклама сайта,Показы,14.07 - 20.07,
OZON,Реклама сайта,Показы,21.07 - 27.07,
OZON,Реклама сайта,Показы,28.07 - 31.07,
OZON,Реклама сайта,Показы,01.08 - 03.08,
OZON,Реклама сайта,Показы,04.08 - 10.08,
OZON,Реклама сайта,Клики,19.05 - 25.05,
OZON,Реклама сайта,Клики,26.05 - 31.05,
OZON,Реклама сайта,Клики,01.06 - 08.06,
OZON,Реклама сайта,Клики,09.06 - 15.06,
OZON,Реклама сайта,Клики,16.06 - 22.06,4583.0
OZON,Реклама сайта,Клики,23.06 - 30.06,7493.0
OZON,Реклама сайта,Клики,01.07 - 06.07,2734.0
OZON,Реклама сайта,Клики,07.07 - 13.07,22.0
OZON,Реклама сайта,Клики,14.07 - 20.07,
OZON,Реклама сайта,Клики,21.07 - 27.07,
OZON,Реклама сайта,Клики,28.07 - 31.07,
OZON,Реклама сайта,Клики,01.08 - 03.08,
OZON,Реклама сайта,Клики,04.08 - 10.08,
OZON,Реклама сайта,Сессии в OZON,19.05 - 25.05,
OZON,Реклама сайта,Сессии в OZON,26.05 - 31.05,
OZON,Реклама сайта,Сессии в OZON,01.06 - 08.06,
OZON,Реклама сайта,Сессии в OZON,09.06 - 15.06,
OZON,Реклама сайта,Сессии в OZON,16.06 - 22.06,
OZON,Реклама сайта,Сессии в OZON,23.06 - 30.06,258.0
OZON,Реклама сайта,Сессии в OZON,01.07 - 06.07,90.0
OZON,Реклама сайта,Сессии в OZON,07.07 - 13.07,1.0
OZON,Реклама сайта,Сессии в OZON,14.07 - 20.07,
OZON,Реклама сайта,Сессии в OZON,21.07 - 27.07,
OZON,Реклама сайта,Сессии в OZON,28.07 - 31.07,
OZON,Реклама сайта,Сессии в OZON,01.08 - 03.08,
OZON,Реклама сайта,Сессии в OZON,04.08 - 10.08,
OZON,Реклама сайта,Корзина,19.05 - 25.05,
OZON,Реклама сайта,Корзина,26.05 - 31.05,
OZON,Реклама сайта,Корзина,01.06 - 08.06,
OZON,Реклама сайта,Корзина,09.06 - 15.06,
OZON,Реклама сайта,Корзина,16.06 - 22.06,
OZON,Реклама сайта,Корзина,23.06 - 30.06,6.0
OZON,Реклама сайта,Корзина,01.07 - 06.07,3.0
OZON,Реклама сайта,Корзина,07.07 - 13.07,0.0
OZON,Реклама сайта,Корзина,14.07 - 20.07,
OZON,Реклама сайта,Корзина,21.07 - 27.07,
OZON,Реклама сайта,Корзина,28.07 - 31.07,
OZON,Реклама сайта,Корзина,01.08 - 03.08,
OZON,Реклама сайта,Корзина,04.08 - 10.08,
OZON,Реклама сайта,Стоимост. клика,19.05 - 25.05,#DIV/0!
OZON,Реклама сайта,Стоимост. клика,26.05 - 31.05,#DIV/0!
OZON,Реклама сайта,Стоимост. клика,01.06 - 08.06,#DIV/0!
OZON,Реклама сайта,Стоимост. клика,09.06 - 15.06,#DIV/0!
OZON,Реклама сайта,Стоимост. клика,16.06 - 22.06,3.53757146
OZON,Реклама сайта,Стоимост. клика,23.06 - 30.06,5.877162685
OZON,Реклама сайта,Стоимост. клика,01.07 - 06.07,4.417724945
OZON,Реклама сайта,Стоимост. клика,07.07 - 13.07,9.021818182
OZON,Реклама сайта,Стоимост. клика,14.07 - 20.07,#DIV/0!
OZON,Реклама сайта,Стоимост. клика,21.07 - 27.07,#DIV/0!
OZON,Реклама сайта,Стоимост. клика,28.07 - 31.07,#DIV/0!
OZON,Реклама сайта,Стоимост. клика,01.08 - 03.08,#DIV/0!
OZON,Реклама сайта,Стоимост. клика,04.08 - 10.08,#DIV/0!
OZON,Реклама сайта,Стоимост. сессии,19.05 - 25.05,#DIV/0!
OZON,Реклама сайта,Стоимост. сессии,26.05 - 31.05,#DIV/0!
OZON,Реклама сайта,Стоимост. сессии,01.06 - 08.06,#DIV/0!
OZON,Реклама сайта,Стоимост. сессии,09.06 - 15.06,#DIV/0!
OZON,Реклама сайта,Стоимост. сессии,16.06 - 22.06,#DIV/0!
OZON,Реклама сайта,Стоимост. сессии,23.06 - 30.06,170.6882946
OZON,Реклама сайта,Стоимост. сессии,01.07 - 06.07,134.2006667
OZON,Реклама сайта,Стоимост. сессии,07.07 - 13.07,198.48
OZON,Реклама сайта,Стоимост. сессии,14.07 - 20.07,#DIV/0!
OZON,Реклама сайта,Стоимост. сессии,21.07 - 27.07,#DIV/0!
OZON,Реклама сайта,Стоимост. сессии,28.07 - 31.07,#DIV/0!
OZON,Реклама сайта,Стоимост. сессии,01.08 - 03.08,#DIV/0!
OZON,Реклама сайта,Стоимост. сессии,04.08 - 10.08,#DIV/0!
OZON,Реклама сайта,Стоимост. корзины,19.05 - 25.05,
OZON,Реклама сайта,Стоимост. корзины,26.05 - 31.05,
OZON,Реклама сайта,Стоимост. корзины,01.06 - 08.06,
OZON,Реклама сайта,Стоимост. корзины,09.06 - 15.06,
OZON,Реклама сайта,Стоимост. корзины,16.06 - 22.06,16212.69
OZON,Реклама сайта,Стоимост. корзины,23.06 - 30.06,7339.596667
OZON,Реклама сайта,Стоимост. корзины,01.07 - 06.07,4026.02
OZON,Реклама сайта,Стоимост. корзины,07.07 - 13.07,198.48
OZON,Реклама сайта,Стоимост. корзины,14.07 - 20.07,
OZON,Реклама сайта,Стоимост. корзины,21.07 - 27.07,
OZON,Реклама сайта,Стоимост. корзины,28.07 - 31.07,
OZON,Реклама сайта,Стоимост. корзины,01.08 - 03.08,
OZON,Реклама сайта,Стоимост. корзины,04.08 - 10.08,
OZON,Реклама сайта,% сессия / корзина,19.05 - 25.05,0
OZON,Реклама сайта,% сессия / корзина,26.05 - 31.05,0
OZON,Реклама сайта,% сессия / корзина,01.06 - 08.06,0
OZON,Реклама сайта,% сессия / корзина,09.06 - 15.06,0
OZON,Реклама сайта,% сессия / корзина,16.06 - 22.06,0
OZON,Реклама сайта,% сессия / корзина,23.06 - 30.06,0.02325581395
OZON,Реклама сайта,% сессия / корзина,01.07 - 06.07,0.03333333333
OZON,Реклама сайта,% сессия / корзина,07.07 - 13.07,0
OZON,Реклама сайта,% сессия / корзина,14.07 - 20.07,0
OZON,Реклама сайта,% сессия / корзина,21.07 - 27.07,0
OZON,Реклама сайта,% сессия / корзина,28.07 - 31.07,0
OZON,Реклама сайта,% сессия / корзина,01.08 - 03.08,0
OZON,Реклама сайта,% сессия / корзина,04.08 - 10.08,0
OZON,Дзен,Расход,19.05 - 25.05,
OZON,Дзен,Расход,26.05 - 31.05,
OZON,Дзен,Расход,01.06 - 08.06,
OZON,Дзен,Расход,09.06 - 15.06,
OZON,Дзен,Расход,16.06 - 22.06,
OZON,Дзен,Расход,23.06 - 30.06,19791.09
OZON,Дзен,Расход,01.07 - 06.07,
OZON,Дзен,Расход,07.07 - 13.07,
OZON,Дзен,Расход,14.07 - 20.07,
OZON,Дзен,Расход,21.07 - 27.07,
OZON,Дзен,Расход,28.07 - 31.07,
OZON,Дзен,Расход,01.08 - 03.08,
OZON,Дзен,Расход,04.08 - 10.08,
OZON,Дзен,Показы,19.05 - 25.05,
OZON,Дзен,Показы,26.05 - 31.05,
OZON,Дзен,Показы,01.06 - 08.06,
OZON,Дзен,Показы,09.06 - 15.06,
OZON,Дзен,Показы,16.06 - 22.06,
OZON,Дзен,Показы,23.06 - 30.06,44199.0
OZON,Дзен,Показы,01.07 - 06.07,
OZON,Дзен,Показы,07.07 - 13.07,
OZON,Дзен,Показы,14.07 - 20.07,
OZON,Дзен,Показы,21.07 - 27.07,
OZON,Дзен,Показы,28.07 - 31.07,
OZON,Дзен,Показы,01.08 - 03.08,
OZON,Дзен,Показы,04.08 - 10.08,
OZON,Дзен,Клики,19.05 - 25.05,
OZON,Дзен,Клики,26.05 - 31.05,
OZON,Дзен,Клики,01.06 - 08.06,
OZON,Дзен,Клики,09.06 - 15.06,
OZON,Дзен,Клики,16.06 - 22.06,
OZON,Дзен,Клики,23.06 - 30.06,586.0
OZON,Дзен,Клики,01.07 - 06.07,
OZON,Дзен,Клики,07.07 - 13.07,
OZON,Дзен,Клики,14.07 - 20.07,
OZON,Дзен,Клики,21.07 - 27.07,
OZON,Дзен,Клики,28.07 - 31.07,
OZON,Дзен,Клики,01.08 - 03.08,
OZON,Дзен,Клики,04.08 - 10.08,
OZON,Дзен,Сессии в OZON,19.05 - 25.05,
OZON,Дзен,Сессии в OZON,26.05 - 31.05,
OZON,Дзен,Сессии в OZON,01.06 - 08.06,
OZON,Дзен,Сессии в OZON,09.06 - 15.06,
OZON,Дзен,Сессии в OZON,16.06 - 22.06,
OZON,Дзен,Сессии в OZON,23.06 - 30.06,59.0
OZON,Дзен,Сессии в OZON,01.07 - 06.07,
OZON,Дзен,Сессии в OZON,07.07 - 13.07,
OZON,Дзен,Сессии в OZON,14.07 - 20.07,
OZON,Дзен,Сессии в OZON,21.07 - 27.07,
OZON,Дзен,Сессии в OZON,28.07 - 31.07,
OZON,Дзен,Сессии в OZON,01.08 - 03.08,
OZON,Дзен,Сессии в OZON,04.08 - 10.08,
OZON,Дзен,Корзина,19.05 - 25.05,
OZON,Дзен,Корзина,26.05 - 31.05,
OZON,Дзен,Корзина,01.06 - 08.06,
OZON,Дзен,Корзина,09.06 - 15.06,
OZON,Дзен,Корзина,16.06 - 22.06,
OZON,Дзен,Корзина,23.06 - 30.06,1.0
OZON,Дзен,Корзина,01.07 - 06.07,
OZON,Дзен,Корзина,07.07 - 13.07,
OZON,Дзен,Корзина,14.07 - 20.07,
OZON,Дзен,Корзина,21.07 - 27.07,
OZON,Дзен,Корзина,28.07 - 31.07,
OZON,Дзен,Корзина,01.08 - 03.08,
OZON,Дзен,Корзина,04.08 - 10.08,
OZON,Дзен,Стоимост. клика,19.05 - 25.05,#DIV/0!
OZON,Дзен,Стоимост. клика,26.05 - 31.05,#DIV/0!
OZON,Дзен,Стоимост. клика,01.06 - 08.06,#DIV/0!
OZON,Дзен,Стоимост. клика,09.06 - 15.06,#DIV/0!
OZON,Дзен,Стоимост. клика,16.06 - 22.06,#DIV/0!
OZON,Дзен,Стоимост. клика,23.06 - 30.06,33.77319113
OZON,Дзен,Стоимост. клика,01.07 - 06.07,#DIV/0!
OZON,Дзен,Стоимост. клика,07.07 - 13.07,#DIV/0!
OZON,Дзен,Стоимост. клика,14.07 - 20.07,#DIV/0!
OZON,Дзен,Стоимост. клика,21.07 - 27.07,#DIV/0!
OZON,Дзен,Стоимост. клика,28.07 - 31.07,#DIV/0!
OZON,Дзен,Стоимост. клика,01.08 - 03.08,#DIV/0!
OZON,Дзен,Стоимост. клика,04.08 - 10.08,#DIV/0!
OZON,Дзен,Стоимост. сессии,19.05 - 25.05,#DIV/0!
OZON,Дзен,Стоимост. сессии,26.05 - 31.05,#DIV/0!
OZON,Дзен,Стоимост. сессии,01.06 - 08.06,#DIV/0!
OZON,Дзен,Стоимост. сессии,09.06 - 15.06,#DIV/0!
OZON,Дзен,Стоимост. сессии,16.06 - 22.06,#DIV/0!
OZON,Дзен,Стоимост. сессии,23.06 - 30.06,335.4422034
OZON,Дзен,Стоимост. сессии,01.07 - 06.07,#DIV/0!
OZON,Дзен,Стоимост. сессии,07.07 - 13.07,#DIV/0!
OZON,Дзен,Стоимост. сессии,14.07 - 20.07,#DIV/0!
OZON,Дзен,Стоимост. сессии,21.07 - 27.07,#DIV/0!
OZON,Дзен,Стоимост. сессии,28.07 - 31.07,#DIV/0!
OZON,Дзен,Стоимост. сессии,01.08 - 03.08,#DIV/0!
OZON,Дзен,Стоимост. сессии,04.08 - 10.08,#DIV/0!
OZON,Дзен,Стоимост. корзины,19.05 - 25.05,
OZON,Дзен,Стоимост. корзины,26.05 - 31.05,
OZON,Дзен,Стоимост. корзины,01.06 - 08.06,
OZON,Дзен,Стоимост. корзины,09.06 - 15.06,
OZON,Дзен,Стоимост. корзины,16.06 - 22.06,
OZON,Дзен,Стоимост. корзины,23.06 - 30.06,19791.09
OZON,Дзен,Стоимост. корзины,01.07 - 06.07,
OZON,Дзен,Стоимост. корзины,07.07 - 13.07,
OZON,Дзен,Стоимост. корзины,14.07 - 20.07,
OZON,Дзен,Стоимост. корзины,21.07 - 27.07,
OZON,Дзен,Стоимост. корзины,28.07 - 31.07,
OZON,Дзен,Стоимост. корзины,01.08 - 03.08,
OZON,Дзен,Стоимост. корзины,04.08 - 10.08,
OZON,Дзен,% сессия / корзина,19.05 - 25.05,0
OZON,Дзен,% сессия / корзина,26.05 - 31.05,0
OZON,Дзен,% сессия / корзина,01.06 - 08.06,0
OZON,Дзен,% сессия / корзина,09.06 - 15.06,0
OZON,Дзен,% сессия / корзина,16.06 - 22.06,0
OZON,Дзен,% сессия / корзина,23.06 - 30.06,0.01694915254
OZON,Дзен,% сессия / корзина,01.07 - 06.07,0
OZON,Дзен,% сессия / корзина,07.07 - 13.07,0
OZON,Дзен,% сессия / корзина,14.07 - 20.07,0
OZON,Дзен,% сессия / корзина,21.07 - 27.07,0
OZON,Дзен,% сессия / корзина,28.07 - 31.07,0
OZON,Дзен,% сессия / корзина,01.08 - 03.08,0
OZON,Дзен,% сессия / корзина,04.08 - 10.08,0
OZON,Сообщество и профиль,Расход,19.05 - 25.05,
OZON,Сообщество и профиль,Расход,26.05 - 31.05,
OZON,Сообщество и профиль,Расход,01.06 - 08.06,
OZON,Сообщество и профиль,Расход,09.06 - 15.06,
OZON,Сообщество и профиль,Расход,16.06 - 22.06,
OZON,Сообщество и профиль,Расход,23.06 - 30.06,23785.77
OZON,Сообщество и профиль,Расход,01.07 - 06.07,12086.0
OZON,Сообщество и профиль,Расход,07.07 - 13.07,1408.58
OZON,Сообщество и профиль,Расход,14.07 - 20.07,7218.3
OZON,Сообщество и профиль,Расход,21.07 - 27.07,1543.69
OZON,Сообщество и профиль,Расход,28.07 - 31.07,1327.78
OZON,Сообщество и профиль,Расход,01.08 - 03.08,2672.22
OZON,Сообщество и профиль,Расход,04.08 - 10.08,
OZON,Сообщество и профиль,Показы,19.05 - 25.05,
OZON,Сообщество и профиль,Показы,26.05 - 31.05,
OZON,Сообщество и профиль,Показы,01.06 - 08.06,
OZON,Сообщество и профиль,Показы,09.06 - 15.06,
OZON,Сообщество и профиль,Показы,16.06 - 22.06,
OZON,Сообщество и профиль,Показы,23.06 - 30.06,88691.0
OZON,Сообщество и профиль,Показы,01.07 - 06.07,25051.0
OZON,Сообщество и профиль,Показы,07.07 - 13.07,6343.0
OZON,Сообщество и профиль,Показы,14.07 - 20.07,25226.0
OZON,Сообщество и профиль,Показы,21.07 - 27.07,7498.0
OZON,Сообщество и профиль,Показы,28.07 - 31.07,7645.0
OZON,Сообщество и профиль,Показы,01.08 - 03.08,11023.0
OZON,Сообщество и профиль,Показы,04.08 - 10.08,
OZON,Сообщество и профиль,Клики,19.05 - 25.05,
OZON,Сообщество и профиль,Клики,26.05 - 31.05,
OZON,Сообщество и профиль,Клики,01.06 - 08.06,
OZON,Сообщество и профиль,Клики,09.06 - 15.06,
OZON,Сообщество и профиль,Клики,16.06 - 22.06,
OZON,Сообщество и профиль,Клики,23.06 - 30.06,579.0
OZON,Сообщество и профиль,Клики,01.07 - 06.07,306.0
OZON,Сообщество и профиль,Клики,07.07 - 13.07,76.0
OZON,Сообщество и профиль,Клики,14.07 - 20.07,407.0
OZON,Сообщество и профиль,Клики,21.07 - 27.07,132.0
OZON,Сообщество и профиль,Клики,28.07 - 31.07,121.0
OZON,Сообщество и профиль,Клики,01.08 - 03.08,68.0
OZON,Сообщество и профиль,Клики,04.08 - 10.08,
OZON,Видео и трансляции,Расход,19.05 - 25.05,
OZON,Видео и трансляции,Расход,26.05 - 31.05,
OZON,Видео и трансляции,Расход,01.06 - 08.06,
OZON,Видео и трансляции,Расход,09.06 - 15.06,
OZON,Видео и трансляции,Расход,16.06 - 22.06,
OZON,Видео и трансляции,Расход,23.06 - 30.06,1069.1
OZON,Видео и трансляции,Расход,01.07 - 06.07,570.66
OZON,Видео и трансляции,Расход,07.07 - 13.07,
OZON,Видео и трансляции,Расход,14.07 - 20.07,
OZON,Видео и трансляции,Расход,21.07 - 27.07,
OZON,Видео и трансляции,Расход,28.07 - 31.07,
OZON,Видео и трансляции,Расход,01.08 - 03.08,
OZON,Видео и трансляции,Расход,04.08 - 10.08,
OZON,Видео и трансляции,Показы,19.05 - 25.05,
OZON,Видео и трансляции,Показы,26.05 - 31.05,
OZON,Видео и трансляции,Показы,01.06 - 08.06,
OZON,Видео и трансляции,Показы,09.06 - 15.06,
OZON,Видео и трансляции,Показы,16.06 - 22.06,
OZON,Видео и трансляции,Показы,23.06 - 30.06,22135.0
OZON,Видео и трансляции,Показы,01.07 - 06.07,4756.0
OZON,Видео и трансляции,Показы,07.07 - 13.07,
OZON,Видео и трансляции,Показы,14.07 - 20.07,
OZON,Видео и трансляции,Показы,21.07 - 27.07,
OZON,Видео и трансляции,Показы,28.07 - 31.07,
OZON,Видео и трансляции,Показы,01.08 - 03.08,
OZON,Видео и трансляции,Показы,04.08 - 10.08,
OZON,Видео и трансляции,Клики,19.05 - 25.05,
OZON,Видео и трансляции,Клики,26.05 - 31.05,
OZON,Видео и трансляции,Клики,01.06 - 08.06,
OZON,Видео и трансляции,Клики,09.06 - 15.06,
OZON,Видео и трансляции,Клики,16.06 - 22.06,
OZON,Видео и трансляции,Клики,23.06 - 30.06,50.0
OZON,Видео и трансляции,Клики,01.07 - 06.07,51.0
OZON,Видео и трансляции,Клики,07.07 - 13.07,
OZON,Видео и трансляции,Клики,14.07 - 20.07,
OZON,Видео и трансляции,Клики,21.07 - 27.07,
OZON,Видео и трансляции,Клики,28.07 - 31.07,
OZON,Видео и трансляции,Клики,01.08 - 03.08,
OZON,Видео и трансляции,Клики,04.08 - 10.08,
Маркеты,Итого,Расход,19.05 - 25.05,13116.52
Маркеты,Итого,Расход,26.05 - 31.05,13195.5
Маркеты,Итого,Расход,01.06 - 08.06,23270.03
Маркеты,Итого,Расход,09.06 - 15.06,1.16
Маркеты,Итого,Расход,16.06 - 22.06,30600.86
Маркеты,Итого,Расход,23.06 - 30.06,80572.34
Маркеты,Итого,Расход,01.07 - 06.07,28553.55
Маркеты,Итого,Расход,07.07 - 13.07,15365.39
Маркеты,Итого,Расход,14.07 - 20.07,6670
Маркеты,Итого,Расход,21.07 - 27.07,12097
Маркеты,Итого,Расход,28.07 - 31.07,26264.83
Маркеты,Итого,Расход,01.08 - 03.08,20786.08
Маркеты,Итого,Расход,04.08 - 10.08,24373.62
Маркеты,Итого,Расход,11.08 - 17.08,2167.89
Маркеты,Итого,Расход,18.08 - 24.08,4861.41
Маркеты,Итого,Расход,25.08 - 31.08,5147.29
Маркеты,Итого,Расход,01.09 - 07.09,2050.23
Маркеты,Итого,Расход,08.09 - 14.09,1973.42
Маркеты,Итого,Расход,15.09 - 21.09,0
Маркеты,Итого,Расход,22.09 - 28.09,0
Маркеты,Итого,Расход,29.09 - 30.09,0
Маркеты,Итого,Расход,01.10 - 05.10,0
Маркеты,Итого,Расход,06.10 - 12.10,0
Маркеты,Итого,Расход,13.10 - 19.10,0
Маркеты,Итого,Расход,20.10 - 26.10,0
Маркеты,Итого,Расход,27.10 - 31.10,0
Маркеты,Итого,Показы,19.05 - 25.05,33301
Маркеты,Итого,Показы,26.05 - 31.05,6946
Маркеты,Итого,Показы,01.06 - 08.06,4109
Маркеты,Итого,Показы,09.06 - 15.06,305
Маркеты,Итого,Показы,16.06 - 22.06,240601
Маркеты,Итого,Показы,23.06 - 30.06,669916
Маркеты,Итого,Показы,01.07 - 06.07,242609
Маркеты,Итого,Показы,07.07 - 13.07,11713
Маркеты,Итого,Показы,14.07 - 20.07,5360
Маркеты,Итого,Показы,21.07 - 27.07,4961
Маркеты,Итого,Показы,28.07 - 31.07,49777
Маркеты,Итого,Показы,01.08 - 03.08,32452
Маркеты,Итого,Показы,04.08 - 10.08,43420
Маркеты,Итого,Показы,11.08 - 17.08,2536
Маркеты,Итого,Показы,18.08 - 24.08,1147
Маркеты,Итого,Показы,25.08 - 31.08,305
Маркеты,Итого,Показы,01.09 - 07.09,166
Маркеты,Итого,Показы,08.09 - 14.09,127
Маркеты,Итого,Показы,15.09 - 21.09,0
Маркеты,Итого,Показы,22.09 - 28.09,0
Маркеты,Итого,Показы,29.09 - 30.09,0
Маркеты,Итого,Показы,01.10 - 05.10,0
Маркеты,Итого,Показы,06.10 - 12.10,0
Маркеты,Итого,Показы,13.10 - 19.10,0
Маркеты,Итого,Показы,20.10 - 26.10,0
Маркеты,Итого,Показы,27.10 - 31.10,0
Маркеты,Итого,Клики,19.05 - 25.05,4091
Маркеты,Итого,Клики,26.05 - 31.05,779
Маркеты,Итого,Клики,01.06 - 08.06,279
Маркеты,Итого,Клики,09.06 - 15.06,14
Маркеты,Итого,Клики,16.06 - 22.06,4671
Маркеты,Итого,Клики,23.06 - 30.06,8565
Маркеты,Итого,Клики,01.07 - 06.07,2980
Маркеты,Итого,Клики,07.07 - 13.07,241
Маркеты,Итого,Клики,14.07 - 20.07,121
Маркеты,Итого,Клики,21.07 - 27.07,129
Маркеты,Итого,Клики,28.07 - 31.07,496
Маркеты,Итого,Клики,01.08 - 03.08,398
Маркеты,Итого,Клики,04.08 - 10.08,492
Маркеты,Итого,Клики,11.08 - 17.08,54
Маркеты,Итого,Клики,18.08 - 24.08,36
Маркеты,Итого,Клики,25.08 - 31.08,26
Маркеты,Итого,Клики,01.09 - 07.09,34
Маркеты,Итого,Клики,08.09 - 14.09,21
Маркеты,Итого,Клики,15.09 - 21.09,0
Маркеты,Итого,Клики,22.09 - 28.09,0
Маркеты,Итого,Клики,29.09 - 30.09,0
Маркеты,Итого,Клики,01.10 - 05.10,0
Маркеты,Итого,Клики,06.10 - 12.10,0
Маркеты,Итого,Клики,13.10 - 19.10,0
Маркеты,Итого,Клики,20.10 - 26.10,0
Маркеты,Итого,Клики,27.10 - 31.10,0
Маркеты,Итого,Сессии,19.05 - 25.05,1721
Маркеты,Итого,Сессии,26.05 - 31.05,472
Маркеты,Итого,Сессии,01.06 - 08.06,218
Маркеты,Итого,Сессии,09.06 - 15.06,13
Маркеты,Итого,Сессии,16.06 - 22.06,44
Маркеты,Итого,Сессии,23.06 - 30.06,783
Маркеты,Итого,Сессии,01.07 - 06.07,326
Маркеты,Итого,Сессии,07.07 - 13.07,204
Маркеты,Итого,Сессии,14.07 - 20.07,121
Маркеты,Итого,Сессии,21.07 - 27.07,129
Маркеты,Итого,Сессии,28.07 - 31.07,496
Маркеты,Итого,Сессии,01.08 - 03.08,398
Маркеты,Итого,Сессии,04.08 - 10.08,492
Маркеты,Итого,Сессии,11.08 - 17.08,54
Маркеты,Итого,Сессии,18.08 - 24.08,16
Маркеты,Итого,Сессии,25.08 - 31.08,5
Маркеты,Итого,Сессии,01.09 - 07.09,0
Маркеты,Итого,Сессии,08.09 - 14.09,0
Маркеты,Итого,Сессии,15.09 - 21.09,0
Маркеты,Итого,Сессии,22.09 - 28.09,0
Маркеты,Итого,Сессии,29.09 - 30.09,0
Маркеты,Итого,Сессии,01.10 - 05.10,0
Маркеты,Итого,Сессии,06.10 - 12.10,0
Маркеты,Итого,Сессии,13.10 - 19.10,0
Маркеты,Итого,Сессии,20.10 - 26.10,0
Маркеты,Итого,Сессии,27.10 - 31.10,0
Маркеты,Итого,Корзина,19.05 - 25.05,88
Маркеты,Итого,Корзина,26.05 - 31.05,38
Маркеты,Итого,Корзина,01.06 - 08.06,69
Маркеты,Итого,Корзина,09.06 - 15.06,66
Маркеты,Итого,Корзина,16.06 - 22.06,103
Маркеты,Итого,Корзина,23.06 - 30.06,237
Маркеты,Итого,Корзина,01.07 - 06.07,145
Маркеты,Итого,Корзина,07.07 - 13.07,87
Маркеты,Итого,Корзина,14.07 - 20.07,81
Маркеты,Итого,Корзина,21.07 - 27.07,140
Маркеты,Итого,Корзина,28.07 - 31.07,58
Маркеты,Итого,Корзина,01.08 - 03.08,48
Маркеты,Итого,Корзина,04.08 - 10.08,109
Маркеты,Итого,Корзина,11.08 - 17.08,122
Маркеты,Итого,Корзина,18.08 - 24.08,112
Маркеты,Итого,Корзина,25.08 - 31.08,90
Маркеты,Итого,Корзина,01.09 - 07.09,130
Маркеты,Итого,Корзина,08.09 - 14.09,124
Маркеты,Итого,Корзина,15.09 - 21.09,103
Маркеты,Итого,Корзина,22.09 - 28.09,96
Маркеты,Итого,Корзина,29.09 - 30.09,57
Маркеты,Итого,Корзина,01.10 - 05.10,62
Маркеты,Итого,Корзина,06.10 - 12.10,124
Маркеты,Итого,Корзина,13.10 - 19.10,109
Маркеты,Итого,Корзина,20.10 - 26.10,106
Маркеты,Итого,Корзина,27.10 - 31.10,0
Маркеты,Итого,Продажи,19.05 - 25.05,15
Маркеты,Итого,Продажи,26.05 - 31.05,12
Маркеты,Итого,Продажи,01.06 - 08.06,13
Маркеты,Итого,Продажи,09.06 - 15.06,12
Маркеты,Итого,Продажи,16.06 - 22.06,14
Маркеты,Итого,Продажи,23.06 - 30.06,31
Маркеты,Итого,Продажи,01.07 - 06.07,28
Маркеты,Итого,Продажи,07.07 - 13.07,14
Маркеты,Итого,Продажи,14.07 - 20.07,27
Маркеты,Итого,Продажи,21.07 - 27.07,21
Маркеты,Итого,Продажи,28.07 - 31.07,4
Маркеты,Итого,Продажи,01.08 - 03.08,4
Маркеты,Итого,Продажи,04.08 - 10.08,18
Маркеты,Итого,Продажи,11.08 - 17.08,14
Маркеты,Итого,Продажи,18.08 - 24.08,11
Маркеты,Итого,Продажи,25.08 - 31.08,28
Маркеты,Итого,Продажи,01.09 - 07.09,22
Маркеты,Итого,Продажи,08.09 - 14.09,14
Маркеты,Итого,Продажи,15.09 - 21.09,12
Маркеты,Итого,Продажи,22.09 - 28.09,11
Маркеты,Итого,Продажи,29.09 - 30.09,5
Маркеты,Итого,Продажи,01.10 - 05.10,4
Маркеты,Итого,Продажи,06.10 - 12.10,8
Маркеты,Итого,Продажи,13.10 - 19.10,14
Маркеты,Итого,Продажи,20.10 - 26.10,20
Маркеты,Итого,Продажи,27.10 - 31.10,0
Маркеты,Итого,Стоимост. клика,19.05 - 25.05,3.206189196
Маркеты,Итого,Стоимост. клика,26.05 - 31.05,16.93902439
Маркеты,Итого,Стоимост. клика,01.06 - 08.06,83.40512545
Маркеты,Итого,Стоимост. клика,09.06 - 15.06,0.08285714286
Маркеты,Итого,Стоимост. клика,16.06 - 22.06,6.551243845
Маркеты,Итого,Стоимост. клика,23.06 - 30.06,9.407161705
Маркеты,Итого,Стоимост. клика,01.07 - 06.07,9.581728188
Маркеты,Итого,Стоимост. клика,07.07 - 13.07,63.75680498
Маркеты,Итого,Стоимост. клика,14.07 - 20.07,55.12396694
Маркеты,Итого,Стоимост. клика,21.07 - 27.07,93.7751938
Маркеты,Итого,Стоимост. клика,28.07 - 31.07,52.95328629
Маркеты,Итого,Стоимост. клика,01.08 - 03.08,52.22633166
Маркеты,Итого,Стоимост. клика,04.08 - 10.08,49.53987805
Маркеты,Итого,Стоимост. клика,11.08 - 17.08,40.14611111
Маркеты,Итого,Стоимост. клика,18.08 - 24.08,135.0391667
Маркеты,Итого,Стоимост. клика,25.08 - 31.08,197.9726923
Маркеты,Итого,Стоимост. клика,01.09 - 07.09,60.30088235
Маркеты,Итого,Стоимост. клика,08.09 - 14.09,93.97238095
Маркеты,Итого,Стоимост. клика,15.09 - 21.09,#DIV/0!
Маркеты,Итого,Стоимост. клика,22.09 - 28.09,#DIV/0!
Маркеты,Итого,Стоимост. клика,29.09 - 30.09,#DIV/0!
Маркеты,Итого,Стоимост. клика,01.10 - 05.10,#DIV/0!
Маркеты,Итого,Стоимост. клика,06.10 - 12.10,#DIV/0!
Маркеты,Итого,Стоимост. клика,13.10 - 19.10,#DIV/0!
Маркеты,Итого,Стоимост. клика,20.10 - 26.10,#DIV/0!
Маркеты,Итого,Стоимост. клика,27.10 - 31.10,#DIV/0!
Маркеты,Итого,Стоимост. сессии,19.05 - 25.05,7.621452644
Маркеты,Итого,Стоимост. сессии,26.05 - 31.05,27.9565678
Маркеты,Итого,Стоимост. сессии,01.06 - 08.06,106.7432569
Маркеты,Итого,Стоимост. сессии,09.06 - 15.06,0.08923076923
Маркеты,Итого,Стоимост. сессии,16.06 - 22.06,695.4740909
Маркеты,Итого,Стоимост. сессии,23.06 - 30.06,102.9020945
Маркеты,Итого,Стоимост. сессии,01.07 - 06.07,87.58757669
Маркеты,Итого,Стоимост. сессии,07.07 - 13.07,75.32053922
Маркеты,Итого,Стоимост. сессии,14.07 - 20.07,55.12396694
Маркеты,Итого,Стоимост. сессии,21.07 - 27.07,93.7751938
Маркеты,Итого,Стоимост. сессии,28.07 - 31.07,52.95328629
Маркеты,Итого,Стоимост. сессии,01.08 - 03.08,52.22633166
Маркеты,Итого,Стоимост. сессии,04.08 - 10.08,49.53987805
Маркеты,Итого,Стоимост. сессии,11.08 - 17.08,40.14611111
Маркеты,Итого,Стоимост. сессии,18.08 - 24.08,303.838125
Маркеты,Итого,Стоимост. сессии,25.08 - 31.08,1029.458
Маркеты,Итого,Стоимост. сессии,01.09 - 07.09,#DIV/0!
Маркеты,Итого,Стоимост. сессии,08.09 - 14.09,#DIV/0!
Маркеты,Итого,Стоимост. сессии,15.09 - 21.09,#DIV/0!
Маркеты,Итого,Стоимост. сессии,22.09 - 28.09,#DIV/0!
Маркеты,Итого,Стоимост. сессии,29.09 - 30.09,#DIV/0!
Маркеты,Итого,Стоимост. сессии,01.10 - 05.10,#DIV/0!
Маркеты,Итого,Стоимост. сессии,06.10 - 12.10,#DIV/0!
Маркеты,Итого,Стоимост. сессии,13.10 - 19.10,#DIV/0!
Маркеты,Итого,Стоимост. сессии,20.10 - 26.10,#DIV/0!
Маркеты,Итого,Стоимост. сессии,27.10 - 31.10,#DIV/0!
Маркеты,Итого,Стоимост. корзины,19.05 - 25.05,149.0513636
Маркеты,Итого,Стоимост. корзины,26.05 - 31.05,347.25
Маркеты,Итого,Стоимост. корзины,01.06 - 08.06,337.2468116
Маркеты,Итого,Стоимост. корзины,09.06 - 15.06,0.01757575758
Маркеты,Итого,Стоимост. корзины,16.06 - 22.06,297.0957282
Маркеты,Итого,Стоимост. корзины,23.06 - 30.06,339.9676793
Маркеты,Итого,Стоимост. корзины,01.07 - 06.07,196.9210345
Маркеты,Итого,Стоимост. корзины,07.07 - 13.07,176.6136782
Маркеты,Итого,Стоимост. корзины,14.07 - 20.07,82.34567901
Маркеты,Итого,Стоимост. корзины,21.07 - 27.07,86.40714286
Маркеты,Итого,Стоимост. корзины,28.07 - 31.07,452.8418966
Маркеты,Итого,Стоимост. корзины,01.08 - 03.08,433.0433333
Маркеты,Итого,Стоимост. корзины,04.08 - 10.08,223.6111927
Маркеты,Итого,Стоимост. корзины,11.08 - 17.08,17.76959016
Маркеты,Итого,Стоимост. корзины,18.08 - 24.08,43.40544643
Маркеты,Итого,Стоимост. корзины,25.08 - 31.08,57.19211111
Маркеты,Итого,Стоимост. корзины,01.09 - 07.09,15.771
Маркеты,Итого,Стоимост. корзины,08.09 - 14.09,15.91467742
Маркеты,Итого,Стоимост. корзины,15.09 - 21.09,0
Маркеты,Итого,Стоимост. корзины,22.09 - 28.09,0
Маркеты,Итого,Стоимост. корзины,29.09 - 30.09,0
Маркеты,Итого,Стоимост. корзины,01.10 - 05.10,0
Маркеты,Итого,Стоимост. корзины,06.10 - 12.10,0
Маркеты,Итого,Стоимост. корзины,13.10 - 19.10,0
Маркеты,Итого,Стоимост. корзины,20.10 - 26.10,0
Маркеты,Итого,Стоимост. корзины,27.10 - 31.10,0
Маркеты,Итого,Стоимост. продажи,19.05 - 25.05,874.4346667
Маркеты,Итого,Стоимост. продажи,26.05 - 31.05,1099.625
Маркеты,Итого,Стоимост. продажи,01.06 - 08.06,1790.002308
Маркеты,Итого,Стоимост. продажи,09.06 - 15.06,0.09666666667
Маркеты,Итого,Стоимост. продажи,16.06 - 22.06,2185.775714
Маркеты,Итого,Стоимост. продажи,23.06 - 30.06,2599.107742
Маркеты,Итого,Стоимост. продажи,01.07 - 06.07,1019.769643
Маркеты,Итого,Стоимост. продажи,07.07 - 13.07,1097.527857
Маркеты,Итого,Стоимост. продажи,14.07 - 20.07,247.037037
Маркеты,Итого,Стоимост. продажи,21.07 - 27.07,576.047619
Маркеты,Итого,Стоимост. продажи,28.07 - 31.07,6566.2075
Маркеты,Итого,Стоимост. продажи,01.08 - 03.08,5196.52
Маркеты,Итого,Стоимост. продажи,04.08 - 10.08,1354.09
Маркеты,Итого,Стоимост. продажи,11.08 - 17.08,154.8492857
Маркеты,Итого,Стоимост. продажи,18.08 - 24.08,441.9463636
Маркеты,Итого,Стоимост. продажи,25.08 - 31.08,183.8317857
Маркеты,Итого,Стоимост. продажи,01.09 - 07.09,93.19227273
Маркеты,Итого,Стоимост. продажи,08.09 - 14.09,140.9585714
Маркеты,Итого,Стоимост. продажи,15.09 - 21.09,0
Маркеты,Итого,Стоимост. продажи,22.09 - 28.09,0
Маркеты,Итого,Стоимост. продажи,29.09 - 30.09,0
Маркеты,Итого,Стоимост. продажи,01.10 - 05.10,0
Маркеты,Итого,Стоимост. продажи,06.10 - 12.10,0
Маркеты,Итого,Стоимост. продажи,13.10 - 19.10,0
Маркеты,Итого,Стоимост. продажи,20.10 - 26.10,0
Маркеты,Итого,Стоимост. продажи,27.10 - 31.10,0
Маркеты,Итого,% сессия / корзина,19.05 - 25.05,0.05113306217
Маркеты,Итого,% сессия / корзина,26.05 - 31.05,0.08050847458
Маркеты,Итого,% сессия / корзина,01.06 - 08.06,0.3165137615
Маркеты,Итого,% сессия / корзина,09.06 - 15.06,5.076923077
Маркеты,Итого,% сессия / корзина,16.06 - 22.06,2.340909091
Маркеты,Итого,% сессия / корзина,23.06 - 30.06,0.3026819923
Маркеты,Итого,% сессия / корзина,01.07 - 06.07,0.4447852761
Маркеты,Итого,% сессия / корзина,07.07 - 13.07,0.4264705882
Маркеты,Итого,% сессия / корзина,14.07 - 20.07,0.6694214876
Маркеты,Итого,% сессия / корзина,21.07 - 27.07,1.085271318
Маркеты,Итого,% сессия / корзина,28.07 - 31.07,0.1169354839
Маркеты,Итого,% сессия / корзина,01.08 - 03.08,0.1206030151
Маркеты,Итого,% сессия / корзина,04.08 - 10.08,0.2215447154
Маркеты,Итого,% сессия / корзина,11.08 - 17.08,2.259259259
Маркеты,Итого,% сессия / корзина,18.08 - 24.08,7
Маркеты,Итого,% сессия / корзина,25.08 - 31.08,18
Маркеты,Итого,% сессия / корзина,01.09 - 07.09,#DIV/0!
Маркеты,Итого,% сессия / корзина,08.09 - 14.09,#DIV/0!
Маркеты,Итого,% сессия / корзина,15.09 - 21.09,#DIV/0!
Маркеты,Итого,% сессия / корзина,22.09 - 28.09,#DIV/0!
Маркеты,Итого,% сессия / корзина,29.09 - 30.09,#DIV/0!
Маркеты,Итого,% сессия / корзина,01.10 - 05.10,#DIV/0!
Маркеты,Итого,% сессия / корзина,06.10 - 12.10,#DIV/0!
Маркеты,Итого,% сессия / корзина,13.10 - 19.10,#DIV/0!
Маркеты,Итого,% сессия / корзина,20.10 - 26.10,#DIV/0!
Маркеты,Итого,% сессия / корзина,27.10 - 31.10,0
Маркеты,Итого,% корзина / продажи,19.05 - 25.05,0.1704545455
Маркеты,Итого,% корзина / продажи,26.05 - 31.05,0.3157894737
Маркеты,Итого,% корзина / продажи,01.06 - 08.06,0.1884057971
Маркеты,Итого,% корзина / продажи,09.06 - 15.06,0.1818181818
Маркеты,Итого,% корзина / продажи,16.06 - 22.06,0.1359223301
Маркеты,Итого,% корзина / продажи,23.06 - 30.06,0.1308016878
Маркеты,Итого,% корзина / продажи,01.07 - 06.07,0.1931034483
Маркеты,Итого,% корзина / продажи,07.07 - 13.07,0.1609195402
Маркеты,Итого,% корзина / продажи,14.07 - 20.07,0.3333333333
Маркеты,Итого,% корзина / продажи,21.07 - 27.07,0.15
Маркеты,Итого,% корзина / продажи,28.07 - 31.07,0.06896551724
Маркеты,Итого,% корзина / продажи,01.08 - 03.08,0.08333333333
Маркеты,Итого,% корзина / продажи,04.08 - 10.08,0.1651376147
Маркеты,Итого,% корзина / продажи,11.08 - 17.08,0.1147540984
Маркеты,Итого,% корзина / продажи,18.08 - 24.08,0.09821428571
Маркеты,Итого,% корзина / продажи,25.08 - 31.08,0.3111111111
Маркеты,Итого,% корзина / продажи,01.09 - 07.09,0.1692307692
Маркеты,Итого,% корзина / продажи,08.09 - 14.09,0.1129032258
Маркеты,Итого,% корзина / продажи,15.09 - 21.09,0.1165048544
Маркеты,Итого,% корзина / продажи,22.09 - 28.09,0.1145833333
Маркеты,Итого,% корзина / продажи,29.09 - 30.09,0.08771929825
Маркеты,Итого,% корзина / продажи,01.10 - 05.10,0.06451612903
Маркеты,Итого,% корзина / продажи,06.10 - 12.10,0.06451612903
Маркеты,Итого,% корзина / продажи,13.10 - 19.10,0.128440367
Маркеты,Итого,% корзина / продажи,20.10 - 26.10,0.1886792453
Маркеты,Итого,% корзина / продажи,27.10 - 31.10,0
Маркеты,OZON (Органика),Корзина,19.05 - 25.05,79.0
Маркеты,OZON (Органика),Корзина,26.05 - 31.05,35.0
Маркеты,OZON (Органика),Корзина,01.06 - 08.06,61.0
Маркеты,OZON (Органика),Корзина,09.06 - 15.06,63.0
Маркеты,OZON (Органика),Корзина,16.06 - 22.06,94.0
Маркеты,OZON (Органика),Корзина,23.06 - 30.06,139.0
Маркеты,OZON (Органика),Корзина,01.07 - 06.07,70.0
Маркеты,OZON (Органика),Корзина,07.07 - 13.07,53.0
Маркеты,OZON (Органика),Корзина,14.07 - 20.07,38.0
Маркеты,OZON (Органика),Корзина,21.07 - 27.07,65.0
Маркеты,OZON (Органика),Корзина,28.07 - 31.07,35.0
Маркеты,OZON (Органика),Корзина,01.08 - 03.08,28.0
Маркеты,OZON (Органика),Корзина,04.08 - 10.08,54.0
Маркеты,OZON (Органика),Корзина,11.08 - 17.08,43.0
Маркеты,OZON (Органика),Корзина,18.08 - 24.08,38.0
Маркеты,OZON (Органика),Корзина,25.08 - 31.08,38.0
Маркеты,OZON (Органика),Корзина,01.09 - 07.09,43.0
Маркеты,OZON (Органика),Корзина,08.09 - 14.09,67.0
Маркеты,OZON (Органика),Корзина,15.09 - 21.09,21.0
Маркеты,OZON (Органика),Корзина,22.09 - 28.09,37.0
Маркеты,OZON (Органика),Корзина,29.09 - 30.09,33.0
Маркеты,OZON (Органика),Корзина,01.10 - 05.10,31.0
Маркеты,OZON (Органика),Корзина,06.10 - 12.10,71.0
Маркеты,OZON (Органика),Корзина,13.10 - 19.10,49.0
Маркеты,OZON (Органика),Корзина,20.10 - 26.10,53.0
Маркеты,OZON (Органика),Корзина,27.10 - 31.10,
Маркеты,OZON (Органика),Продажи,19.05 - 25.05,9.0
Маркеты,OZON (Органика),Продажи,26.05 - 31.05,12.0
Маркеты,OZON (Органика),Продажи,01.06 - 08.06,11.0
Маркеты,OZON (Органика),Продажи,09.06 - 15.06,12.0
Маркеты,OZON (Органика),Продажи,16.06 - 22.06,13.0
Маркеты,OZON (Органика),Продажи,23.06 - 30.06,18.0
Маркеты,OZON (Органика),Продажи,01.07 - 06.07,16.0
Маркеты,OZON (Органика),Продажи,07.07 - 13.07,12.0
Маркеты,OZON (Органика),Продажи,14.07 - 20.07,12.0
Маркеты,OZON (Органика),Продажи,21.07 - 27.07,12.0
Маркеты,OZON (Органика),Продажи,28.07 - 31.07,2.0
Маркеты,OZON (Органика),Продажи,01.08 - 03.08,2.0
Маркеты,OZON (Органика),Продажи,04.08 - 10.08,7.0
Маркеты,OZON (Органика),Продажи,11.08 - 17.08,7.0
Маркеты,OZON (Органика),Продажи,18.08 - 24.08,3.0
Маркеты,OZON (Органика),Продажи,25.08 - 31.08,13.0
Маркеты,OZON (Органика),Продажи,01.09 - 07.09,3.0
Маркеты,OZON (Органика),Продажи,08.09 - 14.09,9.0
Маркеты,OZON (Органика),Продажи,15.09 - 21.09,4.0
Маркеты,OZON (Органика),Продажи,22.09 - 28.09,5.0
Маркеты,OZON (Органика),Продажи,29.09 - 30.09,0.0
Маркеты,OZON (Органика),Продажи,01.10 - 05.10,1.0
Маркеты,OZON (Органика),Продажи,06.10 - 12.10,3.0
Маркеты,OZON (Органика),Продажи,13.10 - 19.10,7.0
Маркеты,OZON (Органика),Продажи,20.10 - 26.10,6.0
Маркеты,OZON (Органика),Продажи,27.10 - 31.10,
Маркеты,OZON (Внутр. реклама),Расход,19.05 - 25.05,12639.67
Маркеты,OZON (Внутр. реклама),Расход,26.05 - 31.05,12495.9
Маркеты,OZON (Внутр. реклама),Расход,01.06 - 08.06,22863.03
Маркеты,OZON (Внутр. реклама),Расход,09.06 - 15.06,1.16
Маркеты,OZON (Внутр. реклама),Расход,16.06 - 22.06,30600.86
Маркеты,OZON (Внутр. реклама),Расход,23.06 - 30.06,80572.34
Маркеты,OZON (Внутр. реклама),Расход,01.07 - 06.07,28553.55
Маркеты,OZON (Внутр. реклама),Расход,07.07 - 13.07,15365.39
Маркеты,OZON (Внутр. реклама),Расход,14.07 - 20.07,6670
Маркеты,OZON (Внутр. реклама),Расход,21.07 - 27.07,12097
Маркеты,OZON (Внутр. реклама),Расход,28.07 - 31.07,24992
Маркеты,OZON (Внутр. реклама),Расход,01.08 - 03.08,19802
Маркеты,OZON (Внутр. реклама),Расход,04.08 - 10.08,23618
Маркеты,OZON (Внутр. реклама),Расход,11.08 - 17.08,2166
Маркеты,OZON (Внутр. реклама),Расход,18.08 - 24.08,3466
Маркеты,OZON (Внутр. реклама),Расход,25.08 - 31.08,3416
Маркеты,OZON (Внутр. реклама),Расход,01.09 - 07.09,0
Маркеты,OZON (Внутр. реклама),Расход,08.09 - 14.09,0
Маркеты,OZON (Внутр. реклама),Расход,15.09 - 21.09,0
Маркеты,OZON (Внутр. реклама),Расход,22.09 - 28.09,0
Маркеты,OZON (Внутр. реклама),Расход,29.09 - 30.09,0
Маркеты,OZON (Внутр. реклама),Расход,01.10 - 05.10,0
Маркеты,OZON (Внутр. реклама),Расход,06.10 - 12.10,0
Маркеты,OZON (Внутр. реклама),Расход,13.10 - 19.10,0
Маркеты,OZON (Внутр. реклама),Расход,20.10 - 26.10,0
Маркеты,OZON (Внутр. реклама),Расход,27.10 - 31.10,0
Маркеты,OZON (Внутр. реклама),Показы,19.05 - 25.05,33105
Маркеты,OZON (Внутр. реклама),Показы,26.05 - 31.05,6751
Маркеты,OZON (Внутр. реклама),Показы,01.06 - 08.06,3884
Маркеты,OZON (Внутр. реклама),Показы,09.06 - 15.06,5
Маркеты,OZON (Внутр. реклама),Показы,16.06 - 22.06,240601
Маркеты,OZON (Внутр. реклама),Показы,23.06 - 30.06,669916
Маркеты,OZON (Внутр. реклама),Показы,01.07 - 06.07,242609
Маркеты,OZON (Внутр. реклама),Показы,07.07 - 13.07,11713
Маркеты,OZON (Внутр. реклама),Показы,14.07 - 20.07,5360
Маркеты,OZON (Внутр. реклама),Показы,21.07 - 27.07,4961
Маркеты,OZON (Внутр. реклама),Показы,28.07 - 31.07,44957
Маркеты,OZON (Внутр. реклама),Показы,01.08 - 03.08,28775
Маркеты,OZON (Внутр. реклама),Показы,04.08 - 10.08,40467
Маркеты,OZON (Внутр. реклама),Показы,11.08 - 17.08,2520
Маркеты,OZON (Внутр. реклама),Показы,18.08 - 24.08,1041
Маркеты,OZON (Внутр. реклама),Показы,25.08 - 31.08,189
Маркеты,OZON (Внутр. реклама),Показы,01.09 - 07.09,0
Маркеты,OZON (Внутр. реклама),Показы,08.09 - 14.09,0
Маркеты,OZON (Внутр. реклама),Показы,15.09 - 21.09,0
Маркеты,OZON (Внутр. реклама),Показы,22.09 - 28.09,0
Маркеты,OZON (Внутр. реклама),Показы,29.09 - 30.09,0
Маркеты,OZON (Внутр. реклама),Показы,01.10 - 05.10,0
Маркеты,OZON (Внутр. реклама),Показы,06.10 - 12.10,0
Маркеты,OZON (Внутр. реклама),Показы,13.10 - 19.10,0
Маркеты,OZON (Внутр. реклама),Показы,20.10 - 26.10,0
Маркеты,OZON (Внутр. реклама),Показы,27.10 - 31.10,0
Маркеты,OZON (Внутр. реклама),Клики,19.05 - 25.05,4083
Маркеты,OZON (Внутр. реклама),Клики,26.05 - 31.05,771
Маркеты,OZON (Внутр. реклама),Клики,01.06 - 08.06,268
Маркеты,OZON (Внутр. реклама),Клики,09.06 - 15.06,1
Маркеты,OZON (Внутр. реклама),Клики,16.06 - 22.06,4671
Маркеты,OZON (Внутр. реклама),Клики,23.06 - 30.06,8565
Маркеты,OZON (Внутр. реклама),Клики,01.07 - 06.07,2980
Маркеты,OZON (Внутр. реклама),Клики,07.07 - 13.07,241
Маркеты,OZON (Внутр. реклама),Клики,14.07 - 20.07,121
Маркеты,OZON (Внутр. реклама),Клики,21.07 - 27.07,129
Маркеты,OZON (Внутр. реклама),Клики,28.07 - 31.07,404
Маркеты,OZON (Внутр. реклама),Клики,01.08 - 03.08,327
Маркеты,OZON (Внутр. реклама),Клики,04.08 - 10.08,440
Маркеты,OZON (Внутр. реклама),Клики,11.08 - 17.08,54
Маркеты,OZON (Внутр. реклама),Клики,18.08 - 24.08,16
Маркеты,OZON (Внутр. реклама),Клики,25.08 - 31.08,5
Маркеты,OZON (Внутр. реклама),Клики,01.09 - 07.09,0
Маркеты,OZON (Внутр. реклама),Клики,08.09 - 14.09,0
Маркеты,OZON (Внутр. реклама),Клики,15.09 - 21.09,0
Маркеты,OZON (Внутр. реклама),Клики,22.09 - 28.09,0
Маркеты,OZON (Внутр. реклама),Клики,29.09 - 30.09,0
Маркеты,OZON (Внутр. реклама),Клики,01.10 - 05.10,0
Маркеты,OZON (Внутр. реклама),Клики,06.10 - 12.10,0
Маркеты,OZON (Внутр. реклама),Клики,13.10 - 19.10,0
Маркеты,OZON (Внутр. реклама),Клики,20.10 - 26.10,0
Маркеты,OZON (Внутр. реклама),Клики,27.10 - 31.10,0
Маркеты,OZON (Внутр. реклама),Сессии,19.05 - 25.05,1713
Маркеты,OZON (Внутр. реклама),Сессии,26.05 - 31.05,464
Маркеты,OZON (Внутр. реклама),Сессии,01.06 - 08.06,207
Маркеты,OZON (Внутр. реклама),Сессии,09.06 - 15.06,0
Маркеты,OZON (Внутр. реклама),Сессии,16.06 - 22.06,44
Маркеты,OZON (Внутр. реклама),Сессии,23.06 - 30.06,783
Маркеты,OZON (Внутр. реклама),Сессии,01.07 - 06.07,326
Маркеты,OZON (Внутр. реклама),Сессии,07.07 - 13.07,204
Маркеты,OZON (Внутр. реклама),Сессии,14.07 - 20.07,121
Маркеты,OZON (Внутр. реклама),Сессии,21.07 - 27.07,129
Маркеты,OZON (Внутр. реклама),Сессии,28.07 - 31.07,404
Маркеты,OZON (Внутр. реклама),Сессии,01.08 - 03.08,327
Маркеты,OZON (Внутр. реклама),Сессии,04.08 - 10.08,440
Маркеты,OZON (Внутр. реклама),Сессии,11.08 - 17.08,54
Маркеты,OZON (Внутр. реклама),Сессии,18.08 - 24.08,16
Маркеты,OZON (Внутр. реклама),Сессии,25.08 - 31.08,5
Маркеты,OZON (Внутр. реклама),Сессии,01.09 - 07.09,0
Маркеты,OZON (Внутр. реклама),Сессии,08.09 - 14.09,0
Маркеты,OZON (Внутр. реклама),Сессии,15.09 - 21.09,0
Маркеты,OZON (Внутр. реклама),Сессии,22.09 - 28.09,0
Маркеты,OZON (Внутр. реклама),Сессии,29.09 - 30.09,0
Маркеты,OZON (Внутр. реклама),Сессии,01.10 - 05.10,0
Маркеты,OZON (Внутр. реклама),Сессии,06.10 - 12.10,0
Маркеты,OZON (Внутр. реклама),Сессии,13.10 - 19.10,0
Маркеты,OZON (Внутр. реклама),Сессии,20.10 - 26.10,0
Маркеты,OZON (Внутр. реклама),Сессии,27.10 - 31.10,0
Маркеты,OZON (Внутр. реклама),Корзина,19.05 - 25.05,9
Маркеты,OZON (Внутр. реклама),Корзина,26.05 - 31.05,2
Маркеты,OZON (Внутр. реклама),Корзина,01.06 - 08.06,1
Маркеты,OZON (Внутр. реклама),Корзина,09.06 - 15.06,0
Маркеты,OZON (Внутр. реклама),Корзина,16.06 - 22.06,0
Маркеты,OZON (Внутр. реклама),Корзина,23.06 - 30.06,52
Маркеты,OZON (Внутр. реклама),Корзина,01.07 - 06.07,28
Маркеты,OZON (Внутр. реклама),Корзина,07.07 - 13.07,27
Маркеты,OZON (Внутр. реклама),Корзина,14.07 - 20.07,18
Маркеты,OZON (Внутр. реклама),Корзина,21.07 - 27.07,28
Маркеты,OZON (Внутр. реклама),Корзина,28.07 - 31.07,21
Маркеты,OZON (Внутр. реклама),Корзина,01.08 - 03.08,17
Маркеты,OZON (Внутр. реклама),Корзина,04.08 - 10.08,19
Маркеты,OZON (Внутр. реклама),Корзина,11.08 - 17.08,8
Маркеты,OZON (Внутр. реклама),Корзина,18.08 - 24.08,1
Маркеты,OZON (Внутр. реклама),Корзина,25.08 - 31.08,2
Маркеты,OZON (Внутр. реклама),Корзина,01.09 - 07.09,0
Маркеты,OZON (Внутр. реклама),Корзина,08.09 - 14.09,0
Маркеты,OZON (Внутр. реклама),Корзина,15.09 - 21.09,0
Маркеты,OZON (Внутр. реклама),Корзина,22.09 - 28.09,0
Маркеты,OZON (Внутр. реклама),Корзина,29.09 - 30.09,0
Маркеты,OZON (Внутр. реклама),Корзина,01.10 - 05.10,0
Маркеты,OZON (Внутр. реклама),Корзина,06.10 - 12.10,0
Маркеты,OZON (Внутр. реклама),Корзина,13.10 - 19.10,0
Маркеты,OZON (Внутр. реклама),Корзина,20.10 - 26.10,0
Маркеты,OZON (Внутр. реклама),Корзина,27.10 - 31.10,0
Маркеты,OZON (Внутр. реклама),Стоимост. клика,19.05 - 25.05,3.095682096
Маркеты,OZON (Внутр. реклама),Стоимост. клика,26.05 - 31.05,16.207393
Маркеты,OZON (Внутр. реклама),Стоимост. клика,01.06 - 08.06,85.30981343
Маркеты,OZON (Внутр. реклама),Стоимост. клика,09.06 - 15.06,1.16
Маркеты,OZON (Внутр. реклама),Стоимост. клика,16.06 - 22.06,6.551243845
Маркеты,OZON (Внутр. реклама),Стоимост. клика,23.06 - 30.06,9.407161705
Маркеты,OZON (Внутр. реклама),Стоимост. клика,01.07 - 06.07,9.581728188
Маркеты,OZON (Внутр. реклама),Стоимост. клика,07.07 - 13.07,63.75680498
Маркеты,OZON (Внутр. реклама),Стоимост. клика,14.07 - 20.07,55.12396694
Маркеты,OZON (Внутр. реклама),Стоимост. клика,21.07 - 27.07,93.7751938
Маркеты,OZON (Внутр. реклама),Стоимост. клика,28.07 - 31.07,61.86138614
Маркеты,OZON (Внутр. реклама),Стоимост. клика,01.08 - 03.08,60.55657492
Маркеты,OZON (Внутр. реклама),Стоимост. клика,04.08 - 10.08,53.67727273
Маркеты,OZON (Внутр. реклама),Стоимост. клика,11.08 - 17.08,40.11111111
Маркеты,OZON (Внутр. реклама),Стоимост. клика,18.08 - 24.08,216.625
Маркеты,OZON (Внутр. реклама),Стоимост. клика,25.08 - 31.08,683.2
Маркеты,OZON (Внутр. реклама),Стоимост. клика,01.09 - 07.09,#DIV/0!
Маркеты,OZON (Внутр. реклама),Стоимост. клика,08.09 - 14.09,#DIV/0!
Маркеты,OZON (Внутр. реклама),Стоимост. клика,15.09 - 21.09,#DIV/0!
Маркеты,OZON (Внутр. реклама),Стоимост. клика,22.09 - 28.09,#DIV/0!
Маркеты,OZON (Внутр. реклама),Стоимост. клика,29.09 - 30.09,#DIV/0!
Маркеты,OZON (Внутр. реклама),Стоимост. клика,01.10 - 05.10,#DIV/0!
Маркеты,OZON (Внутр. реклама),Стоимост. клика,06.10 - 12.10,#DIV/0!
Маркеты,OZON (Внутр. реклама),Стоимост. клика,13.10 - 19.10,#DIV/0!
Маркеты,OZON (Внутр. реклама),Стоимост. клика,20.10 - 26.10,#DIV/0!
Маркеты,OZON (Внутр. реклама),Стоимост. клика,27.10 - 31.10,#DIV/0!
Маркеты,OZON (Внутр. реклама),Стоимост. сессии,19.05 - 25.05,7.378674839
Маркеты,OZON (Внутр. реклама),Стоимост. сессии,26.05 - 31.05,26.93081897
Маркеты,OZON (Внутр. реклама),Стоимост. сессии,01.06 - 08.06,110.4494203
Маркеты,OZON (Внутр. реклама),Стоимост. сессии,09.06 - 15.06,#DIV/0!
Маркеты,OZON (Внутр. реклама),Стоимост. сессии,16.06 - 22.06,695.4740909
Маркеты,OZON (Внутр. реклама),Стоимост. сессии,23.06 - 30.06,102.9020945
Маркеты,OZON (Внутр. реклама),Стоимост. сессии,01.07 - 06.07,87.58757669
Маркеты,OZON (Внутр. реклама),Стоимост. сессии,07.07 - 13.07,75.32053922
Маркеты,OZON (Внутр. реклама),Стоимост. сессии,14.07 - 20.07,55.12396694
Маркеты,OZON (Внутр. реклама),Стоимост. сессии,21.07 - 27.07,93.7751938
Маркеты,OZON (Внутр. реклама),Стоимост. сессии,28.07 - 31.07,61.86138614
Маркеты,OZON (Внутр. реклама),Стоимост. сессии,01.08 - 03.08,60.55657492
Маркеты,OZON (Внутр. реклама),Стоимост. сессии,04.08 - 10.08,53.67727273
Маркеты,OZON (Внутр. реклама),Стоимост. сессии,11.08 - 17.08,40.11111111
Маркеты,OZON (Внутр. реклама),Стоимост. сессии,18.08 - 24.08,216.625
Маркеты,OZON (Внутр. реклама),Стоимост. сессии,25.08 - 31.08,683.2
Маркеты,OZON (Внутр. реклама),Стоимост. сессии,01.09 - 07.09,#DIV/0!
Маркеты,OZON (Внутр. реклама),Стоимост. сессии,08.09 - 14.09,#DIV/0!
Маркеты,OZON (Внутр. реклама),Стоимост. сессии,15.09 - 21.09,#DIV/0!
Маркеты,OZON (Внутр. реклама),Стоимост. сессии,22.09 - 28.09,#DIV/0!
Маркеты,OZON (Внутр. реклама),Стоимост. сессии,29.09 - 30.09,#DIV/0!
Маркеты,OZON (Внутр. реклама),Стоимост. сессии,01.10 - 05.10,#DIV/0!
Маркеты,OZON (Внутр. реклама),Стоимост. сессии,06.10 - 12.10,#DIV/0!
Маркеты,OZON (Внутр. реклама),Стоимост. сессии,13.10 - 19.10,#DIV/0!
Маркеты,OZON (Внутр. реклама),Стоимост. сессии,20.10 - 26.10,#DIV/0!
Маркеты,OZON (Внутр. реклама),Стоимост. сессии,27.10 - 31.10,#DIV/0!
Маркеты,OZON (Внутр. реклама),Стоимост. корзины,19.05 - 25.05,1404.407778
Маркеты,OZON (Внутр. реклама),Стоимост. корзины,26.05 - 31.05,6247.95
Маркеты,OZON (Внутр. реклама),Стоимост. корзины,01.06 - 08.06,22863.03
Маркеты,OZON (Внутр. реклама),Стоимост. корзины,09.06 - 15.06,1.16
Маркеты,OZON (Внутр. реклама),Стоимост. корзины,16.06 - 22.06,30600.86
Маркеты,OZON (Внутр. реклама),Стоимост. корзины,23.06 - 30.06,1549.468077
Маркеты,OZON (Внутр. реклама),Стоимост. корзины,01.07 - 06.07,1019.769643
Маркеты,OZON (Внутр. реклама),Стоимост. корзины,07.07 - 13.07,569.0885185
Маркеты,OZON (Внутр. реклама),Стоимост. корзины,14.07 - 20.07,370.5555556
Маркеты,OZON (Внутр. реклама),Стоимост. корзины,21.07 - 27.07,432.0357143
Маркеты,OZON (Внутр. реклама),Стоимост. корзины,28.07 - 31.07,1190.095238
Маркеты,OZON (Внутр. реклама),Стоимост. корзины,01.08 - 03.08,1164.823529
Маркеты,OZON (Внутр. реклама),Стоимост. корзины,04.08 - 10.08,1243.052632
Маркеты,OZON (Внутр. реклама),Стоимост. корзины,11.08 - 17.08,270.75
Маркеты,OZON (Внутр. реклама),Стоимост. корзины,18.08 - 24.08,3466
Маркеты,OZON (Внутр. реклама),Стоимост. корзины,25.08 - 31.08,1708
Маркеты,OZON (Внутр. реклама),Стоимост. корзины,01.09 - 07.09,0
Маркеты,OZON (Внутр. реклама),Стоимост. корзины,08.09 - 14.09,0
Маркеты,OZON (Внутр. реклама),Стоимост. корзины,15.09 - 21.09,0
Маркеты,OZON (Внутр. реклама),Стоимост. корзины,22.09 - 28.09,0
Маркеты,OZON (Внутр. реклама),Стоимост. корзины,29.09 - 30.09,0
Маркеты,OZON (Внутр. реклама),Стоимост. корзины,01.10 - 05.10,0
Маркеты,OZON (Внутр. реклама),Стоимост. корзины,06.10 - 12.10,0
Маркеты,OZON (Внутр. реклама),Стоимост. корзины,13.10 - 19.10,0
Маркеты,OZON (Внутр. реклама),Стоимост. корзины,20.10 - 26.10,0
Маркеты,OZON (Внутр. реклама),Стоимост. корзины,27.10 - 31.10,0
Маркеты,OZON (Внутр. реклама),% сессия / корзина,19.05 - 25.05,0.005253940455
Маркеты,OZON (Внутр. реклама),% сессия / корзина,26.05 - 31.05,0.004310344828
Маркеты,OZON (Внутр. реклама),% сессия / корзина,01.06 - 08.06,0.004830917874
Маркеты,OZON (Внутр. реклама),% сессия / корзина,09.06 - 15.06,0
Маркеты,OZON (Внутр. реклама),% сессия / корзина,16.06 - 22.06,0
Маркеты,OZON (Внутр. реклама),% сессия / корзина,23.06 - 30.06,0.06641123883
Маркеты,OZON (Внутр. реклама),% сессия / корзина,01.07 - 06.07,0.08588957055
Маркеты,OZON (Внутр. реклама),% сессия / корзина,07.07 - 13.07,0.1323529412
Маркеты,OZON (Внутр. реклама),% сессия / корзина,14.07 - 20.07,0.1487603306
Маркеты,OZON (Внутр. реклама),% сессия / корзина,21.07 - 27.07,0.2170542636
Маркеты,OZON (Внутр. реклама),% сессия / корзина,28.07 - 31.07,0.05198019802
Маркеты,OZON (Внутр. реклама),% сессия / корзина,01.08 - 03.08,0.05198776758
Маркеты,OZON (Внутр. реклама),% сессия / корзина,04.08 - 10.08,0.04318181818
Маркеты,OZON (Внутр. реклама),% сессия / корзина,11.08 - 17.08,0.1481481481
Маркеты,OZON (Внутр. реклама),% сессия / корзина,18.08 - 24.08,0.0625
Маркеты,OZON (Внутр. реклама),% сессия / корзина,25.08 - 31.08,0.4
Маркеты,OZON (Внутр. реклама),% сессия / корзина,01.09 - 07.09,0
Маркеты,OZON (Внутр. реклама),% сессия / корзина,08.09 - 14.09,0
Маркеты,OZON (Внутр. реклама),% сессия / корзина,15.09 - 21.09,0
Маркеты,OZON (Внутр. реклама),% сессия / корзина,22.09 - 28.09,0
Маркеты,OZON (Внутр. реклама),% сессия / корзина,29.09 - 30.09,0
Маркеты,OZON (Внутр. реклама),% сессия / корзина,01.10 - 05.10,0
Маркеты,OZON (Внутр. реклама),% сессия / корзина,06.10 - 12.10,0
Маркеты,OZON (Внутр. реклама),% сессия / корзина,13.10 - 19.10,0
Маркеты,OZON (Внутр. реклама),% сессия / корзина,20.10 - 26.10,0
Маркеты,OZON (Внутр. реклама),% сессия / корзина,27.10 - 31.10,0
Маркеты,Оплата за заказ,Расход,19.05 - 25.05,
Маркеты,Оплата за заказ,Расход,26.05 - 31.05,
Маркеты,Оплата за заказ,Расход,01.06 - 08.06,
Маркеты,Оплата за заказ,Расход,09.06 - 15.06,
Маркеты,Оплата за заказ,Расход,16.06 - 22.06,
Маркеты,Оплата за заказ,Расход,23.06 - 30.06,12395.0
Маркеты,Оплата за заказ,Расход,01.07 - 06.07,12282.0
Маркеты,Оплата за заказ,Расход,07.07 - 13.07,14097.0
Маркеты,Оплата за заказ,Расход,14.07 - 20.07,6670.0
Маркеты,Оплата за заказ,Расход,21.07 - 27.07,12097.0
Маркеты,Оплата за заказ,Расход,28.07 - 31.07,2544
Маркеты,Оплата за заказ,Расход,01.08 - 03.08,2457
Маркеты,Оплата за заказ,Расход,04.08 - 10.08,1340.0
Маркеты,Оплата за заказ,Расход,11.08 - 17.08,2166.0
Маркеты,Оплата за заказ,Расход,18.08 - 24.08,3466.0
Маркеты,Оплата за заказ,Расход,25.08 - 31.08,3416.0
Маркеты,Оплата за заказ,Расход,01.09 - 07.09,
Маркеты,Оплата за заказ,Расход,08.09 - 14.09,
Маркеты,Оплата за заказ,Расход,15.09 - 21.09,
Маркеты,Оплата за заказ,Расход,22.09 - 28.09,
Маркеты,Оплата за заказ,Расход,29.09 - 30.09,
Маркеты,Оплата за заказ,Расход,01.10 - 05.10,
Маркеты,Оплата за заказ,Расход,06.10 - 12.10,
Маркеты,Оплата за заказ,Расход,13.10 - 19.10,
Маркеты,Оплата за заказ,Расход,20.10 - 26.10,
Маркеты,Оплата за заказ,Расход,27.10 - 31.10,
Маркеты,Оплата за заказ,Показы,19.05 - 25.05,
Маркеты,Оплата за заказ,Показы,26.05 - 31.05,
Маркеты,Оплата за заказ,Показы,01.06 - 08.06,
Маркеты,Оплата за заказ,Показы,09.06 - 15.06,
Маркеты,Оплата за заказ,Показы,16.06 - 22.06,
Маркеты,Оплата за заказ,Показы,23.06 - 30.06,33135.0
Маркеты,Оплата за заказ,Показы,01.07 - 06.07,10184.0
Маркеты,Оплата за заказ,Показы,07.07 - 13.07,9290.0
Маркеты,Оплата за заказ,Показы,14.07 - 20.07,5360.0
Маркеты,Оплата за заказ,Показы,21.07 - 27.07,4961.0
Маркеты,Оплата за заказ,Показы,28.07 - 31.07,2064.0
Маркеты,Оплата за заказ,Показы,01.08 - 03.08,1564.0
Маркеты,Оплата за заказ,Показы,04.08 - 10.08,3622.0
Маркеты,Оплата за заказ,Показы,11.08 - 17.08,2520.0
Маркеты,Оплата за заказ,Показы,18.08 - 24.08,1041.0
Маркеты,Оплата за заказ,Показы,25.08 - 31.08,189.0
Маркеты,Оплата за заказ,Показы,01.09 - 07.09,
Маркеты,Оплата за заказ,Показы,08.09 - 14.09,
Маркеты,Оплата за заказ,Показы,15.09 - 21.09,
Маркеты,Оплата за заказ,Показы,22.09 - 28.09,
Маркеты,Оплата за заказ,Показы,29.09 - 30.09,
Маркеты,Оплата за заказ,Показы,01.10 - 05.10,
Маркеты,Оплата за заказ,Показы,06.10 - 12.10,
Маркеты,Оплата за заказ,Показы,13.10 - 19.10,
Маркеты,Оплата за заказ,Показы,20.10 - 26.10,
Маркеты,Оплата за заказ,Показы,27.10 - 31.10,
Маркеты,Оплата за заказ,Клики,19.05 - 25.05,
Маркеты,Оплата за заказ,Клики,26.05 - 31.05,
Маркеты,Оплата за заказ,Клики,01.06 - 08.06,
Маркеты,Оплата за заказ,Клики,09.06 - 15.06,
Маркеты,Оплата за заказ,Клики,16.06 - 22.06,
Маркеты,Оплата за заказ,Клики,23.06 - 30.06,424.0
Маркеты,Оплата за заказ,Клики,01.07 - 06.07,185.0
Маркеты,Оплата за заказ,Клики,07.07 - 13.07,199.0
Маркеты,Оплата за заказ,Клики,14.07 - 20.07,121.0
Маркеты,Оплата за заказ,Клики,21.07 - 27.07,129.0
Маркеты,Оплата за заказ,Клики,28.07 - 31.07,30.0
Маркеты,Оплата за заказ,Клики,01.08 - 03.08,24.0
Маркеты,Оплата за заказ,Клики,04.08 - 10.08,51.0
Маркеты,Оплата за заказ,Клики,11.08 - 17.08,54.0
Маркеты,Оплата за заказ,Клики,18.08 - 24.08,16.0
Маркеты,Оплата за заказ,Клики,25.08 - 31.08,5.0
Маркеты,Оплата за заказ,Клики,01.09 - 07.09,
Маркеты,Оплата за заказ,Клики,08.09 - 14.09,
Маркеты,Оплата за заказ,Клики,15.09 - 21.09,
Маркеты,Оплата за заказ,Клики,22.09 - 28.09,
Маркеты,Оплата за заказ,Клики,29.09 - 30.09,
Маркеты,Оплата за заказ,Клики,01.10 - 05.10,
Маркеты,Оплата за заказ,Клики,06.10 - 12.10,
Маркеты,Оплата за заказ,Клики,13.10 - 19.10,
Маркеты,Оплата за заказ,Клики,20.10 - 26.10,
Маркеты,Оплата за заказ,Клики,27.10 - 31.10,
Маркеты,Оплата за заказ,Сессии,19.05 - 25.05,
Маркеты,Оплата за заказ,Сессии,26.05 - 31.05,
Маркеты,Оплата за заказ,Сессии,01.06 - 08.06,
Маркеты,Оплата за заказ,Сессии,09.06 - 15.06,
Маркеты,Оплата за заказ,Сессии,16.06 - 22.06,
Маркеты,Оплата за заказ,Сессии,23.06 - 30.06,424
Маркеты,Оплата за заказ,Сессии,01.07 - 06.07,185
Маркеты,Оплата за заказ,Сессии,07.07 - 13.07,199
Маркеты,Оплата за заказ,Сессии,14.07 - 20.07,121
Маркеты,Оплата за заказ,Сессии,21.07 - 27.07,129
Маркеты,Оплата за заказ,Сессии,28.07 - 31.07,30
Маркеты,Оплата за заказ,Сессии,01.08 - 03.08,24
Маркеты,Оплата за заказ,Сессии,04.08 - 10.08,51
Маркеты,Оплата за заказ,Сессии,11.08 - 17.08,54
Маркеты,Оплата за заказ,Сессии,18.08 - 24.08,16
Маркеты,Оплата за заказ,Сессии,25.08 - 31.08,5
Маркеты,Оплата за заказ,Сессии,01.09 - 07.09,
Маркеты,Оплата за заказ,Сессии,08.09 - 14.09,
Маркеты,Оплата за заказ,Сессии,15.09 - 21.09,
Маркеты,Оплата за заказ,Сессии,22.09 - 28.09,
Маркеты,Оплата за заказ,Сессии,29.09 - 30.09,
Маркеты,Оплата за заказ,Сессии,01.10 - 05.10,
Маркеты,Оплата за заказ,Сессии,06.10 - 12.10,
Маркеты,Оплата за заказ,Сессии,13.10 - 19.10,
Маркеты,Оплата за заказ,Сессии,20.10 - 26.10,
Маркеты,Оплата за заказ,Сессии,27.10 - 31.10,
Маркеты,Оплата за заказ,Корзина,19.05 - 25.05,
Маркеты,Оплата за заказ,Корзина,26.05 - 31.05,
Маркеты,Оплата за заказ,Корзина,01.06 - 08.06,
Маркеты,Оплата за заказ,Корзина,09.06 - 15.06,
Маркеты,Оплата за заказ,Корзина,16.06 - 22.06,
Маркеты,Оплата за заказ,Корзина,23.06 - 30.06,44.0
Маркеты,Оплата за заказ,Корзина,01.07 - 06.07,25.0
Маркеты,Оплата за заказ,Корзина,07.07 - 13.07,27.0
Маркеты,Оплата за заказ,Корзина,14.07 - 20.07,18.0
Маркеты,Оплата за заказ,Корзина,21.07 - 27.07,28.0
Маркеты,Оплата за заказ,Корзина,28.07 - 31.07,3.0
Маркеты,Оплата за заказ,Корзина,01.08 - 03.08,1.0
Маркеты,Оплата за заказ,Корзина,04.08 - 10.08,3.0
Маркеты,Оплата за заказ,Корзина,11.08 - 17.08,8.0
Маркеты,Оплата за заказ,Корзина,18.08 - 24.08,1.0
Маркеты,Оплата за заказ,Корзина,25.08 - 31.08,2.0
Маркеты,Оплата за заказ,Корзина,01.09 - 07.09,
Маркеты,Оплата за заказ,Корзина,08.09 - 14.09,
Маркеты,Оплата за заказ,Корзина,15.09 - 21.09,
Маркеты,Оплата за заказ,Корзина,22.09 - 28.09,
Маркеты,Оплата за заказ,Корзина,29.09 - 30.09,
Маркеты,Оплата за заказ,Корзина,01.10 - 05.10,
Маркеты,Оплата за заказ,Корзина,06.10 - 12.10,
Маркеты,Оплата за заказ,Корзина,13.10 - 19.10,
Маркеты,Оплата за заказ,Корзина,20.10 - 26.10,
Маркеты,Оплата за заказ,Корзина,27.10 - 31.10,
Маркеты,Оплата за заказ,Стоимост. клика,19.05 - 25.05,#DIV/0!
Маркеты,Оплата за заказ,Стоимост. клика,26.05 - 31.05,#DIV/0!
Маркеты,Оплата за заказ,Стоимост. клика,01.06 - 08.06,#DIV/0!
Маркеты,Оплата за заказ,Стоимост. клика,09.06 - 15.06,#DIV/0!
Маркеты,Оплата за заказ,Стоимост. клика,16.06 - 22.06,#DIV/0!
Маркеты,Оплата за заказ,Стоимост. клика,23.06 - 30.06,29.23349057
Маркеты,Оплата за заказ,Стоимост. клика,01.07 - 06.07,66.38918919
Маркеты,Оплата за заказ,Стоимост. клика,07.07 - 13.07,70.83919598
Маркеты,Оплата за заказ,Стоимост. клика,14.07 - 20.07,55.12396694
Маркеты,Оплата за заказ,Стоимост. клика,21.07 - 27.07,93.7751938
Маркеты,Оплата за заказ,Стоимост. клика,28.07 - 31.07,84.8
Маркеты,Оплата за заказ,Стоимост. клика,01.08 - 03.08,102.375
Маркеты,Оплата за заказ,Стоимост. клика,04.08 - 10.08,26.2745098
Маркеты,Оплата за заказ,Стоимост. клика,11.08 - 17.08,40.11111111
Маркеты,Оплата за заказ,Стоимост. клика,18.08 - 24.08,216.625
Маркеты,Оплата за заказ,Стоимост. клика,25.08 - 31.08,683.2
Маркеты,Оплата за заказ,Стоимост. клика,01.09 - 07.09,#DIV/0!
Маркеты,Оплата за заказ,Стоимост. клика,08.09 - 14.09,#DIV/0!
Маркеты,Оплата за заказ,Стоимост. клика,15.09 - 21.09,#DIV/0!
Маркеты,Оплата за заказ,Стоимост. клика,22.09 - 28.09,#DIV/0!
Маркеты,Оплата за заказ,Стоимост. клика,29.09 - 30.09,#DIV/0!
Маркеты,Оплата за заказ,Стоимост. клика,01.10 - 05.10,#DIV/0!
Маркеты,Оплата за заказ,Стоимост. клика,06.10 - 12.10,#DIV/0!
Маркеты,Оплата за заказ,Стоимост. клика,13.10 - 19.10,#DIV/0!
Маркеты,Оплата за заказ,Стоимост. клика,20.10 - 26.10,#DIV/0!
Маркеты,Оплата за заказ,Стоимост. клика,27.10 - 31.10,#DIV/0!
Маркеты,Оплата за заказ,Стоимост. сессии,19.05 - 25.05,#DIV/0!
Маркеты,Оплата за заказ,Стоимост. сессии,26.05 - 31.05,#DIV/0!
Маркеты,Оплата за заказ,Стоимост. сессии,01.06 - 08.06,#DIV/0!
Маркеты,Оплата за заказ,Стоимост. сессии,09.06 - 15.06,#DIV/0!
Маркеты,Оплата за заказ,Стоимост. сессии,16.06 - 22.06,#DIV/0!
Маркеты,Оплата за заказ,Стоимост. сессии,23.06 - 30.06,29.23349057
Маркеты,Оплата за заказ,Стоимост. сессии,01.07 - 06.07,66.38918919
Маркеты,Оплата за заказ,Стоимост. сессии,07.07 - 13.07,70.83919598
Маркеты,Оплата за заказ,Стоимост. сессии,14.07 - 20.07,55.12396694
Маркеты,Оплата за заказ,Стоимост. сессии,21.07 - 27.07,93.7751938
Маркеты,Оплата за заказ,Стоимост. сессии,28.07 - 31.07,84.8
Маркеты,Оплата за заказ,Стоимост. сессии,01.08 - 03.08,102.375
Маркеты,Оплата за заказ,Стоимост. сессии,04.08 - 10.08,26.2745098
Маркеты,Оплата за заказ,Стоимост. сессии,11.08 - 17.08,40.11111111
Маркеты,Оплата за заказ,Стоимост. сессии,18.08 - 24.08,216.625
Маркеты,Оплата за заказ,Стоимост. сессии,25.08 - 31.08,683.2
Маркеты,Оплата за заказ,Стоимост. сессии,01.09 - 07.09,#DIV/0!
Маркеты,Оплата за заказ,Стоимост. сессии,08.09 - 14.09,#DIV/0!
Маркеты,Оплата за заказ,Стоимост. сессии,15.09 - 21.09,#DIV/0!
Маркеты,Оплата за заказ,Стоимост. сессии,22.09 - 28.09,#DIV/0!
Маркеты,Оплата за заказ,Стоимост. сессии,29.09 - 30.09,#DIV/0!
Маркеты,Оплата за заказ,Стоимост. сессии,01.10 - 05.10,#DIV/0!
Маркеты,Оплата за заказ,Стоимост. сессии,06.10 - 12.10,#DIV/0!
Маркеты,Оплата за заказ,Стоимост. сессии,13.10 - 19.10,#DIV/0!
Маркеты,Оплата за заказ,Стоимост. сессии,20.10 - 26.10,#DIV/0!
Маркеты,Оплата за заказ,Стоимост. сессии,27.10 - 31.10,#DIV/0!
Маркеты,Оплата за заказ,Стоимост. корзины,19.05 - 25.05,
Маркеты,Оплата за заказ,Стоимост. корзины,26.05 - 31.05,
Маркеты,Оплата за заказ,Стоимост. корзины,01.06 - 08.06,
Маркеты,Оплата за заказ,Стоимост. корзины,09.06 - 15.06,
Маркеты,Оплата за заказ,Стоимост. корзины,16.06 - 22.06,
Маркеты,Оплата за заказ,Стоимост. корзины,23.06 - 30.06,281.7045455
Маркеты,Оплата за заказ,Стоимост. корзины,01.07 - 06.07,491.28
Маркеты,Оплата за заказ,Стоимост. корзины,07.07 - 13.07,522.1111111
Маркеты,Оплата за заказ,Стоимост. корзины,14.07 - 20.07,370.5555556
Маркеты,Оплата за заказ,Стоимост. корзины,21.07 - 27.07,432.0357143
Маркеты,Оплата за заказ,Стоимост. корзины,28.07 - 31.07,848
Маркеты,Оплата за заказ,Стоимост. корзины,01.08 - 03.08,2457
Маркеты,Оплата за заказ,Стоимост. корзины,04.08 - 10.08,446.6666667
Маркеты,Оплата за заказ,Стоимост. корзины,11.08 - 17.08,270.75
Маркеты,Оплата за заказ,Стоимост. корзины,18.08 - 24.08,3466
Маркеты,Оплата за заказ,Стоимост. корзины,25.08 - 31.08,1708
Маркеты,Оплата за заказ,Стоимост. корзины,01.09 - 07.09,
Маркеты,Оплата за заказ,Стоимост. корзины,08.09 - 14.09,
Маркеты,Оплата за заказ,Стоимост. корзины,15.09 - 21.09,
Маркеты,Оплата за заказ,Стоимост. корзины,22.09 - 28.09,
Маркеты,Оплата за заказ,Стоимост. корзины,29.09 - 30.09,
Маркеты,Оплата за заказ,Стоимост. корзины,01.10 - 05.10,
Маркеты,Оплата за заказ,Стоимост. корзины,06.10 - 12.10,
Маркеты,Оплата за заказ,Стоимост. корзины,13.10 - 19.10,
Маркеты,Оплата за заказ,Стоимост. корзины,20.10 - 26.10,
Маркеты,Оплата за заказ,Стоимост. корзины,27.10 - 31.10,
Маркеты,Оплата за заказ,% сессия / корзина,19.05 - 25.05,0
Маркеты,Оплата за заказ,% сессия / корзина,26.05 - 31.05,0
Маркеты,Оплата за заказ,% сессия / корзина,01.06 - 08.06,0
Маркеты,Оплата за заказ,% сессия / корзина,09.06 - 15.06,0
Маркеты,Оплата за заказ,% сессия / корзина,16.06 - 22.06,0
Маркеты,Оплата за заказ,% сессия / корзина,23.06 - 30.06,0.1037735849
Маркеты,Оплата за заказ,% сессия / корзина,01.07 - 06.07,0.1351351351
Маркеты,Оплата за заказ,% сессия / корзина,07.07 - 13.07,0.135678392
Маркеты,Оплата за заказ,% сессия / корзина,14.07 - 20.07,0.1487603306
Маркеты,Оплата за заказ,% сессия / корзина,21.07 - 27.07,0.2170542636
Маркеты,Оплата за заказ,% сессия / корзина,28.07 - 31.07,0.1
Маркеты,Оплата за заказ,% сессия / корзина,01.08 - 03.08,0.04166666667
Маркеты,Оплата за заказ,% сессия / корзина,04.08 - 10.08,0.05882352941
Маркеты,Оплата за заказ,% сессия / корзина,11.08 - 17.08,0.1481481481
Маркеты,Оплата за заказ,% сессия / корзина,18.08 - 24.08,0.0625
Маркеты,Оплата за заказ,% сессия / корзина,25.08 - 31.08,0.4
Маркеты,Оплата за заказ,% сессия / корзина,01.09 - 07.09,0
Маркеты,Оплата за заказ,% сессия / корзина,08.09 - 14.09,0
Маркеты,Оплата за заказ,% сессия / корзина,15.09 - 21.09,0
Маркеты,Оплата за заказ,% сессия / корзина,22.09 - 28.09,0
Маркеты,Оплата за заказ,% сессия / корзина,29.09 - 30.09,0
Маркеты,Оплата за заказ,% сессия / корзина,01.10 - 05.10,0
Маркеты,Оплата за заказ,% сессия / корзина,06.10 - 12.10,0
Маркеты,Оплата за заказ,% сессия / корзина,13.10 - 19.10,0
Маркеты,Оплата за заказ,% сессия / корзина,20.10 - 26.10,0
Маркеты,Оплата за заказ,% сессия / корзина,27.10 - 31.10,0
Маркеты,Трафареты,Расход,19.05 - 25.05,
Маркеты,Трафареты,Расход,26.05 - 31.05,
Маркеты,Трафареты,Расход,01.06 - 08.06,
Маркеты,Трафареты,Расход,09.06 - 15.06,
Маркеты,Трафареты,Расход,16.06 - 22.06,
Маркеты,Трафареты,Расход,23.06 - 30.06,
Маркеты,Трафареты,Расход,01.07 - 06.07,
Маркеты,Трафареты,Расход,07.07 - 13.07,
Маркеты,Трафареты,Расход,14.07 - 20.07,
Маркеты,Трафареты,Расход,21.07 - 27.07,
Маркеты,Трафареты,Расход,28.07 - 31.07,8537.0
Маркеты,Трафареты,Расход,01.08 - 03.08,5411.0
Маркеты,Трафареты,Расход,04.08 - 10.08,7583.0
Маркеты,Трафареты,Расход,11.08 - 17.08,
Маркеты,Трафареты,Расход,18.08 - 24.08,
Маркеты,Трафареты,Расход,25.08 - 31.08,
Маркеты,Трафареты,Расход,01.09 - 07.09,
Маркеты,Трафареты,Расход,08.09 - 14.09,
Маркеты,Трафареты,Расход,15.09 - 21.09,
Маркеты,Трафареты,Расход,22.09 - 28.09,
Маркеты,Трафареты,Расход,29.09 - 30.09,
Маркеты,Трафареты,Расход,01.10 - 05.10,
Маркеты,Трафареты,Расход,06.10 - 12.10,
Маркеты,Трафареты,Расход,13.10 - 19.10,
Маркеты,Трафареты,Расход,20.10 - 26.10,
Маркеты,Трафареты,Расход,27.10 - 31.10,
Маркеты,Трафареты,Показы,19.05 - 25.05,
Маркеты,Трафареты,Показы,26.05 - 31.05,
Маркеты,Трафареты,Показы,01.06 - 08.06,
Маркеты,Трафареты,Показы,09.06 - 15.06,
Маркеты,Трафареты,Показы,16.06 - 22.06,
Маркеты,Трафареты,Показы,23.06 - 30.06,
Маркеты,Трафареты,Показы,01.07 - 06.07,
Маркеты,Трафареты,Показы,07.07 - 13.07,
Маркеты,Трафареты,Показы,14.07 - 20.07,
Маркеты,Трафареты,Показы,21.07 - 27.07,
Маркеты,Трафареты,Показы,28.07 - 31.07,31158.0
Маркеты,Трафареты,Показы,01.08 - 03.08,13481.0
Маркеты,Трафареты,Показы,04.08 - 10.08,21731.0
Маркеты,Трафареты,Показы,11.08 - 17.08,
Маркеты,Трафареты,Показы,18.08 - 24.08,
Маркеты,Трафареты,Показы,25.08 - 31.08,
Маркеты,Трафареты,Показы,01.09 - 07.09,
Маркеты,Трафареты,Показы,08.09 - 14.09,
Маркеты,Трафареты,Показы,15.09 - 21.09,
Маркеты,Трафареты,Показы,22.09 - 28.09,
Маркеты,Трафареты,Показы,29.09 - 30.09,
Маркеты,Трафареты,Показы,01.10 - 05.10,
Маркеты,Трафареты,Показы,06.10 - 12.10,
Маркеты,Трафареты,Показы,13.10 - 19.10,
Маркеты,Трафареты,Показы,20.10 - 26.10,
Маркеты,Трафареты,Показы,27.10 - 31.10,
Маркеты,Трафареты,Клики,19.05 - 25.05,
Маркеты,Трафареты,Клики,26.05 - 31.05,
Маркеты,Трафареты,Клики,01.06 - 08.06,
Маркеты,Трафареты,Клики,09.06 - 15.06,
Маркеты,Трафареты,Клики,16.06 - 22.06,
Маркеты,Трафареты,Клики,23.06 - 30.06,
Маркеты,Трафареты,Клики,01.07 - 06.07,
Маркеты,Трафареты,Клики,07.07 - 13.07,
Маркеты,Трафареты,Клики,14.07 - 20.07,
Маркеты,Трафареты,Клики,21.07 - 27.07,
Маркеты,Трафареты,Клики,28.07 - 31.07,224.0
Маркеты,Трафареты,Клики,01.08 - 03.08,141.0
Маркеты,Трафареты,Клики,04.08 - 10.08,195.0
Маркеты,Трафареты,Клики,11.08 - 17.08,
Маркеты,Трафареты,Клики,18.08 - 24.08,
Маркеты,Трафареты,Клики,25.08 - 31.08,
Маркеты,Трафареты,Клики,01.09 - 07.09,
Маркеты,Трафареты,Клики,08.09 - 14.09,
Маркеты,Трафареты,Клики,15.09 - 21.09,
Маркеты,Трафареты,Клики,22.09 - 28.09,
Маркеты,Трафареты,Клики,29.09 - 30.09,
Маркеты,Трафареты,Клики,01.10 - 05.10,
Маркеты,Трафареты,Клики,06.10 - 12.10,
Маркеты,Трафареты,Клики,13.10 - 19.10,
Маркеты,Трафареты,Клики,20.10 - 26.10,
Маркеты,Трафареты,Клики,27.10 - 31.10,
Маркеты,Трафареты,Сессии,19.05 - 25.05,
Маркеты,Трафареты,Сессии,26.05 - 31.05,
Маркеты,Трафареты,Сессии,01.06 - 08.06,
Маркеты,Трафареты,Сессии,09.06 - 15.06,
Маркеты,Трафареты,Сессии,16.06 - 22.06,
Маркеты,Трафареты,Сессии,23.06 - 30.06,
Маркеты,Трафареты,Сессии,01.07 - 06.07,
Маркеты,Трафареты,Сессии,07.07 - 13.07,
Маркеты,Трафареты,Сессии,14.07 - 20.07,
Маркеты,Трафареты,Сессии,21.07 - 27.07,
Маркеты,Трафареты,Сессии,28.07 - 31.07,224
Маркеты,Трафареты,Сессии,01.08 - 03.08,141
Маркеты,Трафареты,Сессии,04.08 - 10.08,195
Маркеты,Трафареты,Сессии,11.08 - 17.08,
Маркеты,Трафареты,Сессии,18.08 - 24.08,
Маркеты,Трафареты,Сессии,25.08 - 31.08,
Маркеты,Трафареты,Сессии,01.09 - 07.09,
Маркеты,Трафареты,Сессии,08.09 - 14.09,
Маркеты,Трафареты,Сессии,15.09 - 21.09,
Маркеты,Трафареты,Сессии,22.09 - 28.09,
Маркеты,Трафареты,Сессии,29.09 - 30.09,
Маркеты,Трафареты,Сессии,01.10 - 05.10,
Маркеты,Трафареты,Сессии,06.10 - 12.10,
Маркеты,Трафареты,Сессии,13.10 - 19.10,
Маркеты,Трафареты,Сессии,20.10 - 26.10,
Маркеты,Трафареты,Сессии,27.10 - 31.10,
Маркеты,Трафареты,Корзина,19.05 - 25.05,
Маркеты,Трафареты,Корзина,26.05 - 31.05,
Маркеты,Трафареты,Корзина,01.06 - 08.06,
Маркеты,Трафареты,Корзина,09.06 - 15.06,
Маркеты,Трафареты,Корзина,16.06 - 22.06,
Маркеты,Трафареты,Корзина,23.06 - 30.06,
Маркеты,Трафареты,Корзина,01.07 - 06.07,
Маркеты,Трафареты,Корзина,07.07 - 13.07,
Маркеты,Трафареты,Корзина,14.07 - 20.07,
Маркеты,Трафареты,Корзина,21.07 - 27.07,
Маркеты,Трафареты,Корзина,28.07 - 31.07,8.0
Маркеты,Трафареты,Корзина,01.08 - 03.08,5.0
Маркеты,Трафареты,Корзина,04.08 - 10.08,5.0
Маркеты,Трафареты,Корзина,11.08 - 17.08,
Маркеты,Трафареты,Корзина,18.08 - 24.08,
Маркеты,Трафареты,Корзина,25.08 - 31.08,
Маркеты,Трафареты,Корзина,01.09 - 07.09,
Маркеты,Трафареты,Корзина,08.09 - 14.09,
Маркеты,Трафареты,Корзина,15.09 - 21.09,
Маркеты,Трафареты,Корзина,22.09 - 28.09,
Маркеты,Трафареты,Корзина,29.09 - 30.09,
Маркеты,Трафареты,Корзина,01.10 - 05.10,
Маркеты,Трафареты,Корзина,06.10 - 12.10,
Маркеты,Трафареты,Корзина,13.10 - 19.10,
Маркеты,Трафареты,Корзина,20.10 - 26.10,
Маркеты,Трафареты,Корзина,27.10 - 31.10,
Маркеты,Трафареты,Стоимост. клика,19.05 - 25.05,#DIV/0!
Маркеты,Трафареты,Стоимост. клика,26.05 - 31.05,#DIV/0!
Маркеты,Трафареты,Стоимост. клика,01.06 - 08.06,#DIV/0!
Маркеты,Трафареты,Стоимост. клика,09.06 - 15.06,#DIV/0!
Маркеты,Трафареты,Стоимост. клика,16.06 - 22.06,#DIV/0!
Маркеты,Трафареты,Стоимост. клика,23.06 - 30.06,#DIV/0!
Маркеты,Трафареты,Стоимост. клика,01.07 - 06.07,#DIV/0!
Маркеты,Трафареты,Стоимост. клика,07.07 - 13.07,#DIV/0!
Маркеты,Трафареты,Стоимост. клика,14.07 - 20.07,#DIV/0!
Маркеты,Трафареты,Стоимост. клика,21.07 - 27.07,#DIV/0!
Маркеты,Трафареты,Стоимост. клика,28.07 - 31.07,38.11160714
Маркеты,Трафареты,Стоимост. клика,01.08 - 03.08,38.37588652
Маркеты,Трафареты,Стоимост. клика,04.08 - 10.08,38.88717949
Маркеты,Трафареты,Стоимост. клика,11.08 - 17.08,#DIV/0!
Маркеты,Трафареты,Стоимост. клика,18.08 - 24.08,#DIV/0!
Маркеты,Трафареты,Стоимост. клика,25.08 - 31.08,#DIV/0!
Маркеты,Трафареты,Стоимост. клика,01.09 - 07.09,#DIV/0!
Маркеты,Трафареты,Стоимост. клика,08.09 - 14.09,#DIV/0!
Маркеты,Трафареты,Стоимост. клика,15.09 - 21.09,#DIV/0!
Маркеты,Трафареты,Стоимост. клика,22.09 - 28.09,#DIV/0!
Маркеты,Трафареты,Стоимост. клика,29.09 - 30.09,#DIV/0!
Маркеты,Трафареты,Стоимост. клика,01.10 - 05.10,#DIV/0!
Маркеты,Трафареты,Стоимост. клика,06.10 - 12.10,#DIV/0!
Маркеты,Трафареты,Стоимост. клика,13.10 - 19.10,#DIV/0!
Маркеты,Трафареты,Стоимост. клика,20.10 - 26.10,#DIV/0!
Маркеты,Трафареты,Стоимост. клика,27.10 - 31.10,#DIV/0!
Маркеты,Трафареты,Стоимост. сессии,19.05 - 25.05,#DIV/0!
Маркеты,Трафареты,Стоимост. сессии,26.05 - 31.05,#DIV/0!
Маркеты,Трафареты,Стоимост. сессии,01.06 - 08.06,#DIV/0!
Маркеты,Трафареты,Стоимост. сессии,09.06 - 15.06,#DIV/0!
Маркеты,Трафареты,Стоимост. сессии,16.06 - 22.06,#DIV/0!
Маркеты,Трафареты,Стоимост. сессии,23.06 - 30.06,#DIV/0!
Маркеты,Трафареты,Стоимост. сессии,01.07 - 06.07,#DIV/0!
Маркеты,Трафареты,Стоимост. сессии,07.07 - 13.07,#DIV/0!
Маркеты,Трафареты,Стоимост. сессии,14.07 - 20.07,#DIV/0!
Маркеты,Трафареты,Стоимост. сессии,21.07 - 27.07,#DIV/0!
Маркеты,Трафареты,Стоимост. сессии,28.07 - 31.07,38.11160714
Маркеты,Трафареты,Стоимост. сессии,01.08 - 03.08,38.37588652
Маркеты,Трафареты,Стоимост. сессии,04.08 - 10.08,38.88717949
Маркеты,Трафареты,Стоимост. сессии,11.08 - 17.08,#DIV/0!
Маркеты,Трафареты,Стоимост. сессии,18.08 - 24.08,#DIV/0!
Маркеты,Трафареты,Стоимост. сессии,25.08 - 31.08,#DIV/0!
Маркеты,Трафареты,Стоимост. сессии,01.09 - 07.09,#DIV/0!
Маркеты,Трафареты,Стоимост. сессии,08.09 - 14.09,#DIV/0!
Маркеты,Трафареты,Стоимост. сессии,15.09 - 21.09,#DIV/0!
Маркеты,Трафареты,Стоимост. сессии,22.09 - 28.09,#DIV/0!
Маркеты,Трафареты,Стоимост. сессии,29.09 - 30.09,#DIV/0!
Маркеты,Трафареты,Стоимост. сессии,01.10 - 05.10,#DIV/0!
Маркеты,Трафареты,Стоимост. сессии,06.10 - 12.10,#DIV/0!
Маркеты,Трафареты,Стоимост. сессии,13.10 - 19.10,#DIV/0!
Маркеты,Трафареты,Стоимост. сессии,20.10 - 26.10,#DIV/0!
Маркеты,Трафареты,Стоимост. сессии,27.10 - 31.10,#DIV/0!
Маркеты,Трафареты,Стоимост. корзины,19.05 - 25.05,
Маркеты,Трафареты,Стоимост. корзины,26.05 - 31.05,
Маркеты,Трафареты,Стоимост. корзины,01.06 - 08.06,
Маркеты,Трафареты,Стоимост. корзины,09.06 - 15.06,
Маркеты,Трафареты,Стоимост. корзины,16.06 - 22.06,
Маркеты,Трафареты,Стоимост. корзины,23.06 - 30.06,
Маркеты,Трафареты,Стоимост. корзины,01.07 - 06.07,
Маркеты,Трафареты,Стоимост. корзины,07.07 - 13.07,
Маркеты,Трафареты,Стоимост. корзины,14.07 - 20.07,
Маркеты,Трафареты,Стоимост. корзины,21.07 - 27.07,
Маркеты,Трафареты,Стоимост. корзины,28.07 - 31.07,1067.125
Маркеты,Трафареты,Стоимост. корзины,01.08 - 03.08,1082.2
Маркеты,Трафареты,Стоимост. корзины,04.08 - 10.08,1516.6
Маркеты,Трафареты,Стоимост. корзины,11.08 - 17.08,
Маркеты,Трафареты,Стоимост. корзины,18.08 - 24.08,
Маркеты,Трафареты,Стоимост. корзины,25.08 - 31.08,
Маркеты,Трафареты,Стоимост. корзины,01.09 - 07.09,
Маркеты,Трафареты,Стоимост. корзины,08.09 - 14.09,
Маркеты,Трафареты,Стоимост. корзины,15.09 - 21.09,
Маркеты,Трафареты,Стоимост. корзины,22.09 - 28.09,
Маркеты,Трафареты,Стоимост. корзины,29.09 - 30.09,
Маркеты,Трафареты,Стоимост. корзины,01.10 - 05.10,
Маркеты,Трафареты,Стоимост. корзины,06.10 - 12.10,
Маркеты,Трафареты,Стоимост. корзины,13.10 - 19.10,
Маркеты,Трафареты,Стоимост. корзины,20.10 - 26.10,
Маркеты,Трафареты,Стоимост. корзины,27.10 - 31.10,
Маркеты,Трафареты,% сессия / корзина,19.05 - 25.05,0
Маркеты,Трафареты,% сессия / корзина,26.05 - 31.05,0
Маркеты,Трафареты,% сессия / корзина,01.06 - 08.06,0
Маркеты,Трафареты,% сессия / корзина,09.06 - 15.06,0
Маркеты,Трафареты,% сессия / корзина,16.06 - 22.06,0
Маркеты,Трафареты,% сессия / корзина,23.06 - 30.06,0
Маркеты,Трафареты,% сессия / корзина,01.07 - 06.07,0
Маркеты,Трафареты,% сессия / корзина,07.07 - 13.07,0
Маркеты,Трафареты,% сессия / корзина,14.07 - 20.07,0
Маркеты,Трафареты,% сессия / корзина,21.07 - 27.07,0
Маркеты,Трафареты,% сессия / корзина,28.07 - 31.07,0.03571428571
Маркеты,Трафареты,% сессия / корзина,01.08 - 03.08,0.03546099291
Маркеты,Трафареты,% сессия / корзина,04.08 - 10.08,0.02564102564
Маркеты,Трафареты,% сессия / корзина,11.08 - 17.08,0
Маркеты,Трафареты,% сессия / корзина,18.08 - 24.08,0
Маркеты,Трафареты,% сессия / корзина,25.08 - 31.08,0
Маркеты,Трафареты,% сессия / корзина,01.09 - 07.09,0
Маркеты,Трафареты,% сессия / корзина,08.09 - 14.09,0
Маркеты,Трафареты,% сессия / корзина,15.09 - 21.09,0
Маркеты,Трафареты,% сессия / корзина,22.09 - 28.09,0
Маркеты,Трафареты,% сессия / корзина,29.09 - 30.09,0
Маркеты,Трафареты,% сессия / корзина,01.10 - 05.10,0
Маркеты,Трафареты,% сессия / корзина,06.10 - 12.10,0
Маркеты,Трафареты,% сессия / корзина,13.10 - 19.10,0
Маркеты,Трафареты,% сессия / корзина,20.10 - 26.10,0
Маркеты,Трафареты,% сессия / корзина,27.10 - 31.10,0
Маркеты,Вывод в топ,Расход,19.05 - 25.05,
Маркеты,Вывод в топ,Расход,26.05 - 31.05,
Маркеты,Вывод в топ,Расход,01.06 - 08.06,
Маркеты,Вывод в топ,Расход,09.06 - 15.06,
Маркеты,Вывод в топ,Расход,16.06 - 22.06,
Маркеты,Вывод в топ,Расход,23.06 - 30.06,
Маркеты,Вывод в топ,Расход,01.07 - 06.07,
Маркеты,Вывод в топ,Расход,07.07 - 13.07,
Маркеты,Вывод в топ,Расход,14.07 - 20.07,
Маркеты,Вывод в топ,Расход,21.07 - 27.07,
Маркеты,Вывод в топ,Расход,28.07 - 31.07,5342.0
Маркеты,Вывод в топ,Расход,01.08 - 03.08,6397.0
Маркеты,Вывод в топ,Расход,04.08 - 10.08,7326.0
Маркеты,Вывод в топ,Расход,11.08 - 17.08,
Маркеты,Вывод в топ,Расход,18.08 - 24.08,
Маркеты,Вывод в топ,Расход,25.08 - 31.08,
Маркеты,Вывод в топ,Расход,01.09 - 07.09,
Маркеты,Вывод в топ,Расход,08.09 - 14.09,
Маркеты,Вывод в топ,Расход,15.09 - 21.09,
Маркеты,Вывод в топ,Расход,22.09 - 28.09,
Маркеты,Вывод в топ,Расход,29.09 - 30.09,
Маркеты,Вывод в топ,Расход,01.10 - 05.10,
Маркеты,Вывод в топ,Расход,06.10 - 12.10,
Маркеты,Вывод в топ,Расход,13.10 - 19.10,
Маркеты,Вывод в топ,Расход,20.10 - 26.10,
Маркеты,Вывод в топ,Расход,27.10 - 31.10,
Маркеты,Вывод в топ,Показы,19.05 - 25.05,
Маркеты,Вывод в топ,Показы,26.05 - 31.05,
Маркеты,Вывод в топ,Показы,01.06 - 08.06,
Маркеты,Вывод в топ,Показы,09.06 - 15.06,
Маркеты,Вывод в топ,Показы,16.06 - 22.06,
Маркеты,Вывод в топ,Показы,23.06 - 30.06,
Маркеты,Вывод в топ,Показы,01.07 - 06.07,
Маркеты,Вывод в топ,Показы,07.07 - 13.07,
Маркеты,Вывод в топ,Показы,14.07 - 20.07,
Маркеты,Вывод в топ,Показы,21.07 - 27.07,
Маркеты,Вывод в топ,Показы,28.07 - 31.07,7027.0
Маркеты,Вывод в топ,Показы,01.08 - 03.08,9713.0
Маркеты,Вывод в топ,Показы,04.08 - 10.08,9859.0
Маркеты,Вывод в топ,Показы,11.08 - 17.08,
Маркеты,Вывод в топ,Показы,18.08 - 24.08,
Маркеты,Вывод в топ,Показы,25.08 - 31.08,
Маркеты,Вывод в топ,Показы,01.09 - 07.09,
Маркеты,Вывод в топ,Показы,08.09 - 14.09,
Маркеты,Вывод в топ,Показы,15.09 - 21.09,
Маркеты,Вывод в топ,Показы,22.09 - 28.09,
Маркеты,Вывод в топ,Показы,29.09 - 30.09,
Маркеты,Вывод в топ,Показы,01.10 - 05.10,
Маркеты,Вывод в топ,Показы,06.10 - 12.10,
Маркеты,Вывод в топ,Показы,13.10 - 19.10,
Маркеты,Вывод в топ,Показы,20.10 - 26.10,
Маркеты,Вывод в топ,Показы,27.10 - 31.10,
Маркеты,Вывод в топ,Клики,19.05 - 25.05,
Маркеты,Вывод в топ,Клики,26.05 - 31.05,
Маркеты,Вывод в топ,Клики,01.06 - 08.06,
Маркеты,Вывод в топ,Клики,09.06 - 15.06,
Маркеты,Вывод в топ,Клики,16.06 - 22.06,
Маркеты,Вывод в топ,Клики,23.06 - 30.06,
Маркеты,Вывод в топ,Клики,01.07 - 06.07,
Маркеты,Вывод в топ,Клики,07.07 - 13.07,
Маркеты,Вывод в топ,Клики,14.07 - 20.07,
Маркеты,Вывод в топ,Клики,21.07 - 27.07,
Маркеты,Вывод в топ,Клики,28.07 - 31.07,88.0
Маркеты,Вывод в топ,Клики,01.08 - 03.08,105.0
Маркеты,Вывод в топ,Клики,04.08 - 10.08,117.0
Маркеты,Вывод в топ,Клики,11.08 - 17.08,
Маркеты,Вывод в топ,Клики,18.08 - 24.08,
Маркеты,Вывод в топ,Клики,25.08 - 31.08,
Маркеты,Вывод в топ,Клики,01.09 - 07.09,
Маркеты,Вывод в топ,Клики,08.09 - 14.09,
Маркеты,Вывод в топ,Клики,15.09 - 21.09,
Маркеты,Вывод в топ,Клики,22.09 - 28.09,
Маркеты,Вывод в топ,Клики,29.09 - 30.09,
Маркеты,Вывод в топ,Клики,01.10 - 05.10,
Маркеты,Вывод в топ,Клики,06.10 - 12.10,
Маркеты,Вывод в топ,Клики,13.10 - 19.10,
Маркеты,Вывод в топ,Клики,20.10 - 26.10,
Маркеты,Вывод в топ,Клики,27.10 - 31.10,
Маркеты,Вывод в топ,Сессии,19.05 - 25.05,
Маркеты,Вывод в топ,Сессии,26.05 - 31.05,
Маркеты,Вывод в топ,Сессии,01.06 - 08.06,
Маркеты,Вывод в топ,Сессии,09.06 - 15.06,
Маркеты,Вывод в топ,Сессии,16.06 - 22.06,
Маркеты,Вывод в топ,Сессии,23.06 - 30.06,
Маркеты,Вывод в топ,Сессии,01.07 - 06.07,
Маркеты,Вывод в топ,Сессии,07.07 - 13.07,
Маркеты,Вывод в топ,Сессии,14.07 - 20.07,
Маркеты,Вывод в топ,Сессии,21.07 - 27.07,
Маркеты,Вывод в топ,Сессии,28.07 - 31.07,88
Маркеты,Вывод в топ,Сессии,01.08 - 03.08,105
Маркеты,Вывод в топ,Сессии,04.08 - 10.08,117
Маркеты,Вывод в топ,Сессии,11.08 - 17.08,
Маркеты,Вывод в топ,Сессии,18.08 - 24.08,
Маркеты,Вывод в топ,Сессии,25.08 - 31.08,
Маркеты,Вывод в топ,Сессии,01.09 - 07.09,
Маркеты,Вывод в топ,Сессии,08.09 - 14.09,
Маркеты,Вывод в топ,Сессии,15.09 - 21.09,
Маркеты,Вывод в топ,Сессии,22.09 - 28.09,
Маркеты,Вывод в топ,Сессии,29.09 - 30.09,
Маркеты,Вывод в топ,Сессии,01.10 - 05.10,
Маркеты,Вывод в топ,Сессии,06.10 - 12.10,
Маркеты,Вывод в топ,Сессии,13.10 - 19.10,
Маркеты,Вывод в топ,Сессии,20.10 - 26.10,
Маркеты,Вывод в топ,Сессии,27.10 - 31.10,
Маркеты,Вывод в топ,Корзина,19.05 - 25.05,
Маркеты,Вывод в топ,Корзина,26.05 - 31.05,
Маркеты,Вывод в топ,Корзина,01.06 - 08.06,
Маркеты,Вывод в топ,Корзина,09.06 - 15.06,
Маркеты,Вывод в топ,Корзина,16.06 - 22.06,
Маркеты,Вывод в топ,Корзина,23.06 - 30.06,
Маркеты,Вывод в топ,Корзина,01.07 - 06.07,
Маркеты,Вывод в топ,Корзина,07.07 - 13.07,
Маркеты,Вывод в топ,Корзина,14.07 - 20.07,
Маркеты,Вывод в топ,Корзина,21.07 - 27.07,
Маркеты,Вывод в топ,Корзина,28.07 - 31.07,8.0
Маркеты,Вывод в топ,Корзина,01.08 - 03.08,10.0
Маркеты,Вывод в топ,Корзина,04.08 - 10.08,8.0
Маркеты,Вывод в топ,Корзина,11.08 - 17.08,
Маркеты,Вывод в топ,Корзина,18.08 - 24.08,
Маркеты,Вывод в топ,Корзина,25.08 - 31.08,
Маркеты,Вывод в топ,Корзина,01.09 - 07.09,
Маркеты,Вывод в топ,Корзина,08.09 - 14.09,
Маркеты,Вывод в топ,Корзина,15.09 - 21.09,
Маркеты,Вывод в топ,Корзина,22.09 - 28.09,
Маркеты,Вывод в топ,Корзина,29.09 - 30.09,
Маркеты,Вывод в топ,Корзина,01.10 - 05.10,
Маркеты,Вывод в топ,Корзина,06.10 - 12.10,
Маркеты,Вывод в топ,Корзина,13.10 - 19.10,
Маркеты,Вывод в топ,Корзина,20.10 - 26.10,
Маркеты,Вывод в топ,Корзина,27.10 - 31.10,
Маркеты,Вывод в топ,Стоимост. клика,19.05 - 25.05,#DIV/0!
Маркеты,Вывод в топ,Стоимост. клика,26.05 - 31.05,#DIV/0!
Маркеты,Вывод в топ,Стоимост. клика,01.06 - 08.06,#DIV/0!
Маркеты,Вывод в топ,Стоимост. клика,09.06 - 15.06,#DIV/0!
Маркеты,Вывод в топ,Стоимост. клика,16.06 - 22.06,#DIV/0!
Маркеты,Вывод в топ,Стоимост. клика,23.06 - 30.06,#DIV/0!
Маркеты,Вывод в топ,Стоимост. клика,01.07 - 06.07,#DIV/0!
Маркеты,Вывод в топ,Стоимост. клика,07.07 - 13.07,#DIV/0!
Маркеты,Вывод в топ,Стоимост. клика,14.07 - 20.07,#DIV/0!
Маркеты,Вывод в топ,Стоимост. клика,21.07 - 27.07,#DIV/0!
Маркеты,Вывод в топ,Стоимост. клика,28.07 - 31.07,60.70454545
Маркеты,Вывод в топ,Стоимост. клика,01.08 - 03.08,60.92380952
Маркеты,Вывод в топ,Стоимост. клика,04.08 - 10.08,62.61538462
Маркеты,Вывод в топ,Стоимост. клика,11.08 - 17.08,#DIV/0!
Маркеты,Вывод в топ,Стоимост. клика,18.08 - 24.08,#DIV/0!
Маркеты,Вывод в топ,Стоимост. клика,25.08 - 31.08,#DIV/0!
Маркеты,Вывод в топ,Стоимост. клика,01.09 - 07.09,#DIV/0!
Маркеты,Вывод в топ,Стоимост. клика,08.09 - 14.09,#DIV/0!
Маркеты,Вывод в топ,Стоимост. клика,15.09 - 21.09,#DIV/0!
Маркеты,Вывод в топ,Стоимост. клика,22.09 - 28.09,#DIV/0!
Маркеты,Вывод в топ,Стоимост. клика,29.09 - 30.09,#DIV/0!
Маркеты,Вывод в топ,Стоимост. клика,01.10 - 05.10,#DIV/0!
Маркеты,Вывод в топ,Стоимост. клика,06.10 - 12.10,#DIV/0!
Маркеты,Вывод в топ,Стоимост. клика,13.10 - 19.10,#DIV/0!
Маркеты,Вывод в топ,Стоимост. клика,20.10 - 26.10,#DIV/0!
Маркеты,Вывод в топ,Стоимост. клика,27.10 - 31.10,#DIV/0!
Маркеты,Вывод в топ,Стоимост. сессии,19.05 - 25.05,#DIV/0!
Маркеты,Вывод в топ,Стоимост. сессии,26.05 - 31.05,#DIV/0!
Маркеты,Вывод в топ,Стоимост. сессии,01.06 - 08.06,#DIV/0!
Маркеты,Вывод в топ,Стоимост. сессии,09.06 - 15.06,#DIV/0!
Маркеты,Вывод в топ,Стоимост. сессии,16.06 - 22.06,#DIV/0!
Маркеты,Вывод в топ,Стоимост. сессии,23.06 - 30.06,#DIV/0!
Маркеты,Вывод в топ,Стоимост. сессии,01.07 - 06.07,#DIV/0!
Маркеты,Вывод в топ,Стоимост. сессии,07.07 - 13.07,#DIV/0!
Маркеты,Вывод в топ,Стоимост. сессии,14.07 - 20.07,#DIV/0!
Маркеты,Вывод в топ,Стоимост. сессии,21.07 - 27.07,#DIV/0!
Маркеты,Вывод в топ,Стоимост. сессии,28.07 - 31.07,60.70454545
Маркеты,Вывод в топ,Стоимост. сессии,01.08 - 03.08,60.92380952
Маркеты,Вывод в топ,Стоимост. сессии,04.08 - 10.08,62.61538462
Маркеты,Вывод в топ,Стоимост. сессии,11.08 - 17.08,#DIV/0!
Маркеты,Вывод в топ,Стоимост. сессии,18.08 - 24.08,#DIV/0!
Маркеты,Вывод в топ,Стоимост. сессии,25.08 - 31.08,#DIV/0!
Маркеты,Вывод в топ,Стоимост. сессии,01.09 - 07.09,#DIV/0!
Маркеты,Вывод в топ,Стоимост. сессии,08.09 - 14.09,#DIV/0!
Маркеты,Вывод в топ,Стоимост. сессии,15.09 - 21.09,#DIV/0!
Маркеты,Вывод в топ,Стоимост. сессии,22.09 - 28.09,#DIV/0!
Маркеты,Вывод в топ,Стоимост. сессии,29.09 - 30.09,#DIV/0!
Маркеты,Вывод в топ,Стоимост. сессии,01.10 - 05.10,#DIV/0!
Маркеты,Вывод в топ,Стоимост. сессии,06.10 - 12.10,#DIV/0!
Маркеты,Вывод в топ,Стоимост. сессии,13.10 - 19.10,#DIV/0!
Маркеты,Вывод в топ,Стоимост. сессии,20.10 - 26.10,#DIV/0!
Маркеты,Вывод в топ,Стоимост. сессии,27.10 - 31.10,#DIV/0!
Маркеты,Вывод в топ,Стоимост. корзины,19.05 - 25.05,
Маркеты,Вывод в топ,Стоимост. корзины,26.05 - 31.05,
Маркеты,Вывод в топ,Стоимост. корзины,01.06 - 08.06,
Маркеты,Вывод в топ,Стоимост. корзины,09.06 - 15.06,
Маркеты,Вывод в топ,Стоимост. корзины,16.06 - 22.06,
Маркеты,Вывод в топ,Стоимост. корзины,23.06 - 30.06,
Маркеты,Вывод в топ,Стоимост. корзины,01.07 - 06.07,
Маркеты,Вывод в топ,Стоимост. корзины,07.07 - 13.07,
Маркеты,Вывод в топ,Стоимост. корзины,14.07 - 20.07,
Маркеты,Вывод в топ,Стоимост. корзины,21.07 - 27.07,
Маркеты,Вывод в топ,Стоимост. корзины,28.07 - 31.07,667.75
Маркеты,Вывод в топ,Стоимост. корзины,01.08 - 03.08,639.7
Маркеты,Вывод в топ,Стоимост. корзины,04.08 - 10.08,915.75
Маркеты,Вывод в топ,Стоимост. корзины,11.08 - 17.08,
Маркеты,Вывод в топ,Стоимост. корзины,18.08 - 24.08,
Маркеты,Вывод в топ,Стоимост. корзины,25.08 - 31.08,
Маркеты,Вывод в топ,Стоимост. корзины,01.09 - 07.09,
Маркеты,Вывод в топ,Стоимост. корзины,08.09 - 14.09,
Маркеты,Вывод в топ,Стоимост. корзины,15.09 - 21.09,
Маркеты,Вывод в топ,Стоимост. корзины,22.09 - 28.09,
Маркеты,Вывод в топ,Стоимост. корзины,29.09 - 30.09,
Маркеты,Вывод в топ,Стоимост. корзины,01.10 - 05.10,
Маркеты,Вывод в топ,Стоимост. корзины,06.10 - 12.10,
Маркеты,Вывод в топ,Стоимост. корзины,13.10 - 19.10,
Маркеты,Вывод в топ,Стоимост. корзины,20.10 - 26.10,
Маркеты,Вывод в топ,Стоимост. корзины,27.10 - 31.10,
Маркеты,Вывод в топ,% сессия / корзина,19.05 - 25.05,0
Маркеты,Вывод в топ,% сессия / корзина,26.05 - 31.05,0
Маркеты,Вывод в топ,% сессия / корзина,01.06 - 08.06,0
Маркеты,Вывод в топ,% сессия / корзина,09.06 - 15.06,0
Маркеты,Вывод в топ,% сессия / корзина,16.06 - 22.06,0
Маркеты,Вывод в топ,% сессия / корзина,23.06 - 30.06,0
Маркеты,Вывод в топ,% сессия / корзина,01.07 - 06.07,0
Маркеты,Вывод в топ,% сессия / корзина,07.07 - 13.07,0
Маркеты,Вывод в топ,% сессия / корзина,14.07 - 20.07,0
Маркеты,Вывод в топ,% сессия / корзина,21.07 - 27.07,0
Маркеты,Вывод в топ,% сессия / корзина,28.07 - 31.07,0.09090909091
Маркеты,Вывод в топ,% сессия / корзина,01.08 - 03.08,0.09523809524
Маркеты,Вывод в топ,% сессия / корзина,04.08 - 10.08,0.06837606838
Маркеты,Вывод в топ,% сессия / корзина,11.08 - 17.08,0
Маркеты,Вывод в топ,% сессия / корзина,18.08 - 24.08,0
Маркеты,Вывод в топ,% сессия / корзина,25.08 - 31.08,0
Маркеты,Вывод в топ,% сессия / корзина,01.09 - 07.09,0
Маркеты,Вывод в топ,% сессия / корзина,08.09 - 14.09,0
Маркеты,Вывод в топ,% сессия / корзина,15.09 - 21.09,0
Маркеты,Вывод в топ,% сессия / корзина,22.09 - 28.09,0
Маркеты,Вывод в топ,% сессия / корзина,29.09 - 30.09,0
Маркеты,Вывод в топ,% сессия / корзина,01.10 - 05.10,0
Маркеты,Вывод в топ,% сессия / корзина,06.10 - 12.10,0
Маркеты,Вывод в топ,% сессия / корзина,13.10 - 19.10,0
Маркеты,Вывод в топ,% сессия / корзина,20.10 - 26.10,0
Маркеты,Вывод в топ,% сессия / корзина,27.10 - 31.10,0
Маркеты,Спецразмещение,Расход,19.05 - 25.05,
Маркеты,Спецразмещение,Расход,26.05 - 31.05,
Маркеты,Спецразмещение,Расход,01.06 - 08.06,
Маркеты,Спецразмещение,Расход,09.06 - 15.06,
Маркеты,Спецразмещение,Расход,16.06 - 22.06,
Маркеты,Спецразмещение,Расход,23.06 - 30.06,
Маркеты,Спецразмещение,Расход,01.07 - 06.07,
Маркеты,Спецразмещение,Расход,07.07 - 13.07,
Маркеты,Спецразмещение,Расход,14.07 - 20.07,
Маркеты,Спецразмещение,Расход,21.07 - 27.07,
Маркеты,Спецразмещение,Расход,28.07 - 31.07,8569.0
Маркеты,Спецразмещение,Расход,01.08 - 03.08,5537.0
Маркеты,Спецразмещение,Расход,04.08 - 10.08,7369.0
Маркеты,Спецразмещение,Расход,11.08 - 17.08,
Маркеты,Спецразмещение,Расход,18.08 - 24.08,
Маркеты,Спецразмещение,Расход,25.08 - 31.08,
Маркеты,Спецразмещение,Расход,01.09 - 07.09,
Маркеты,Спецразмещение,Расход,08.09 - 14.09,
Маркеты,Спецразмещение,Расход,15.09 - 21.09,
Маркеты,Спецразмещение,Расход,22.09 - 28.09,
Маркеты,Спецразмещение,Расход,29.09 - 30.09,
Маркеты,Спецразмещение,Расход,01.10 - 05.10,
Маркеты,Спецразмещение,Расход,06.10 - 12.10,
Маркеты,Спецразмещение,Расход,13.10 - 19.10,
Маркеты,Спецразмещение,Расход,20.10 - 26.10,
Маркеты,Спецразмещение,Расход,27.10 - 31.10,
Маркеты,Спецразмещение,Показы,19.05 - 25.05,
Маркеты,Спецразмещение,Показы,26.05 - 31.05,
Маркеты,Спецразмещение,Показы,01.06 - 08.06,
Маркеты,Спецразмещение,Показы,09.06 - 15.06,
Маркеты,Спецразмещение,Показы,16.06 - 22.06,
Маркеты,Спецразмещение,Показы,23.06 - 30.06,
Маркеты,Спецразмещение,Показы,01.07 - 06.07,
Маркеты,Спецразмещение,Показы,07.07 - 13.07,
Маркеты,Спецразмещение,Показы,14.07 - 20.07,
Маркеты,Спецразмещение,Показы,21.07 - 27.07,
Маркеты,Спецразмещение,Показы,28.07 - 31.07,4708.0
Маркеты,Спецразмещение,Показы,01.08 - 03.08,4017.0
Маркеты,Спецразмещение,Показы,04.08 - 10.08,5255.0
Маркеты,Спецразмещение,Показы,11.08 - 17.08,
Маркеты,Спецразмещение,Показы,18.08 - 24.08,
Маркеты,Спецразмещение,Показы,25.08 - 31.08,
Маркеты,Спецразмещение,Показы,01.09 - 07.09,
Маркеты,Спецразмещение,Показы,08.09 - 14.09,
Маркеты,Спецразмещение,Показы,15.09 - 21.09,
Маркеты,Спецразмещение,Показы,22.09 - 28.09,
Маркеты,Спецразмещение,Показы,29.09 - 30.09,
Маркеты,Спецразмещение,Показы,01.10 - 05.10,
Маркеты,Спецразмещение,Показы,06.10 - 12.10,
Маркеты,Спецразмещение,Показы,13.10 - 19.10,
Маркеты,Спецразмещение,Показы,20.10 - 26.10,
Маркеты,Спецразмещение,Показы,27.10 - 31.10,
Маркеты,Спецразмещение,Клики,19.05 - 25.05,
Маркеты,Спецразмещение,Клики,26.05 - 31.05,
Маркеты,Спецразмещение,Клики,01.06 - 08.06,
Маркеты,Спецразмещение,Клики,09.06 - 15.06,
Маркеты,Спецразмещение,Клики,16.06 - 22.06,
Маркеты,Спецразмещение,Клики,23.06 - 30.06,
Маркеты,Спецразмещение,Клики,01.07 - 06.07,
Маркеты,Спецразмещение,Клики,07.07 - 13.07,
Маркеты,Спецразмещение,Клики,14.07 - 20.07,
Маркеты,Спецразмещение,Клики,21.07 - 27.07,
Маркеты,Спецразмещение,Клики,28.07 - 31.07,62.0
Маркеты,Спецразмещение,Клики,01.08 - 03.08,57.0
Маркеты,Спецразмещение,Клики,04.08 - 10.08,77.0
Маркеты,Спецразмещение,Клики,11.08 - 17.08,
Маркеты,Спецразмещение,Клики,18.08 - 24.08,
Маркеты,Спецразмещение,Клики,25.08 - 31.08,
Маркеты,Спецразмещение,Клики,01.09 - 07.09,
Маркеты,Спецразмещение,Клики,08.09 - 14.09,
Маркеты,Спецразмещение,Клики,15.09 - 21.09,
Маркеты,Спецразмещение,Клики,22.09 - 28.09,
Маркеты,Спецразмещение,Клики,29.09 - 30.09,
Маркеты,Спецразмещение,Клики,01.10 - 05.10,
Маркеты,Спецразмещение,Клики,06.10 - 12.10,
Маркеты,Спецразмещение,Клики,13.10 - 19.10,
Маркеты,Спецразмещение,Клики,20.10 - 26.10,
Маркеты,Спецразмещение,Клики,27.10 - 31.10,
Маркеты,Спецразмещение,Сессии,19.05 - 25.05,
Маркеты,Спецразмещение,Сессии,26.05 - 31.05,
Маркеты,Спецразмещение,Сессии,01.06 - 08.06,
Маркеты,Спецразмещение,Сессии,09.06 - 15.06,
Маркеты,Спецразмещение,Сессии,16.06 - 22.06,
Маркеты,Спецразмещение,Сессии,23.06 - 30.06,
Маркеты,Спецразмещение,Сессии,01.07 - 06.07,
Маркеты,Спецразмещение,Сессии,07.07 - 13.07,
Маркеты,Спецразмещение,Сессии,14.07 - 20.07,
Маркеты,Спецразмещение,Сессии,21.07 - 27.07,
Маркеты,Спецразмещение,Сессии,28.07 - 31.07,62
Маркеты,Спецразмещение,Сессии,01.08 - 03.08,57
Маркеты,Спецразмещение,Сессии,04.08 - 10.08,77
Маркеты,Спецразмещение,Сессии,11.08 - 17.08,
Маркеты,Спецразмещение,Сессии,18.08 - 24.08,
Маркеты,Спецразмещение,Сессии,25.08 - 31.08,
Маркеты,Спецразмещение,Сессии,01.09 - 07.09,
Маркеты,Спецразмещение,Сессии,08.09 - 14.09,
Маркеты,Спецразмещение,Сессии,15.09 - 21.09,
Маркеты,Спецразмещение,Сессии,22.09 - 28.09,
Маркеты,Спецразмещение,Сессии,29.09 - 30.09,
Маркеты,Спецразмещение,Сессии,01.10 - 05.10,
Маркеты,Спецразмещение,Сессии,06.10 - 12.10,
Маркеты,Спецразмещение,Сессии,13.10 - 19.10,
Маркеты,Спецразмещение,Сессии,20.10 - 26.10,
Маркеты,Спецразмещение,Сессии,27.10 - 31.10,
Маркеты,Спецразмещение,Корзина,19.05 - 25.05,
Маркеты,Спецразмещение,Корзина,26.05 - 31.05,
Маркеты,Спецразмещение,Корзина,01.06 - 08.06,
Маркеты,Спецразмещение,Корзина,09.06 - 15.06,
Маркеты,Спецразмещение,Корзина,16.06 - 22.06,
Маркеты,Спецразмещение,Корзина,23.06 - 30.06,
Маркеты,Спецразмещение,Корзина,01.07 - 06.07,
Маркеты,Спецразмещение,Корзина,07.07 - 13.07,
Маркеты,Спецразмещение,Корзина,14.07 - 20.07,
Маркеты,Спецразмещение,Корзина,21.07 - 27.07,
Маркеты,Спецразмещение,Корзина,28.07 - 31.07,2.0
Маркеты,Спецразмещение,Корзина,01.08 - 03.08,1.0
Маркеты,Спецразмещение,Корзина,04.08 - 10.08,3.0
Маркеты,Спецразмещение,Корзина,11.08 - 17.08,
Маркеты,Спецразмещение,Корзина,18.08 - 24.08,
Маркеты,Спецразмещение,Корзина,25.08 - 31.08,
Маркеты,Спецразмещение,Корзина,01.09 - 07.09,
Маркеты,Спецразмещение,Корзина,08.09 - 14.09,
Маркеты,Спецразмещение,Корзина,15.09 - 21.09,
Маркеты,Спецразмещение,Корзина,22.09 - 28.09,
Маркеты,Спецразмещение,Корзина,29.09 - 30.09,
Маркеты,Спецразмещение,Корзина,01.10 - 05.10,
Маркеты,Спецразмещение,Корзина,06.10 - 12.10,
Маркеты,Спецразмещение,Корзина,13.10 - 19.10,
Маркеты,Спецразмещение,Корзина,20.10 - 26.10,
Маркеты,Спецразмещение,Корзина,27.10 - 31.10,
Маркеты,Спецразмещение,Стоимост. клика,19.05 - 25.05,#DIV/0!
Маркеты,Спецразмещение,Стоимост. клика,26.05 - 31.05,#DIV/0!
Маркеты,Спецразмещение,Стоимост. клика,01.06 - 08.06,#DIV/0!
Маркеты,Спецразмещение,Стоимост. клика,09.06 - 15.06,#DIV/0!
Маркеты,Спецразмещение,Стоимост. клика,16.06 - 22.06,#DIV/0!
Маркеты,Спецразмещение,Стоимост. клика,23.06 - 30.06,#DIV/0!
Маркеты,Спецразмещение,Стоимост. клика,01.07 - 06.07,#DIV/0!
Маркеты,Спецразмещение,Стоимост. клика,07.07 - 13.07,#DIV/0!
Маркеты,Спецразмещение,Стоимост. клика,14.07 - 20.07,#DIV/0!
Маркеты,Спецразмещение,Стоимост. клика,21.07 - 27.07,#DIV/0!
Маркеты,Спецразмещение,Стоимост. клика,28.07 - 31.07,138.2096774
Маркеты,Спецразмещение,Стоимост. клика,01.08 - 03.08,97.14035088
Маркеты,Спецразмещение,Стоимост. клика,04.08 - 10.08,95.7012987
Маркеты,Спецразмещение,Стоимост. клика,11.08 - 17.08,#DIV/0!
Маркеты,Спецразмещение,Стоимост. клика,18.08 - 24.08,#DIV/0!
Маркеты,Спецразмещение,Стоимост. клика,25.08 - 31.08,#DIV/0!
Маркеты,Спецразмещение,Стоимост. клика,01.09 - 07.09,#DIV/0!
Маркеты,Спецразмещение,Стоимост. клика,08.09 - 14.09,#DIV/0!
Маркеты,Спецразмещение,Стоимост. клика,15.09 - 21.09,#DIV/0!
Маркеты,Спецразмещение,Стоимост. клика,22.09 - 28.09,#DIV/0!
Маркеты,Спецразмещение,Стоимост. клика,29.09 - 30.09,#DIV/0!
Маркеты,Спецразмещение,Стоимост. клика,01.10 - 05.10,#DIV/0!
Маркеты,Спецразмещение,Стоимост. клика,06.10 - 12.10,#DIV/0!
Маркеты,Спецразмещение,Стоимост. клика,13.10 - 19.10,#DIV/0!
Маркеты,Спецразмещение,Стоимост. клика,20.10 - 26.10,#DIV/0!
Маркеты,Спецразмещение,Стоимост. клика,27.10 - 31.10,#DIV/0!
Маркеты,Спецразмещение,Стоимост. сессии,19.05 - 25.05,#DIV/0!
Маркеты,Спецразмещение,Стоимост. сессии,26.05 - 31.05,#DIV/0!
Маркеты,Спецразмещение,Стоимост. сессии,01.06 - 08.06,#DIV/0!
Маркеты,Спецразмещение,Стоимост. сессии,09.06 - 15.06,#DIV/0!
Маркеты,Спецразмещение,Стоимост. сессии,16.06 - 22.06,#DIV/0!
Маркеты,Спецразмещение,Стоимост. сессии,23.06 - 30.06,#DIV/0!
Маркеты,Спецразмещение,Стоимост. сессии,01.07 - 06.07,#DIV/0!
Маркеты,Спецразмещение,Стоимост. сессии,07.07 - 13.07,#DIV/0!
Маркеты,Спецразмещение,Стоимост. сессии,14.07 - 20.07,#DIV/0!
Маркеты,Спецразмещение,Стоимост. сессии,21.07 - 27.07,#DIV/0!
Маркеты,Спецразмещение,Стоимост. сессии,28.07 - 31.07,138.2096774
Маркеты,Спецразмещение,Стоимост. сессии,01.08 - 03.08,97.14035088
Маркеты,Спецразмещение,Стоимост. сессии,04.08 - 10.08,95.7012987
Маркеты,Спецразмещение,Стоимост. сессии,11.08 - 17.08,#DIV/0!
Маркеты,Спецразмещение,Стоимост. сессии,18.08 - 24.08,#DIV/0!
Маркеты,Спецразмещение,Стоимост. сессии,25.08 - 31.08,#DIV/0!
Маркеты,Спецразмещение,Стоимост. сессии,01.09 - 07.09,#DIV/0!
Маркеты,Спецразмещение,Стоимост. сессии,08.09 - 14.09,#DIV/0!
Маркеты,Спецразмещение,Стоимост. сессии,15.09 - 21.09,#DIV/0!
Маркеты,Спецразмещение,Стоимост. сессии,22.09 - 28.09,#DIV/0!
Маркеты,Спецразмещение,Стоимост. сессии,29.09 - 30.09,#DIV/0!
Маркеты,Спецразмещение,Стоимост. сессии,01.10 - 05.10,#DIV/0!
Маркеты,Спецразмещение,Стоимост. сессии,06.10 - 12.10,#DIV/0!
Маркеты,Спецразмещение,Стоимост. сессии,13.10 - 19.10,#DIV/0!
Маркеты,Спецразмещение,Стоимост. сессии,20.10 - 26.10,#DIV/0!
Маркеты,Спецразмещение,Стоимост. сессии,27.10 - 31.10,#DIV/0!
Маркеты,Спецразмещение,Стоимост. корзины,19.05 - 25.05,
Маркеты,Спецразмещение,Стоимост. корзины,26.05 - 31.05,
Маркеты,Спецразмещение,Стоимост. корзины,01.06 - 08.06,
Маркеты,Спецразмещение,Стоимост. корзины,09.06 - 15.06,
Маркеты,Спецразмещение,Стоимост. корзины,16.06 - 22.06,
Маркеты,Спецразмещение,Стоимост. корзины,23.06 - 30.06,
Маркеты,Спецразмещение,Стоимост. корзины,01.07 - 06.07,
Маркеты,Спецразмещение,Стоимост. корзины,07.07 - 13.07,
Маркеты,Спецразмещение,Стоимост. корзины,14.07 - 20.07,
Маркеты,Спецразмещение,Стоимост. корзины,21.07 - 27.07,
Маркеты,Спецразмещение,Стоимост. корзины,28.07 - 31.07,4284.5
Маркеты,Спецразмещение,Стоимост. корзины,01.08 - 03.08,5537
Маркеты,Спецразмещение,Стоимост. корзины,04.08 - 10.08,2456.333333
Маркеты,Спецразмещение,Стоимост. корзины,11.08 - 17.08,
Маркеты,Спецразмещение,Стоимост. корзины,18.08 - 24.08,
Маркеты,Спецразмещение,Стоимост. корзины,25.08 - 31.08,
Маркеты,Спецразмещение,Стоимост. корзины,01.09 - 07.09,
Маркеты,Спецразмещение,Стоимост. корзины,08.09 - 14.09,
Маркеты,Спецразмещение,Стоимост. корзины,15.09 - 21.09,
Маркеты,Спецразмещение,Стоимост. корзины,22.09 - 28.09,
Маркеты,Спецразмещение,Стоимост. корзины,29.09 - 30.09,
Маркеты,Спецразмещение,Стоимост. корзины,01.10 - 05.10,
Маркеты,Спецразмещение,Стоимост. корзины,06.10 - 12.10,
Маркеты,Спецразмещение,Стоимост. корзины,13.10 - 19.10,
Маркеты,Спецразмещение,Стоимост. корзины,20.10 - 26.10,
Маркеты,Спецразмещение,Стоимост. корзины,27.10 - 31.10,
Маркеты,Спецразмещение,% сессия / корзина,19.05 - 25.05,0
Маркеты,Спецразмещение,% сессия / корзина,26.05 - 31.05,0
Маркеты,Спецразмещение,% сессия / корзина,01.06 - 08.06,0
Маркеты,Спецразмещение,% сессия / корзина,09.06 - 15.06,0
Маркеты,Спецразмещение,% сессия / корзина,16.06 - 22.06,0
Маркеты,Спецразмещение,% сессия / корзина,23.06 - 30.06,0
Маркеты,Спецразмещение,% сессия / корзина,01.07 - 06.07,0
Маркеты,Спецразмещение,% сессия / корзина,07.07 - 13.07,0
Маркеты,Спецразмещение,% сессия / корзина,14.07 - 20.07,0
Маркеты,Спецразмещение,% сессия / корзина,21.07 - 27.07,0
Маркеты,Спецразмещение,% сессия / корзина,28.07 - 31.07,0.03225806452
Маркеты,Спецразмещение,% сессия / корзина,01.08 - 03.08,0.01754385965
Маркеты,Спецразмещение,% сессия / корзина,04.08 - 10.08,0.03896103896
Маркеты,Спецразмещение,% сессия / корзина,11.08 - 17.08,0
Маркеты,Спецразмещение,% сессия / корзина,18.08 - 24.08,0
Маркеты,Спецразмещение,% сессия / корзина,25.08 - 31.08,0
Маркеты,Спецразмещение,% сессия / корзина,01.09 - 07.09,0
Маркеты,Спецразмещение,% сессия / корзина,08.09 - 14.09,0
Маркеты,Спецразмещение,% сессия / корзина,15.09 - 21.09,0
Маркеты,Спецразмещение,% сессия / корзина,22.09 - 28.09,0
Маркеты,Спецразмещение,% сессия / корзина,29.09 - 30.09,0
Маркеты,Спецразмещение,% сессия / корзина,01.10 - 05.10,0
Маркеты,Спецразмещение,% сессия / корзина,06.10 - 12.10,0
Маркеты,Спецразмещение,% сессия / корзина,13.10 - 19.10,0
Маркеты,Спецразмещение,% сессия / корзина,20.10 - 26.10,0
Маркеты,Спецразмещение,% сессия / корзина,27.10 - 31.10,0
Маркеты,Внешний трафик,Расход,19.05 - 25.05,12639.67
Маркеты,Внешний трафик,Расход,26.05 - 31.05,12495.9
Маркеты,Внешний трафик,Расход,01.06 - 08.06,22863.03
Маркеты,Внешний трафик,Расход,09.06 - 15.06,1.16
Маркеты,Внешний трафик,Расход,16.06 - 22.06,30600.86
Маркеты,Внешний трафик,Расход,23.06 - 30.06,68177.34
Маркеты,Внешний трафик,Расход,01.07 - 06.07,16271.55
Маркеты,Внешний трафик,Расход,07.07 - 13.07,1268.39
Маркеты,Внешний трафик,Расход,14.07 - 20.07,0
Маркеты,Внешний трафик,Расход,21.07 - 27.07,0
Маркеты,Внешний трафик,Расход,28.07 - 31.07,0
Маркеты,Внешний трафик,Расход,01.08 - 03.08,0
Маркеты,Внешний трафик,Расход,04.08 - 10.08,0
Маркеты,Внешний трафик,Расход,11.08 - 17.08,0
Маркеты,Внешний трафик,Расход,18.08 - 24.08,0
Маркеты,Внешний трафик,Расход,25.08 - 31.08,0
Маркеты,Внешний трафик,Расход,01.09 - 07.09,0
Маркеты,Внешний трафик,Расход,08.09 - 14.09,0
Маркеты,Внешний трафик,Расход,15.09 - 21.09,0
Маркеты,Внешний трафик,Расход,22.09 - 28.09,0
Маркеты,Внешний трафик,Расход,29.09 - 30.09,0
Маркеты,Внешний трафик,Расход,01.10 - 05.10,0
Маркеты,Внешний трафик,Расход,06.10 - 12.10,0
Маркеты,Внешний трафик,Расход,13.10 - 19.10,0
Маркеты,Внешний трафик,Расход,20.10 - 26.10,0
Маркеты,Внешний трафик,Расход,27.10 - 31.10,0
Маркеты,Внешний трафик,Показы,19.05 - 25.05,33105
Маркеты,Внешний трафик,Показы,26.05 - 31.05,6751
Маркеты,Внешний трафик,Показы,01.06 - 08.06,3884
Маркеты,Внешний трафик,Показы,09.06 - 15.06,5
Маркеты,Внешний трафик,Показы,16.06 - 22.06,240601
Маркеты,Внешний трафик,Показы,23.06 - 30.06,636781
Маркеты,Внешний трафик,Показы,01.07 - 06.07,232425
Маркеты,Внешний трафик,Показы,07.07 - 13.07,2423
Маркеты,Внешний трафик,Показы,14.07 - 20.07,0
Маркеты,Внешний трафик,Показы,21.07 - 27.07,0
Маркеты,Внешний трафик,Показы,28.07 - 31.07,0
Маркеты,Внешний трафик,Показы,01.08 - 03.08,0
Маркеты,Внешний трафик,Показы,04.08 - 10.08,0
Маркеты,Внешний трафик,Показы,11.08 - 17.08,0
Маркеты,Внешний трафик,Показы,18.08 - 24.08,0
Маркеты,Внешний трафик,Показы,25.08 - 31.08,0
Маркеты,Внешний трафик,Показы,01.09 - 07.09,0
Маркеты,Внешний трафик,Показы,08.09 - 14.09,0
Маркеты,Внешний трафик,Показы,15.09 - 21.09,0
Маркеты,Внешний трафик,Показы,22.09 - 28.09,0
Маркеты,Внешний трафик,Показы,29.09 - 30.09,0
Маркеты,Внешний трафик,Показы,01.10 - 05.10,0
Маркеты,Внешний трафик,Показы,06.10 - 12.10,0
Маркеты,Внешний трафик,Показы,13.10 - 19.10,0
Маркеты,Внешний трафик,Показы,20.10 - 26.10,0
Маркеты,Внешний трафик,Показы,27.10 - 31.10,0
Маркеты,Внешний трафик,Клики,19.05 - 25.05,4083
Маркеты,Внешний трафик,Клики,26.05 - 31.05,771
Маркеты,Внешний трафик,Клики,01.06 - 08.06,268
Маркеты,Внешний трафик,Клики,09.06 - 15.06,1
Маркеты,Внешний трафик,Клики,16.06 - 22.06,4671
Маркеты,Внешний трафик,Клики,23.06 - 30.06,8141
Маркеты,Внешний трафик,Клики,01.07 - 06.07,2795
Маркеты,Внешний трафик,Клики,07.07 - 13.07,42
Маркеты,Внешний трафик,Клики,14.07 - 20.07,0
Маркеты,Внешний трафик,Клики,21.07 - 27.07,0
Маркеты,Внешний трафик,Клики,28.07 - 31.07,0
Маркеты,Внешний трафик,Клики,01.08 - 03.08,0
Маркеты,Внешний трафик,Клики,04.08 - 10.08,0
Маркеты,Внешний трафик,Клики,11.08 - 17.08,0
Маркеты,Внешний трафик,Клики,18.08 - 24.08,0
Маркеты,Внешний трафик,Клики,25.08 - 31.08,0
Маркеты,Внешний трафик,Клики,01.09 - 07.09,0
Маркеты,Внешний трафик,Клики,08.09 - 14.09,0
Маркеты,Внешний трафик,Клики,15.09 - 21.09,0
Маркеты,Внешний трафик,Клики,22.09 - 28.09,0
Маркеты,Внешний трафик,Клики,29.09 - 30.09,0
Маркеты,Внешний трафик,Клики,01.10 - 05.10,0
Маркеты,Внешний трафик,Клики,06.10 - 12.10,0
Маркеты,Внешний трафик,Клики,13.10 - 19.10,0
Маркеты,Внешний трафик,Клики,20.10 - 26.10,0
Маркеты,Внешний трафик,Клики,27.10 - 31.10,0
Маркеты,Внешний трафик,Сессии,19.05 - 25.05,1713
Маркеты,Внешний трафик,Сессии,26.05 - 31.05,464
Маркеты,Внешний трафик,Сессии,01.06 - 08.06,207
Маркеты,Внешний трафик,Сессии,09.06 - 15.06,0
Маркеты,Внешний трафик,Сессии,16.06 - 22.06,44
Маркеты,Внешний трафик,Сессии,23.06 - 30.06,359
Маркеты,Внешний трафик,Сессии,01.07 - 06.07,141
Маркеты,Внешний трафик,Сессии,07.07 - 13.07,5
Маркеты,Внешний трафик,Сессии,14.07 - 20.07,0
Маркеты,Внешний трафик,Сессии,21.07 - 27.07,0
Маркеты,Внешний трафик,Сессии,28.07 - 31.07,0
Маркеты,Внешний трафик,Сессии,01.08 - 03.08,0
Маркеты,Внешний трафик,Сессии,04.08 - 10.08,0
Маркеты,Внешний трафик,Сессии,11.08 - 17.08,0
Маркеты,Внешний трафик,Сессии,18.08 - 24.08,0
Маркеты,Внешний трафик,Сессии,25.08 - 31.08,0
Маркеты,Внешний трафик,Сессии,01.09 - 07.09,0
Маркеты,Внешний трафик,Сессии,08.09 - 14.09,0
Маркеты,Внешний трафик,Сессии,15.09 - 21.09,0
Маркеты,Внешний трафик,Сессии,22.09 - 28.09,0
Маркеты,Внешний трафик,Сессии,29.09 - 30.09,0
Маркеты,Внешний трафик,Сессии,01.10 - 05.10,0
Маркеты,Внешний трафик,Сессии,06.10 - 12.10,0
Маркеты,Внешний трафик,Сессии,13.10 - 19.10,0
Маркеты,Внешний трафик,Сессии,20.10 - 26.10,0
Маркеты,Внешний трафик,Сессии,27.10 - 31.10,0
Маркеты,Внешний трафик,Корзина,19.05 - 25.05,9
Маркеты,Внешний трафик,Корзина,26.05 - 31.05,2
Маркеты,Внешний трафик,Корзина,01.06 - 08.06,1
Маркеты,Внешний трафик,Корзина,09.06 - 15.06,0
Маркеты,Внешний трафик,Корзина,16.06 - 22.06,0
Маркеты,Внешний трафик,Корзина,23.06 - 30.06,8
Маркеты,Внешний трафик,Корзина,01.07 - 06.07,3
Маркеты,Внешний трафик,Корзина,07.07 - 13.07,0
Маркеты,Внешний трафик,Корзина,14.07 - 20.07,0
Маркеты,Внешний трафик,Корзина,21.07 - 27.07,0
Маркеты,Внешний трафик,Корзина,28.07 - 31.07,0
Маркеты,Внешний трафик,Корзина,01.08 - 03.08,0
Маркеты,Внешний трафик,Корзина,04.08 - 10.08,0
Маркеты,Внешний трафик,Корзина,11.08 - 17.08,0
Маркеты,Внешний трафик,Корзина,18.08 - 24.08,0
Маркеты,Внешний трафик,Корзина,25.08 - 31.08,0
Маркеты,Внешний трафик,Корзина,01.09 - 07.09,0
Маркеты,Внешний трафик,Корзина,08.09 - 14.09,0
Маркеты,Внешний трафик,Корзина,15.09 - 21.09,0
Маркеты,Внешний трафик,Корзина,22.09 - 28.09,0
Маркеты,Внешний трафик,Корзина,29.09 - 30.09,0
Маркеты,Внешний трафик,Корзина,01.10 - 05.10,0
Маркеты,Внешний трафик,Корзина,06.10 - 12.10,0
Маркеты,Внешний трафик,Корзина,13.10 - 19.10,0
Маркеты,Внешний трафик,Корзина,20.10 - 26.10,0
Маркеты,Внешний трафик,Корзина,27.10 - 31.10,0
Маркеты,Внешний трафик,Стоимост. клика,19.05 - 25.05,3.095682096
Маркеты,Внешний трафик,Стоимост. клика,26.05 - 31.05,16.207393
Маркеты,Внешний трафик,Стоимост. клика,01.06 - 08.06,85.30981343
Маркеты,Внешний трафик,Стоимост. клика,09.06 - 15.06,1.16
Маркеты,Внешний трафик,Стоимост. клика,16.06 - 22.06,6.551243845
Маркеты,Внешний трафик,Стоимост. клика,23.06 - 30.06,8.374565778
Маркеты,Внешний трафик,Стоимост. клика,01.07 - 06.07,5.821663685
Маркеты,Внешний трафик,Стоимост. клика,07.07 - 13.07,30.1997619
Маркеты,Внешний трафик,Стоимост. клика,14.07 - 20.07,#DIV/0!
Маркеты,Внешний трафик,Стоимост. клика,21.07 - 27.07,#DIV/0!
Маркеты,Внешний трафик,Стоимост. клика,28.07 - 31.07,#DIV/0!
Маркеты,Внешний трафик,Стоимост. клика,01.08 - 03.08,#DIV/0!
Маркеты,Внешний трафик,Стоимост. клика,04.08 - 10.08,#DIV/0!
Маркеты,Внешний трафик,Стоимост. клика,11.08 - 17.08,#DIV/0!
Маркеты,Внешний трафик,Стоимост. клика,18.08 - 24.08,#DIV/0!
Маркеты,Внешний трафик,Стоимост. клика,25.08 - 31.08,#DIV/0!
Маркеты,Внешний трафик,Стоимост. клика,01.09 - 07.09,#DIV/0!
Маркеты,Внешний трафик,Стоимост. клика,08.09 - 14.09,#DIV/0!
Маркеты,Внешний трафик,Стоимост. клика,15.09 - 21.09,#DIV/0!
Маркеты,Внешний трафик,Стоимост. клика,22.09 - 28.09,#DIV/0!
Маркеты,Внешний трафик,Стоимост. клика,29.09 - 30.09,#DIV/0!
Маркеты,Внешний трафик,Стоимост. клика,01.10 - 05.10,#DIV/0!
Маркеты,Внешний трафик,Стоимост. клика,06.10 - 12.10,#DIV/0!
Маркеты,Внешний трафик,Стоимост. клика,13.10 - 19.10,#DIV/0!
Маркеты,Внешний трафик,Стоимост. клика,20.10 - 26.10,#DIV/0!
Маркеты,Внешний трафик,Стоимост. клика,27.10 - 31.10,#DIV/0!
Маркеты,Внешний трафик,Стоимост. сессии,19.05 - 25.05,7.378674839
Маркеты,Внешний трафик,Стоимост. сессии,26.05 - 31.05,26.93081897
Маркеты,Внешний трафик,Стоимост. сессии,01.06 - 08.06,110.4494203
Маркеты,Внешний трафик,Стоимост. сессии,09.06 - 15.06,#DIV/0!
Маркеты,Внешний трафик,Стоимост. сессии,16.06 - 22.06,695.4740909
Маркеты,Внешний трафик,Стоимост. сессии,23.06 - 30.06,189.9090251
Маркеты,Внешний трафик,Стоимост. сессии,01.07 - 06.07,115.4010638
Маркеты,Внешний трафик,Стоимост. сессии,07.07 - 13.07,253.678
Маркеты,Внешний трафик,Стоимост. сессии,14.07 - 20.07,#DIV/0!
Маркеты,Внешний трафик,Стоимост. сессии,21.07 - 27.07,#DIV/0!
Маркеты,Внешний трафик,Стоимост. сессии,28.07 - 31.07,#DIV/0!
Маркеты,Внешний трафик,Стоимост. сессии,01.08 - 03.08,#DIV/0!
Маркеты,Внешний трафик,Стоимост. сессии,04.08 - 10.08,#DIV/0!
Маркеты,Внешний трафик,Стоимост. сессии,11.08 - 17.08,#DIV/0!
Маркеты,Внешний трафик,Стоимост. сессии,18.08 - 24.08,#DIV/0!
Маркеты,Внешний трафик,Стоимост. сессии,25.08 - 31.08,#DIV/0!
Маркеты,Внешний трафик,Стоимост. сессии,01.09 - 07.09,#DIV/0!
Маркеты,Внешний трафик,Стоимост. сессии,08.09 - 14.09,#DIV/0!
Маркеты,Внешний трафик,Стоимост. сессии,15.09 - 21.09,#DIV/0!
Маркеты,Внешний трафик,Стоимост. сессии,22.09 - 28.09,#DIV/0!
Маркеты,Внешний трафик,Стоимост. сессии,29.09 - 30.09,#DIV/0!
Маркеты,Внешний трафик,Стоимост. сессии,01.10 - 05.10,#DIV/0!
Маркеты,Внешний трафик,Стоимост. сессии,06.10 - 12.10,#DIV/0!
Маркеты,Внешний трафик,Стоимост. сессии,13.10 - 19.10,#DIV/0!
Маркеты,Внешний трафик,Стоимост. сессии,20.10 - 26.10,#DIV/0!
Маркеты,Внешний трафик,Стоимост. сессии,27.10 - 31.10,#DIV/0!
Маркеты,Внешний трафик,Стоимост. корзины,19.05 - 25.05,1404.407778
Маркеты,Внешний трафик,Стоимост. корзины,26.05 - 31.05,6247.95
Маркеты,Внешний трафик,Стоимост. корзины,01.06 - 08.06,22863.03
Маркеты,Внешний трафик,Стоимост. корзины,09.06 - 15.06,1.16
Маркеты,Внешний трафик,Стоимост. корзины,16.06 - 22.06,30600.86
Маркеты,Внешний трафик,Стоимост. корзины,23.06 - 30.06,8522.1675
Маркеты,Внешний трафик,Стоимост. корзины,01.07 - 06.07,5423.85
Маркеты,Внешний трафик,Стоимост. корзины,07.07 - 13.07,1268.39
Маркеты,Внешний трафик,Стоимост. корзины,14.07 - 20.07,0
Маркеты,Внешний трафик,Стоимост. корзины,21.07 - 27.07,0
Маркеты,Внешний трафик,Стоимост. корзины,28.07 - 31.07,0
Маркеты,Внешний трафик,Стоимост. корзины,01.08 - 03.08,0
Маркеты,Внешний трафик,Стоимост. корзины,04.08 - 10.08,0
Маркеты,Внешний трафик,Стоимост. корзины,11.08 - 17.08,0
Маркеты,Внешний трафик,Стоимост. корзины,18.08 - 24.08,0
Маркеты,Внешний трафик,Стоимост. корзины,25.08 - 31.08,0
Маркеты,Внешний трафик,Стоимост. корзины,01.09 - 07.09,0
Маркеты,Внешний трафик,Стоимост. корзины,08.09 - 14.09,0
Маркеты,Внешний трафик,Стоимост. корзины,15.09 - 21.09,0
Маркеты,Внешний трафик,Стоимост. корзины,22.09 - 28.09,0
Маркеты,Внешний трафик,Стоимост. корзины,29.09 - 30.09,0
Маркеты,Внешний трафик,Стоимост. корзины,01.10 - 05.10,0
Маркеты,Внешний трафик,Стоимост. корзины,06.10 - 12.10,0
Маркеты,Внешний трафик,Стоимост. корзины,13.10 - 19.10,0
Маркеты,Внешний трафик,Стоимост. корзины,20.10 - 26.10,0
Маркеты,Внешний трафик,Стоимост. корзины,27.10 - 31.10,0
Маркеты,Внешний трафик,% сессия / корзина,19.05 - 25.05,0.005253940455
Маркеты,Внешний трафик,% сессия / корзина,26.05 - 31.05,0.004310344828
Маркеты,Внешний трафик,% сессия / корзина,01.06 - 08.06,0.004830917874
Маркеты,Внешний трафик,% сессия / корзина,09.06 - 15.06,0
Маркеты,Внешний трафик,% сессия / корзина,16.06 - 22.06,0
Маркеты,Внешний трафик,% сессия / корзина,23.06 - 30.06,0.02228412256
Маркеты,Внешний трафик,% сессия / корзина,01.07 - 06.07,0.02127659574
Маркеты,Внешний трафик,% сессия / корзина,07.07 - 13.07,0
Маркеты,Внешний трафик,% сессия / корзина,14.07 - 20.07,0
Маркеты,Внешний трафик,% сессия / корзина,21.07 - 27.07,0
Маркеты,Внешний трафик,% сессия / корзина,28.07 - 31.07,0
Маркеты,Внешний трафик,% сессия / корзина,01.08 - 03.08,0
Маркеты,Внешний трафик,% сессия / корзина,04.08 - 10.08,0
Маркеты,Внешний трафик,% сессия / корзина,11.08 - 17.08,0
Маркеты,Внешний трафик,% сессия / корзина,18.08 - 24.08,0
Маркеты,Внешний трафик,% сессия / корзина,25.08 - 31.08,0
Маркеты,Внешний трафик,% сессия / корзина,01.09 - 07.09,0
Маркеты,Внешний трафик,% сессия / корзина,08.09 - 14.09,0
Маркеты,Внешний трафик,% сессия / корзина,15.09 - 21.09,0
Маркеты,Внешний трафик,% сессия / корзина,22.09 - 28.09,0
Маркеты,Внешний трафик,% сессия / корзина,29.09 - 30.09,0
Маркеты,Внешний трафик,% сессия / корзина,01.10 - 05.10,0
Маркеты,Внешний трафик,% сессия / корзина,06.10 - 12.10,0
Маркеты,Внешний трафик,% сессия / корзина,13.10 - 19.10,0
Маркеты,Внешний трафик,% сессия / корзина,20.10 - 26.10,0
Маркеты,Внешний трафик,% сессия / корзина,27.10 - 31.10,0
Маркеты,Яндекс Директ,Расход,19.05 - 25.05,12639.67
Маркеты,Яндекс Директ,Расход,26.05 - 31.05,12495.9
Маркеты,Яндекс Директ,Расход,01.06 - 08.06,22863.03
Маркеты,Яндекс Директ,Расход,09.06 - 15.06,1.16
Маркеты,Яндекс Директ,Расход,16.06 - 22.06,14388.17
Маркеты,Яндекс Директ,Расход,23.06 - 30.06,4348.67
Маркеты,Яндекс Директ,Расход,01.07 - 06.07,4193.49
Маркеты,Яндекс Директ,Расход,07.07 - 13.07,1069.91
Маркеты,Яндекс Директ,Расход,14.07 - 20.07,0
Маркеты,Яндекс Директ,Расход,21.07 - 27.07,0
Маркеты,Яндекс Директ,Расход,28.07 - 31.07,0
Маркеты,Яндекс Директ,Расход,01.08 - 03.08,0
Маркеты,Яндекс Директ,Расход,04.08 - 10.08,0
Маркеты,Яндекс Директ,Расход,11.08 - 17.08,0
Маркеты,Яндекс Директ,Расход,18.08 - 24.08,0
Маркеты,Яндекс Директ,Расход,25.08 - 31.08,0
Маркеты,Яндекс Директ,Расход,01.09 - 07.09,0
Маркеты,Яндекс Директ,Расход,08.09 - 14.09,0
Маркеты,Яндекс Директ,Расход,15.09 - 21.09,0
Маркеты,Яндекс Директ,Расход,22.09 - 28.09,0
Маркеты,Яндекс Директ,Расход,29.09 - 30.09,0
Маркеты,Яндекс Директ,Расход,01.10 - 05.10,0
Маркеты,Яндекс Директ,Расход,06.10 - 12.10,0
Маркеты,Яндекс Директ,Расход,13.10 - 19.10,0
Маркеты,Яндекс Директ,Расход,20.10 - 26.10,0
Маркеты,Яндекс Директ,Расход,27.10 - 31.10,0
Маркеты,Яндекс Директ,Показы,19.05 - 25.05,33105
Маркеты,Яндекс Директ,Показы,26.05 - 31.05,6751
Маркеты,Яндекс Директ,Показы,01.06 - 08.06,3884
Маркеты,Яндекс Директ,Показы,09.06 - 15.06,5
Маркеты,Яндекс Директ,Показы,16.06 - 22.06,1461
Маркеты,Яндекс Директ,Показы,23.06 - 30.06,884
Маркеты,Яндекс Директ,Показы,01.07 - 06.07,692
Маркеты,Яндекс Директ,Показы,07.07 - 13.07,268
Маркеты,Яндекс Директ,Показы,14.07 - 20.07,0
Маркеты,Яндекс Директ,Показы,21.07 - 27.07,0
Маркеты,Яндекс Директ,Показы,28.07 - 31.07,0
Маркеты,Яндекс Директ,Показы,01.08 - 03.08,0
Маркеты,Яндекс Директ,Показы,04.08 - 10.08,0
Маркеты,Яндекс Директ,Показы,11.08 - 17.08,0
Маркеты,Яндекс Директ,Показы,18.08 - 24.08,0
Маркеты,Яндекс Директ,Показы,25.08 - 31.08,0
Маркеты,Яндекс Директ,Показы,01.09 - 07.09,0
Маркеты,Яндекс Директ,Показы,08.09 - 14.09,0
Маркеты,Яндекс Директ,Показы,15.09 - 21.09,0
Маркеты,Яндекс Директ,Показы,22.09 - 28.09,0
Маркеты,Яндекс Директ,Показы,29.09 - 30.09,0
Маркеты,Яндекс Директ,Показы,01.10 - 05.10,0
Маркеты,Яндекс Директ,Показы,06.10 - 12.10,0
Маркеты,Яндекс Директ,Показы,13.10 - 19.10,0
Маркеты,Яндекс Директ,Показы,20.10 - 26.10,0
Маркеты,Яндекс Директ,Показы,27.10 - 31.10,0
Маркеты,Яндекс Директ,Клики,19.05 - 25.05,4083
Маркеты,Яндекс Директ,Клики,26.05 - 31.05,771
Маркеты,Яндекс Директ,Клики,01.06 - 08.06,268
Маркеты,Яндекс Директ,Клики,09.06 - 15.06,1
Маркеты,Яндекс Директ,Клики,16.06 - 22.06,88
Маркеты,Яндекс Директ,Клики,23.06 - 30.06,62
Маркеты,Яндекс Директ,Клики,01.07 - 06.07,61
Маркеты,Яндекс Директ,Клики,07.07 - 13.07,20
Маркеты,Яндекс Директ,Клики,14.07 - 20.07,0
Маркеты,Яндекс Директ,Клики,21.07 - 27.07,0
Маркеты,Яндекс Директ,Клики,28.07 - 31.07,0
Маркеты,Яндекс Директ,Клики,01.08 - 03.08,0
Маркеты,Яндекс Директ,Клики,04.08 - 10.08,0
Маркеты,Яндекс Директ,Клики,11.08 - 17.08,0
Маркеты,Яндекс Директ,Клики,18.08 - 24.08,0
Маркеты,Яндекс Директ,Клики,25.08 - 31.08,0
Маркеты,Яндекс Директ,Клики,01.09 - 07.09,0
Маркеты,Яндекс Директ,Клики,08.09 - 14.09,0
Маркеты,Яндекс Директ,Клики,15.09 - 21.09,0
Маркеты,Яндекс Директ,Клики,22.09 - 28.09,0
Маркеты,Яндекс Директ,Клики,29.09 - 30.09,0
Маркеты,Яндекс Директ,Клики,01.10 - 05.10,0
Маркеты,Яндекс Директ,Клики,06.10 - 12.10,0
Маркеты,Яндекс Директ,Клики,13.10 - 19.10,0
Маркеты,Яндекс Директ,Клики,20.10 - 26.10,0
Маркеты,Яндекс Директ,Клики,27.10 - 31.10,0
Маркеты,Яндекс Директ,Сессии в OZON,19.05 - 25.05,1713
Маркеты,Яндекс Директ,Сессии в OZON,26.05 - 31.05,464
Маркеты,Яндекс Директ,Сессии в OZON,01.06 - 08.06,207
Маркеты,Яндекс Директ,Сессии в OZON,09.06 - 15.06,0
Маркеты,Яндекс Директ,Сессии в OZON,16.06 - 22.06,44
Маркеты,Яндекс Директ,Сессии в OZON,23.06 - 30.06,42
Маркеты,Яндекс Директ,Сессии в OZON,01.07 - 06.07,51
Маркеты,Яндекс Директ,Сессии в OZON,07.07 - 13.07,4
Маркеты,Яндекс Директ,Сессии в OZON,14.07 - 20.07,0
Маркеты,Яндекс Директ,Сессии в OZON,21.07 - 27.07,0
Маркеты,Яндекс Директ,Сессии в OZON,28.07 - 31.07,0
Маркеты,Яндекс Директ,Сессии в OZON,01.08 - 03.08,0
Маркеты,Яндекс Директ,Сессии в OZON,04.08 - 10.08,0
Маркеты,Яндекс Директ,Сессии в OZON,11.08 - 17.08,0
Маркеты,Яндекс Директ,Сессии в OZON,18.08 - 24.08,0
Маркеты,Яндекс Директ,Сессии в OZON,25.08 - 31.08,0
Маркеты,Яндекс Директ,Сессии в OZON,01.09 - 07.09,0
Маркеты,Яндекс Директ,Сессии в OZON,08.09 - 14.09,0
Маркеты,Яндекс Директ,Сессии в OZON,15.09 - 21.09,0
Маркеты,Яндекс Директ,Сессии в OZON,22.09 - 28.09,0
Маркеты,Яндекс Директ,Сессии в OZON,29.09 - 30.09,0
Маркеты,Яндекс Директ,Сессии в OZON,01.10 - 05.10,0
Маркеты,Яндекс Директ,Сессии в OZON,06.10 - 12.10,0
Маркеты,Яндекс Директ,Сессии в OZON,13.10 - 19.10,0
Маркеты,Яндекс Директ,Сессии в OZON,20.10 - 26.10,0
Маркеты,Яндекс Директ,Сессии в OZON,27.10 - 31.10,0
Маркеты,Яндекс Директ,Корзина,19.05 - 25.05,9
Маркеты,Яндекс Директ,Корзина,26.05 - 31.05,2
Маркеты,Яндекс Директ,Корзина,01.06 - 08.06,1
Маркеты,Яндекс Директ,Корзина,09.06 - 15.06,0
Маркеты,Яндекс Директ,Корзина,16.06 - 22.06,0
Маркеты,Яндекс Директ,Корзина,23.06 - 30.06,1
Маркеты,Яндекс Директ,Корзина,01.07 - 06.07,0
Маркеты,Яндекс Директ,Корзина,07.07 - 13.07,0
Маркеты,Яндекс Директ,Корзина,14.07 - 20.07,0
Маркеты,Яндекс Директ,Корзина,21.07 - 27.07,0
Маркеты,Яндекс Директ,Корзина,28.07 - 31.07,0
Маркеты,Яндекс Директ,Корзина,01.08 - 03.08,0
Маркеты,Яндекс Директ,Корзина,04.08 - 10.08,0
Маркеты,Яндекс Директ,Корзина,11.08 - 17.08,0
Маркеты,Яндекс Директ,Корзина,18.08 - 24.08,0
Маркеты,Яндекс Директ,Корзина,25.08 - 31.08,0
Маркеты,Яндекс Директ,Корзина,01.09 - 07.09,0
Маркеты,Яндекс Директ,Корзина,08.09 - 14.09,0
Маркеты,Яндекс Директ,Корзина,15.09 - 21.09,0
Маркеты,Яндекс Директ,Корзина,22.09 - 28.09,0
Маркеты,Яндекс Директ,Корзина,29.09 - 30.09,0
Маркеты,Яндекс Директ,Корзина,01.10 - 05.10,0
Маркеты,Яндекс Директ,Корзина,06.10 - 12.10,0
Маркеты,Яндекс Директ,Корзина,13.10 - 19.10,0
Маркеты,Яндекс Директ,Корзина,20.10 - 26.10,0
Маркеты,Яндекс Директ,Корзина,27.10 - 31.10,0
Маркеты,Яндекс Директ,Стоимост. клика,19.05 - 25.05,3.095682096
Маркеты,Яндекс Директ,Стоимост. клика,26.05 - 31.05,16.207393
Маркеты,Яндекс Директ,Стоимост. клика,01.06 - 08.06,85.30981343
Маркеты,Яндекс Директ,Стоимост. клика,09.06 - 15.06,1.16
Маркеты,Яндекс Директ,Стоимост. клика,16.06 - 22.06,163.5019318
Маркеты,Яндекс Директ,Стоимост. клика,23.06 - 30.06,70.13983871
Маркеты,Яндекс Директ,Стоимост. клика,01.07 - 06.07,68.7457377
Маркеты,Яндекс Директ,Стоимост. клика,07.07 - 13.07,53.4955
Маркеты,Яндекс Директ,Стоимост. клика,14.07 - 20.07,#DIV/0!
Маркеты,Яндекс Директ,Стоимост. клика,21.07 - 27.07,#DIV/0!
Маркеты,Яндекс Директ,Стоимост. клика,28.07 - 31.07,#DIV/0!
Маркеты,Яндекс Директ,Стоимост. клика,01.08 - 03.08,#DIV/0!
Маркеты,Яндекс Директ,Стоимост. клика,04.08 - 10.08,#DIV/0!
Маркеты,Яндекс Директ,Стоимост. клика,11.08 - 17.08,#DIV/0!
Маркеты,Яндекс Директ,Стоимост. клика,18.08 - 24.08,#DIV/0!
Маркеты,Яндекс Директ,Стоимост. клика,25.08 - 31.08,#DIV/0!
Маркеты,Яндекс Директ,Стоимост. клика,01.09 - 07.09,#DIV/0!
Маркеты,Яндекс Директ,Стоимост. клика,08.09 - 14.09,#DIV/0!
Маркеты,Яндекс Директ,Стоимост. клика,15.09 - 21.09,#DIV/0!
Маркеты,Яндекс Директ,Стоимост. клика,22.09 - 28.09,#DIV/0!
Маркеты,Яндекс Директ,Стоимост. клика,29.09 - 30.09,#DIV/0!
Маркеты,Яндекс Директ,Стоимост. клика,01.10 - 05.10,#DIV/0!
Маркеты,Яндекс Директ,Стоимост. клика,06.10 - 12.10,#DIV/0!
Маркеты,Яндекс Директ,Стоимост. клика,13.10 - 19.10,#DIV/0!
Маркеты,Яндекс Директ,Стоимост. клика,20.10 - 26.10,#DIV/0!
Маркеты,Яндекс Директ,Стоимост. клика,27.10 - 31.10,#DIV/0!
Маркеты,Яндекс Директ,Стоимост. сессии,19.05 - 25.05,7.378674839
Маркеты,Яндекс Директ,Стоимост. сессии,26.05 - 31.05,26.93081897
Маркеты,Яндекс Директ,Стоимост. сессии,01.06 - 08.06,110.4494203
Маркеты,Яндекс Директ,Стоимост. сессии,09.06 - 15.06,#DIV/0!
Маркеты,Яндекс Директ,Стоимост. сессии,16.06 - 22.06,327.0038636
Маркеты,Яндекс Директ,Стоимост. сессии,23.06 - 30.06,103.5397619
Маркеты,Яндекс Директ,Стоимост. сессии,01.07 - 06.07,82.22529412
Маркеты,Яндекс Директ,Стоимост. сессии,07.07 - 13.07,267.4775
Маркеты,Яндекс Директ,Стоимост. сессии,14.07 - 20.07,#DIV/0!
Маркеты,Яндекс Директ,Стоимост. сессии,21.07 - 27.07,#DIV/0!
Маркеты,Яндекс Директ,Стоимост. сессии,28.07 - 31.07,#DIV/0!
Маркеты,Яндекс Директ,Стоимост. сессии,01.08 - 03.08,#DIV/0!
Маркеты,Яндекс Директ,Стоимост. сессии,04.08 - 10.08,#DIV/0!
Маркеты,Яндекс Директ,Стоимост. сессии,11.08 - 17.08,#DIV/0!
Маркеты,Яндекс Директ,Стоимост. сессии,18.08 - 24.08,#DIV/0!
Маркеты,Яндекс Директ,Стоимост. сессии,25.08 - 31.08,#DIV/0!
Маркеты,Яндекс Директ,Стоимост. сессии,01.09 - 07.09,#DIV/0!
Маркеты,Яндекс Директ,Стоимост. сессии,08.09 - 14.09,#DIV/0!
Маркеты,Яндекс Директ,Стоимост. сессии,15.09 - 21.09,#DIV/0!
Маркеты,Яндекс Директ,Стоимост. сессии,22.09 - 28.09,#DIV/0!
Маркеты,Яндекс Директ,Стоимост. сессии,29.09 - 30.09,#DIV/0!
Маркеты,Яндекс Директ,Стоимост. сессии,01.10 - 05.10,#DIV/0!
Маркеты,Яндекс Директ,Стоимост. сессии,06.10 - 12.10,#DIV/0!
Маркеты,Яндекс Директ,Стоимост. сессии,13.10 - 19.10,#DIV/0!
Маркеты,Яндекс Директ,Стоимост. сессии,20.10 - 26.10,#DIV/0!
Маркеты,Яндекс Директ,Стоимост. сессии,27.10 - 31.10,#DIV/0!
Маркеты,Яндекс Директ,Стоимост. корзины,19.05 - 25.05,1404.407778
Маркеты,Яндекс Директ,Стоимост. корзины,26.05 - 31.05,6247.95
Маркеты,Яндекс Директ,Стоимост. корзины,01.06 - 08.06,22863.03
Маркеты,Яндекс Директ,Стоимост. корзины,09.06 - 15.06,1.16
Маркеты,Яндекс Директ,Стоимост. корзины,16.06 - 22.06,14388.17
Маркеты,Яндекс Директ,Стоимост. корзины,23.06 - 30.06,4348.67
Маркеты,Яндекс Директ,Стоимост. корзины,01.07 - 06.07,4193.49
Маркеты,Яндекс Директ,Стоимост. корзины,07.07 - 13.07,1069.91
Маркеты,Яндекс Директ,Стоимост. корзины,14.07 - 20.07,0
Маркеты,Яндекс Директ,Стоимост. корзины,21.07 - 27.07,0
Маркеты,Яндекс Директ,Стоимост. корзины,28.07 - 31.07,0
Маркеты,Яндекс Директ,Стоимост. корзины,01.08 - 03.08,0
Маркеты,Яндекс Директ,Стоимост. корзины,04.08 - 10.08,0
Маркеты,Яндекс Директ,Стоимост. корзины,11.08 - 17.08,0
Маркеты,Яндекс Директ,Стоимост. корзины,18.08 - 24.08,0
Маркеты,Яндекс Директ,Стоимост. корзины,25.08 - 31.08,0
Маркеты,Яндекс Директ,Стоимост. корзины,01.09 - 07.09,0
Маркеты,Яндекс Директ,Стоимост. корзины,08.09 - 14.09,0
Маркеты,Яндекс Директ,Стоимост. корзины,15.09 - 21.09,0
Маркеты,Яндекс Директ,Стоимост. корзины,22.09 - 28.09,0
Маркеты,Яндекс Директ,Стоимост. корзины,29.09 - 30.09,0
Маркеты,Яндекс Директ,Стоимост. корзины,01.10 - 05.10,0
Маркеты,Яндекс Директ,Стоимост. корзины,06.10 - 12.10,0
Маркеты,Яндекс Директ,Стоимост. корзины,13.10 - 19.10,0
Маркеты,Яндекс Директ,Стоимост. корзины,20.10 - 26.10,0
Маркеты,Яндекс Директ,Стоимост. корзины,27.10 - 31.10,0
Маркеты,Яндекс Директ,% сессия / корзина,19.05 - 25.05,0.005253940455
Маркеты,Яндекс Директ,% сессия / корзина,26.05 - 31.05,0.004310344828
Маркеты,Яндекс Директ,% сессия / корзина,01.06 - 08.06,0.004830917874
Маркеты,Яндекс Директ,% сессия / корзина,09.06 - 15.06,0
Маркеты,Яндекс Директ,% сессия / корзина,16.06 - 22.06,0
Маркеты,Яндекс Директ,% сессия / корзина,23.06 - 30.06,0.02380952381
Маркеты,Яндекс Директ,% сессия / корзина,01.07 - 06.07,0
Маркеты,Яндекс Директ,% сессия / корзина,07.07 - 13.07,0
Маркеты,Яндекс Директ,% сессия / корзина,14.07 - 20.07,0
Маркеты,Яндекс Директ,% сессия / корзина,21.07 - 27.07,0
Маркеты,Яндекс Директ,% сессия / корзина,28.07 - 31.07,0
Маркеты,Яндекс Директ,% сессия / корзина,01.08 - 03.08,0
Маркеты,Яндекс Директ,% сессия / корзина,04.08 - 10.08,0
Маркеты,Яндекс Директ,% сессия / корзина,11.08 - 17.08,0
Маркеты,Яндекс Директ,% сессия / корзина,18.08 - 24.08,0
Маркеты,Яндекс Директ,% сессия / корзина,25.08 - 31.08,0
Маркеты,Яндекс Директ,% сессия / корзина,01.09 - 07.09,0
Маркеты,Яндекс Директ,% сессия / корзина,08.09 - 14.09,0
Маркеты,Яндекс Директ,% сессия / корзина,15.09 - 21.09,0
Маркеты,Яндекс Директ,% сессия / корзина,22.09 - 28.09,0
Маркеты,Яндекс Директ,% сессия / корзина,29.09 - 30.09,0
Маркеты,Яндекс Директ,% сессия / корзина,01.10 - 05.10,0
Маркеты,Яндекс Директ,% сессия / корзина,06.10 - 12.10,0
Маркеты,Яндекс Директ,% сессия / корзина,13.10 - 19.10,0
Маркеты,Яндекс Директ,% сессия / корзина,20.10 - 26.10,0
Маркеты,Яндекс Директ,% сессия / корзина,27.10 - 31.10,0
Маркеты,Единая перфоманс кампания (поиск),Расход,19.05 - 25.05,1596.44
Маркеты,Единая перфоманс кампания (поиск),Расход,26.05 - 31.05,10073.78
Маркеты,Единая перфоманс кампания (поиск),Расход,01.06 - 08.06,22863.03
Маркеты,Единая перфоманс кампания (поиск),Расход,09.06 - 15.06,1.16
Маркеты,Единая перфоманс кампания (поиск),Расход,16.06 - 22.06,14388.17
Маркеты,Единая перфоманс кампания (поиск),Расход,23.06 - 30.06,4348.67
Маркеты,Единая перфоманс кампания (поиск),Расход,01.07 - 06.07,4193.49
Маркеты,Единая перфоманс кампания (поиск),Расход,07.07 - 13.07,1069.91
Маркеты,Единая перфоманс кампания (поиск),Расход,14.07 - 20.07,
Маркеты,Единая перфоманс кампания (поиск),Расход,21.07 - 27.07,
Маркеты,Единая перфоманс кампания (поиск),Расход,28.07 - 31.07,
Маркеты,Единая перфоманс кампания (поиск),Расход,01.08 - 03.08,
Маркеты,Единая перфоманс кампания (поиск),Расход,04.08 - 10.08,
Маркеты,Единая перфоманс кампания (поиск),Расход,11.08 - 17.08,
Маркеты,Единая перфоманс кампания (поиск),Расход,18.08 - 24.08,
Маркеты,Единая перфоманс кампания (поиск),Расход,25.08 - 31.08,
Маркеты,Единая перфоманс кампания (поиск),Расход,01.09 - 07.09,
Маркеты,Единая перфоманс кампания (поиск),Расход,08.09 - 14.09,
Маркеты,Единая перфоманс кампания (поиск),Расход,15.09 - 21.09,
Маркеты,Единая перфоманс кампания (поиск),Расход,22.09 - 28.09,
Маркеты,Единая перфоманс кампания (поиск),Расход,29.09 - 30.09,
Маркеты,Единая перфоманс кампания (поиск),Расход,01.10 - 05.10,
Маркеты,Единая перфоманс кампания (поиск),Расход,06.10 - 12.10,
Маркеты,Единая перфоманс кампания (поиск),Расход,13.10 - 19.10,
Маркеты,Единая перфоманс кампания (поиск),Расход,20.10 - 26.10,
Маркеты,Единая перфоманс кампания (поиск),Расход,27.10 - 31.10,
Маркеты,Единая перфоманс кампания (поиск),Показы,19.05 - 25.05,517.0
Маркеты,Единая перфоманс кампания (поиск),Показы,26.05 - 31.05,2074.0
Маркеты,Единая перфоманс кампания (поиск),Показы,01.06 - 08.06,3884.0
Маркеты,Единая перфоманс кампания (поиск),Показы,09.06 - 15.06,5.0
Маркеты,Единая перфоманс кампания (поиск),Показы,16.06 - 22.06,1461.0
Маркеты,Единая перфоманс кампания (поиск),Показы,23.06 - 30.06,884.0
Маркеты,Единая перфоманс кампания (поиск),Показы,01.07 - 06.07,692.0
Маркеты,Единая перфоманс кампания (поиск),Показы,07.07 - 13.07,268.0
Маркеты,Единая перфоманс кампания (поиск),Показы,14.07 - 20.07,
Маркеты,Единая перфоманс кампания (поиск),Показы,21.07 - 27.07,
Маркеты,Единая перфоманс кампания (поиск),Показы,28.07 - 31.07,
Маркеты,Единая перфоманс кампания (поиск),Показы,01.08 - 03.08,
Маркеты,Единая перфоманс кампания (поиск),Показы,04.08 - 10.08,
Маркеты,Единая перфоманс кампания (поиск),Показы,11.08 - 17.08,
Маркеты,Единая перфоманс кампания (поиск),Показы,18.08 - 24.08,
Маркеты,Единая перфоманс кампания (поиск),Показы,25.08 - 31.08,
Маркеты,Единая перфоманс кампания (поиск),Показы,01.09 - 07.09,
Маркеты,Единая перфоманс кампания (поиск),Показы,08.09 - 14.09,
Маркеты,Единая перфоманс кампания (поиск),Показы,15.09 - 21.09,
Маркеты,Единая перфоманс кампания (поиск),Показы,22.09 - 28.09,
Маркеты,Единая перфоманс кампания (поиск),Показы,29.09 - 30.09,
Маркеты,Единая перфоманс кампания (поиск),Показы,01.10 - 05.10,
Маркеты,Единая перфоманс кампания (поиск),Показы,06.10 - 12.10,
Маркеты,Единая перфоманс кампания (поиск),Показы,13.10 - 19.10,
Маркеты,Единая перфоманс кампания (поиск),Показы,20.10 - 26.10,
Маркеты,Единая перфоманс кампания (поиск),Показы,27.10 - 31.10,
Маркеты,Единая перфоманс кампания (поиск),Клики,19.05 - 25.05,34.0
Маркеты,Единая перфоманс кампания (поиск),Клики,26.05 - 31.05,145.0
Маркеты,Единая перфоманс кампания (поиск),Клики,01.06 - 08.06,268.0
Маркеты,Единая перфоманс кампания (поиск),Клики,09.06 - 15.06,1.0
Маркеты,Единая перфоманс кампания (поиск),Клики,16.06 - 22.06,88.0
Маркеты,Единая перфоманс кампания (поиск),Клики,23.06 - 30.06,62.0
Маркеты,Единая перфоманс кампания (поиск),Клики,01.07 - 06.07,61.0
Маркеты,Единая перфоманс кампания (поиск),Клики,07.07 - 13.07,20.0
Маркеты,Единая перфоманс кампания (поиск),Клики,14.07 - 20.07,
Маркеты,Единая перфоманс кампания (поиск),Клики,21.07 - 27.07,
Маркеты,Единая перфоманс кампания (поиск),Клики,28.07 - 31.07,
Маркеты,Единая перфоманс кампания (поиск),Клики,01.08 - 03.08,
Маркеты,Единая перфоманс кампания (поиск),Клики,04.08 - 10.08,
Маркеты,Единая перфоманс кампания (поиск),Клики,11.08 - 17.08,
Маркеты,Единая перфоманс кампания (поиск),Клики,18.08 - 24.08,
Маркеты,Единая перфоманс кампания (поиск),Клики,25.08 - 31.08,
Маркеты,Единая перфоманс кампания (поиск),Клики,01.09 - 07.09,
Маркеты,Единая перфоманс кампания (поиск),Клики,08.09 - 14.09,
Маркеты,Единая перфоманс кампания (поиск),Клики,15.09 - 21.09,
Маркеты,Единая перфоманс кампания (поиск),Клики,22.09 - 28.09,
Маркеты,Единая перфоманс кампания (поиск),Клики,29.09 - 30.09,
Маркеты,Единая перфоманс кампания (поиск),Клики,01.10 - 05.10,
Маркеты,Единая перфоманс кампания (поиск),Клики,06.10 - 12.10,
Маркеты,Единая перфоманс кампания (поиск),Клики,13.10 - 19.10,
Маркеты,Единая перфоманс кампания (поиск),Клики,20.10 - 26.10,
Маркеты,Единая перфоманс кампания (поиск),Клики,27.10 - 31.10,
Маркеты,Единая перфоманс кампания (поиск),Сессии в OZON,19.05 - 25.05,28.0
Маркеты,Единая перфоманс кампания (поиск),Сессии в OZON,26.05 - 31.05,119.0
Маркеты,Единая перфоманс кампания (поиск),Сессии в OZON,01.06 - 08.06,207.0
Маркеты,Единая перфоманс кампания (поиск),Сессии в OZON,09.06 - 15.06,0.0
Маркеты,Единая перфоманс кампания (поиск),Сессии в OZON,16.06 - 22.06,44.0
Маркеты,Единая перфоманс кампания (поиск),Сессии в OZON,23.06 - 30.06,42.0
Маркеты,Единая перфоманс кампания (поиск),Сессии в OZON,01.07 - 06.07,51.0
Маркеты,Единая перфоманс кампания (поиск),Сессии в OZON,07.07 - 13.07,4.0
Маркеты,Единая перфоманс кампания (поиск),Сессии в OZON,14.07 - 20.07,
Маркеты,Единая перфоманс кампания (поиск),Сессии в OZON,21.07 - 27.07,
Маркеты,Единая перфоманс кампания (поиск),Сессии в OZON,28.07 - 31.07,
Маркеты,Единая перфоманс кампания (поиск),Сессии в OZON,01.08 - 03.08,
Маркеты,Единая перфоманс кампания (поиск),Сессии в OZON,04.08 - 10.08,
Маркеты,Единая перфоманс кампания (поиск),Сессии в OZON,11.08 - 17.08,
Маркеты,Единая перфоманс кампания (поиск),Сессии в OZON,18.08 - 24.08,
Маркеты,Единая перфоманс кампания (поиск),Сессии в OZON,25.08 - 31.08,
Маркеты,Единая перфоманс кампания (поиск),Сессии в OZON,01.09 - 07.09,
Маркеты,Единая перфоманс кампания (поиск),Сессии в OZON,08.09 - 14.09,
Маркеты,Единая перфоманс кампания (поиск),Сессии в OZON,15.09 - 21.09,
Маркеты,Единая перфоманс кампания (поиск),Сессии в OZON,22.09 - 28.09,
Маркеты,Единая перфоманс кампания (поиск),Сессии в OZON,29.09 - 30.09,
Маркеты,Единая перфоманс кампания (поиск),Сессии в OZON,01.10 - 05.10,
Маркеты,Единая перфоманс кампания (поиск),Сессии в OZON,06.10 - 12.10,
Маркеты,Единая перфоманс кампания (поиск),Сессии в OZON,13.10 - 19.10,
Маркеты,Единая перфоманс кампания (поиск),Сессии в OZON,20.10 - 26.10,
Маркеты,Единая перфоманс кампания (поиск),Сессии в OZON,27.10 - 31.10,
Маркеты,Единая перфоманс кампания (поиск),Корзина,19.05 - 25.05,3.0
Маркеты,Единая перфоманс кампания (поиск),Корзина,26.05 - 31.05,2.0
Маркеты,Единая перфоманс кампания (поиск),Корзина,01.06 - 08.06,1.0
Маркеты,Единая перфоманс кампания (поиск),Корзина,09.06 - 15.06,0.0
Маркеты,Единая перфоманс кампания (поиск),Корзина,16.06 - 22.06,0.0
Маркеты,Единая перфоманс кампания (поиск),Корзина,23.06 - 30.06,1.0
Маркеты,Единая перфоманс кампания (поиск),Корзина,01.07 - 06.07,0.0
Маркеты,Единая перфоманс кампания (поиск),Корзина,07.07 - 13.07,0.0
Маркеты,Единая перфоманс кампания (поиск),Корзина,14.07 - 20.07,
Маркеты,Единая перфоманс кампания (поиск),Корзина,21.07 - 27.07,
Маркеты,Единая перфоманс кампания (поиск),Корзина,28.07 - 31.07,
Маркеты,Единая перфоманс кампания (поиск),Корзина,01.08 - 03.08,
Маркеты,Единая перфоманс кампания (поиск),Корзина,04.08 - 10.08,
Маркеты,Единая перфоманс кампания (поиск),Корзина,11.08 - 17.08,
Маркеты,Единая перфоманс кампания (поиск),Корзина,18.08 - 24.08,
Маркеты,Единая перфоманс кампания (поиск),Корзина,25.08 - 31.08,
Маркеты,Единая перфоманс кампания (поиск),Корзина,01.09 - 07.09,
Маркеты,Единая перфоманс кампания (поиск),Корзина,08.09 - 14.09,
Маркеты,Единая перфоманс кампания (поиск),Корзина,15.09 - 21.09,
Маркеты,Единая перфоманс кампания (поиск),Корзина,22.09 - 28.09,
Маркеты,Единая перфоманс кампания (поиск),Корзина,29.09 - 30.09,
Маркеты,Единая перфоманс кампания (поиск),Корзина,01.10 - 05.10,
Маркеты,Единая перфоманс кампания (поиск),Корзина,06.10 - 12.10,
Маркеты,Единая перфоманс кампания (поиск),Корзина,13.10 - 19.10,
Маркеты,Единая перфоманс кампания (поиск),Корзина,20.10 - 26.10,
Маркеты,Единая перфоманс кампания (поиск),Корзина,27.10 - 31.10,
Маркеты,Единая перфоманс кампания (поиск),Стоимост. клика,19.05 - 25.05,46.95411765
Маркеты,Единая перфоманс кампания (поиск),Стоимост. клика,26.05 - 31.05,69.47434483
Маркеты,Единая перфоманс кампания (поиск),Стоимост. клика,01.06 - 08.06,85.30981343
Маркеты,Единая перфоманс кампания (поиск),Стоимост. клика,09.06 - 15.06,1.16
Маркеты,Единая перфоманс кампания (поиск),Стоимост. клика,16.06 - 22.06,163.5019318
Маркеты,Единая перфоманс кампания (поиск),Стоимост. клика,23.06 - 30.06,70.13983871
Маркеты,Единая перфоманс кампания (поиск),Стоимост. клика,01.07 - 06.07,68.7457377
Маркеты,Единая перфоманс кампания (поиск),Стоимост. клика,07.07 - 13.07,53.4955
Маркеты,Единая перфоманс кампания (поиск),Стоимост. клика,14.07 - 20.07,#DIV/0!
Маркеты,Единая перфоманс кампания (поиск),Стоимост. клика,21.07 - 27.07,#DIV/0!
Маркеты,Единая перфоманс кампания (поиск),Стоимост. клика,28.07 - 31.07,#DIV/0!
Маркеты,Единая перфоманс кампания (поиск),Стоимост. клика,01.08 - 03.08,#DIV/0!
Маркеты,Единая перфоманс кампания (поиск),Стоимост. клика,04.08 - 10.08,#DIV/0!
Маркеты,Единая перфоманс кампания (поиск),Стоимост. клика,11.08 - 17.08,#DIV/0!
Маркеты,Единая перфоманс кампания (поиск),Стоимост. клика,18.08 - 24.08,#DIV/0!
Маркеты,Единая перфоманс кампания (поиск),Стоимост. клика,25.08 - 31.08,#DIV/0!
Маркеты,Единая перфоманс кампания (поиск),Стоимост. клика,01.09 - 07.09,#DIV/0!
Маркеты,Единая перфоманс кампания (поиск),Стоимост. клика,08.09 - 14.09,#DIV/0!
Маркеты,Единая перфоманс кампания (поиск),Стоимост. клика,15.09 - 21.09,#DIV/0!
Маркеты,Единая перфоманс кампания (поиск),Стоимост. клика,22.09 - 28.09,#DIV/0!
Маркеты,Единая перфоманс кампания (поиск),Стоимост. клика,29.09 - 30.09,#DIV/0!
Маркеты,Единая перфоманс кампания (поиск),Стоимост. клика,01.10 - 05.10,#DIV/0!
Маркеты,Единая перфоманс кампания (поиск),Стоимост. клика,06.10 - 12.10,#DIV/0!
Маркеты,Единая перфоманс кампания (поиск),Стоимост. клика,13.10 - 19.10,#DIV/0!
Маркеты,Единая перфоманс кампания (поиск),Стоимост. клика,20.10 - 26.10,#DIV/0!
Маркеты,Единая перфоманс кампания (поиск),Стоимост. клика,27.10 - 31.10,#DIV/0!
Маркеты,Единая перфоманс кампания (поиск),Стоимост. сессии,19.05 - 25.05,57.01571429
Маркеты,Единая перфоманс кампания (поиск),Стоимост. сессии,26.05 - 31.05,84.65361345
Маркеты,Единая перфоманс кампания (поиск),Стоимост. сессии,01.06 - 08.06,110.4494203
Маркеты,Единая перфоманс кампания (поиск),Стоимост. сессии,09.06 - 15.06,#DIV/0!
Маркеты,Единая перфоманс кампания (поиск),Стоимост. сессии,16.06 - 22.06,327.0038636
Маркеты,Единая перфоманс кампания (поиск),Стоимост. сессии,23.06 - 30.06,103.5397619
Маркеты,Единая перфоманс кампания (поиск),Стоимост. сессии,01.07 - 06.07,82.22529412
Маркеты,Единая перфоманс кампания (поиск),Стоимост. сессии,07.07 - 13.07,267.4775
Маркеты,Единая перфоманс кампания (поиск),Стоимост. сессии,14.07 - 20.07,#DIV/0!
Маркеты,Единая перфоманс кампания (поиск),Стоимост. сессии,21.07 - 27.07,#DIV/0!
Маркеты,Единая перфоманс кампания (поиск),Стоимост. сессии,28.07 - 31.07,#DIV/0!
Маркеты,Единая перфоманс кампания (поиск),Стоимост. сессии,01.08 - 03.08,#DIV/0!
Маркеты,Единая перфоманс кампания (поиск),Стоимост. сессии,04.08 - 10.08,#DIV/0!
Маркеты,Единая перфоманс кампания (поиск),Стоимост. сессии,11.08 - 17.08,#DIV/0!
Маркеты,Единая перфоманс кампания (поиск),Стоимост. сессии,18.08 - 24.08,#DIV/0!
Маркеты,Единая перфоманс кампания (поиск),Стоимост. сессии,25.08 - 31.08,#DIV/0!
Маркеты,Единая перфоманс кампания (поиск),Стоимост. сессии,01.09 - 07.09,#DIV/0!
Маркеты,Единая перфоманс кампания (поиск),Стоимост. сессии,08.09 - 14.09,#DIV/0!
Маркеты,Единая перфоманс кампания (поиск),Стоимост. сессии,15.09 - 21.09,#DIV/0!
Маркеты,Единая перфоманс кампания (поиск),Стоимост. сессии,22.09 - 28.09,#DIV/0!
Маркеты,Единая перфоманс кампания (поиск),Стоимост. сессии,29.09 - 30.09,#DIV/0!
Маркеты,Единая перфоманс кампания (поиск),Стоимост. сессии,01.10 - 05.10,#DIV/0!
Маркеты,Единая перфоманс кампания (поиск),Стоимост. сессии,06.10 - 12.10,#DIV/0!
Маркеты,Единая перфоманс кампания (поиск),Стоимост. сессии,13.10 - 19.10,#DIV/0!
Маркеты,Единая перфоманс кампания (поиск),Стоимост. сессии,20.10 - 26.10,#DIV/0!
Маркеты,Единая перфоманс кампания (поиск),Стоимост. сессии,27.10 - 31.10,#DIV/0!
Маркеты,Единая перфоманс кампания (поиск),Стоимост. корзины,19.05 - 25.05,532.1466667
Маркеты,Единая перфоманс кампания (поиск),Стоимост. корзины,26.05 - 31.05,5036.89
Маркеты,Единая перфоманс кампания (поиск),Стоимост. корзины,01.06 - 08.06,22863.03
Маркеты,Единая перфоманс кампания (поиск),Стоимост. корзины,09.06 - 15.06,1.16
Маркеты,Единая перфоманс кампания (поиск),Стоимост. корзины,16.06 - 22.06,14388.17
Маркеты,Единая перфоманс кампания (поиск),Стоимост. корзины,23.06 - 30.06,4348.67
Маркеты,Единая перфоманс кампания (поиск),Стоимост. корзины,01.07 - 06.07,4193.49
Маркеты,Единая перфоманс кампания (поиск),Стоимост. корзины,07.07 - 13.07,1069.91
Маркеты,Единая перфоманс кампания (поиск),Стоимост. корзины,14.07 - 20.07,
Маркеты,Единая перфоманс кампания (поиск),Стоимост. корзины,21.07 - 27.07,
Маркеты,Единая перфоманс кампания (поиск),Стоимост. корзины,28.07 - 31.07,
Маркеты,Единая перфоманс кампания (поиск),Стоимост. корзины,01.08 - 03.08,
Маркеты,Единая перфоманс кампания (поиск),Стоимост. корзины,04.08 - 10.08,
Маркеты,Единая перфоманс кампания (поиск),Стоимост. корзины,11.08 - 17.08,
Маркеты,Единая перфоманс кампания (поиск),Стоимост. корзины,18.08 - 24.08,
Маркеты,Единая перфоманс кампания (поиск),Стоимост. корзины,25.08 - 31.08,
Маркеты,Единая перфоманс кампания (поиск),Стоимост. корзины,01.09 - 07.09,
Маркеты,Единая перфоманс кампания (поиск),Стоимост. корзины,08.09 - 14.09,
Маркеты,Единая перфоманс кампания (поиск),Стоимост. корзины,15.09 - 21.09,
Маркеты,Единая перфоманс кампания (поиск),Стоимост. корзины,22.09 - 28.09,
Маркеты,Единая перфоманс кампания (поиск),Стоимост. корзины,29.09 - 30.09,
Маркеты,Единая перфоманс кампания (поиск),Стоимост. корзины,01.10 - 05.10,
Маркеты,Единая перфоманс кампания (поиск),Стоимост. корзины,06.10 - 12.10,
Маркеты,Единая перфоманс кампания (поиск),Стоимост. корзины,13.10 - 19.10,
Маркеты,Единая перфоманс кампания (поиск),Стоимост. корзины,20.10 - 26.10,
Маркеты,Единая перфоманс кампания (поиск),Стоимост. корзины,27.10 - 31.10,
Маркеты,Единая перфоманс кампания (поиск),% сессия / корзина,19.05 - 25.05,0.1071428571
Маркеты,Единая перфоманс кампания (поиск),% сессия / корзина,26.05 - 31.05,0.01680672269
Маркеты,Единая перфоманс кампания (поиск),% сессия / корзина,01.06 - 08.06,0.004830917874
Маркеты,Единая перфоманс кампания (поиск),% сессия / корзина,09.06 - 15.06,0
Маркеты,Единая перфоманс кампания (поиск),% сессия / корзина,16.06 - 22.06,0
Маркеты,Единая перфоманс кампания (поиск),% сессия / корзина,23.06 - 30.06,0.02380952381
Маркеты,Единая перфоманс кампания (поиск),% сессия / корзина,01.07 - 06.07,0
Маркеты,Единая перфоманс кампания (поиск),% сессия / корзина,07.07 - 13.07,0
Маркеты,Единая перфоманс кампания (поиск),% сессия / корзина,14.07 - 20.07,0
Маркеты,Единая перфоманс кампания (поиск),% сессия / корзина,21.07 - 27.07,0
Маркеты,Единая перфоманс кампания (поиск),% сессия / корзина,28.07 - 31.07,0
Маркеты,Единая перфоманс кампания (поиск),% сессия / корзина,01.08 - 03.08,0
Маркеты,Единая перфоманс кампания (поиск),% сессия / корзина,04.08 - 10.08,0
Маркеты,Единая перфоманс кампания (поиск),% сессия / корзина,11.08 - 17.08,0
Маркеты,Единая перфоманс кампания (поиск),% сессия / корзина,18.08 - 24.08,0
Маркеты,Единая перфоманс кампания (поиск),% сессия / корзина,25.08 - 31.08,0
Маркеты,Единая перфоманс кампания (поиск),% сессия / корзина,01.09 - 07.09,0
Маркеты,Единая перфоманс кампания (поиск),% сессия / корзина,08.09 - 14.09,0
Маркеты,Единая перфоманс кампания (поиск),% сессия / корзина,15.09 - 21.09,0
Маркеты,Единая перфоманс кампания (поиск),% сессия / корзина,22.09 - 28.09,0
Маркеты,Единая перфоманс кампания (поиск),% сессия / корзина,29.09 - 30.09,0
Маркеты,Единая перфоманс кампания (поиск),% сессия / корзина,01.10 - 05.10,0
Маркеты,Единая перфоманс кампания (поиск),% сессия / корзина,06.10 - 12.10,0
Маркеты,Единая перфоманс кампания (поиск),% сессия / корзина,13.10 - 19.10,0
Маркеты,Единая перфоманс кампания (поиск),% сессия / корзина,20.10 - 26.10,0
Маркеты,Единая перфоманс кампания (поиск),% сессия / корзина,27.10 - 31.10,0
Маркеты,Продажи на маркетплейсах,Расход,19.05 - 25.05,9173.41
Маркеты,Продажи на маркетплейсах,Расход,26.05 - 31.05,1571.14
Маркеты,Продажи на маркетплейсах,Расход,01.06 - 08.06,
Маркеты,Продажи на маркетплейсах,Расход,09.06 - 15.06,
Маркеты,Продажи на маркетплейсах,Расход,16.06 - 22.06,
Маркеты,Продажи на маркетплейсах,Расход,23.06 - 30.06,
Маркеты,Продажи на маркетплейсах,Расход,01.07 - 06.07,
Маркеты,Продажи на маркетплейсах,Расход,07.07 - 13.07,
Маркеты,Продажи на маркетплейсах,Расход,14.07 - 20.07,
Маркеты,Продажи на маркетплейсах,Расход,21.07 - 27.07,
Маркеты,Продажи на маркетплейсах,Расход,28.07 - 31.07,
Маркеты,Продажи на маркетплейсах,Расход,01.08 - 03.08,
Маркеты,Продажи на маркетплейсах,Расход,04.08 - 10.08,
Маркеты,Продажи на маркетплейсах,Расход,11.08 - 17.08,
Маркеты,Продажи на маркетплейсах,Расход,18.08 - 24.08,
Маркеты,Продажи на маркетплейсах,Расход,25.08 - 31.08,
Маркеты,Продажи на маркетплейсах,Расход,01.09 - 07.09,
Маркеты,Продажи на маркетплейсах,Расход,08.09 - 14.09,
Маркеты,Продажи на маркетплейсах,Расход,15.09 - 21.09,
Маркеты,Продажи на маркетплейсах,Расход,22.09 - 28.09,
Маркеты,Продажи на маркетплейсах,Расход,29.09 - 30.09,
Маркеты,Продажи на маркетплейсах,Расход,01.10 - 05.10,
Маркеты,Продажи на маркетплейсах,Расход,06.10 - 12.10,
Маркеты,Продажи на маркетплейсах,Расход,13.10 - 19.10,
Маркеты,Продажи на маркетплейсах,Расход,20.10 - 26.10,
Маркеты,Продажи на маркетплейсах,Расход,27.10 - 31.10,
Маркеты,Продажи на маркетплейсах,Показы,19.05 - 25.05,22171.0
Маркеты,Продажи на маркетплейсах,Показы,26.05 - 31.05,2498.0
Маркеты,Продажи на маркетплейсах,Показы,01.06 - 08.06,
Маркеты,Продажи на маркетплейсах,Показы,09.06 - 15.06,
Маркеты,Продажи на маркетплейсах,Показы,16.06 - 22.06,
Маркеты,Продажи на маркетплейсах,Показы,23.06 - 30.06,
Маркеты,Продажи на маркетплейсах,Показы,01.07 - 06.07,
Маркеты,Продажи на маркетплейсах,Показы,07.07 - 13.07,
Маркеты,Продажи на маркетплейсах,Показы,14.07 - 20.07,
Маркеты,Продажи на маркетплейсах,Показы,21.07 - 27.07,
Маркеты,Продажи на маркетплейсах,Показы,28.07 - 31.07,
Маркеты,Продажи на маркетплейсах,Показы,01.08 - 03.08,
Маркеты,Продажи на маркетплейсах,Показы,04.08 - 10.08,
Маркеты,Продажи на маркетплейсах,Показы,11.08 - 17.08,
Маркеты,Продажи на маркетплейсах,Показы,18.08 - 24.08,
Маркеты,Продажи на маркетплейсах,Показы,25.08 - 31.08,
Маркеты,Продажи на маркетплейсах,Показы,01.09 - 07.09,
Маркеты,Продажи на маркетплейсах,Показы,08.09 - 14.09,
Маркеты,Продажи на маркетплейсах,Показы,15.09 - 21.09,
Маркеты,Продажи на маркетплейсах,Показы,22.09 - 28.09,
Маркеты,Продажи на маркетплейсах,Показы,29.09 - 30.09,
Маркеты,Продажи на маркетплейсах,Показы,01.10 - 05.10,
Маркеты,Продажи на маркетплейсах,Показы,06.10 - 12.10,
Маркеты,Продажи на маркетплейсах,Показы,13.10 - 19.10,
Маркеты,Продажи на маркетплейсах,Показы,20.10 - 26.10,
Маркеты,Продажи на маркетплейсах,Показы,27.10 - 31.10,
Маркеты,Продажи на маркетплейсах,Клики,19.05 - 25.05,3331.0
Маркеты,Продажи на маркетплейсах,Клики,26.05 - 31.05,468.0
Маркеты,Продажи на маркетплейсах,Клики,01.06 - 08.06,
Маркеты,Продажи на маркетплейсах,Клики,09.06 - 15.06,
Маркеты,Продажи на маркетплейсах,Клики,16.06 - 22.06,
Маркеты,Продажи на маркетплейсах,Клики,23.06 - 30.06,
Маркеты,Продажи на маркетплейсах,Клики,01.07 - 06.07,
Маркеты,Продажи на маркетплейсах,Клики,07.07 - 13.07,
Маркеты,Продажи на маркетплейсах,Клики,14.07 - 20.07,
Маркеты,Продажи на маркетплейсах,Клики,21.07 - 27.07,
Маркеты,Продажи на маркетплейсах,Клики,28.07 - 31.07,
Маркеты,Продажи на маркетплейсах,Клики,01.08 - 03.08,
Маркеты,Продажи на маркетплейсах,Клики,04.08 - 10.08,
Маркеты,Продажи на маркетплейсах,Клики,11.08 - 17.08,
Маркеты,Продажи на маркетплейсах,Клики,18.08 - 24.08,
Маркеты,Продажи на маркетплейсах,Клики,25.08 - 31.08,
Маркеты,Продажи на маркетплейсах,Клики,01.09 - 07.09,
Маркеты,Продажи на маркетплейсах,Клики,08.09 - 14.09,
Маркеты,Продажи на маркетплейсах,Клики,15.09 - 21.09,
Маркеты,Продажи на маркетплейсах,Клики,22.09 - 28.09,
Маркеты,Продажи на маркетплейсах,Клики,29.09 - 30.09,
Маркеты,Продажи на маркетплейсах,Клики,01.10 - 05.10,
Маркеты,Продажи на маркетплейсах,Клики,06.10 - 12.10,
Маркеты,Продажи на маркетплейсах,Клики,13.10 - 19.10,
Маркеты,Продажи на маркетплейсах,Клики,20.10 - 26.10,
Маркеты,Продажи на маркетплейсах,Клики,27.10 - 31.10,
Маркеты,Продажи на маркетплейсах,Сессии в OZON,19.05 - 25.05,1679.0
Маркеты,Продажи на маркетплейсах,Сессии в OZON,26.05 - 31.05,345.0
Маркеты,Продажи на маркетплейсах,Сессии в OZON,01.06 - 08.06,
Маркеты,Продажи на маркетплейсах,Сессии в OZON,09.06 - 15.06,
Маркеты,Продажи на маркетплейсах,Сессии в OZON,16.06 - 22.06,
Маркеты,Продажи на маркетплейсах,Сессии в OZON,23.06 - 30.06,
Маркеты,Продажи на маркетплейсах,Сессии в OZON,01.07 - 06.07,
Маркеты,Продажи на маркетплейсах,Сессии в OZON,07.07 - 13.07,
Маркеты,Продажи на маркетплейсах,Сессии в OZON,14.07 - 20.07,
Маркеты,Продажи на маркетплейсах,Сессии в OZON,21.07 - 27.07,
Маркеты,Продажи на маркетплейсах,Сессии в OZON,28.07 - 31.07,
Маркеты,Продажи на маркетплейсах,Сессии в OZON,01.08 - 03.08,
Маркеты,Продажи на маркетплейсах,Сессии в OZON,04.08 - 10.08,
Маркеты,Продажи на маркетплейсах,Сессии в OZON,11.08 - 17.08,
Маркеты,Продажи на маркетплейсах,Сессии в OZON,18.08 - 24.08,
Маркеты,Продажи на маркетплейсах,Сессии в OZON,25.08 - 31.08,
Маркеты,Продажи на маркетплейсах,Сессии в OZON,01.09 - 07.09,
Маркеты,Продажи на маркетплейсах,Сессии в OZON,08.09 - 14.09,
Маркеты,Продажи на маркетплейсах,Сессии в OZON,15.09 - 21.09,
Маркеты,Продажи на маркетплейсах,Сессии в OZON,22.09 - 28.09,
Маркеты,Продажи на маркетплейсах,Сессии в OZON,29.09 - 30.09,
Маркеты,Продажи на маркетплейсах,Сессии в OZON,01.10 - 05.10,
Маркеты,Продажи на маркетплейсах,Сессии в OZON,06.10 - 12.10,
Маркеты,Продажи на маркетплейсах,Сессии в OZON,13.10 - 19.10,
Маркеты,Продажи на маркетплейсах,Сессии в OZON,20.10 - 26.10,
Маркеты,Продажи на маркетплейсах,Сессии в OZON,27.10 - 31.10,
Маркеты,Продажи на маркетплейсах,Корзина,19.05 - 25.05,6.0
Маркеты,Продажи на маркетплейсах,Корзина,26.05 - 31.05,0.0
Маркеты,Продажи на маркетплейсах,Корзина,01.06 - 08.06,
Маркеты,Продажи на маркетплейсах,Корзина,09.06 - 15.06,
Маркеты,Продажи на маркетплейсах,Корзина,16.06 - 22.06,
Маркеты,Продажи на маркетплейсах,Корзина,23.06 - 30.06,
Маркеты,Продажи на маркетплейсах,Корзина,01.07 - 06.07,
Маркеты,Продажи на маркетплейсах,Корзина,07.07 - 13.07,
Маркеты,Продажи на маркетплейсах,Корзина,14.07 - 20.07,
Маркеты,Продажи на маркетплейсах,Корзина,21.07 - 27.07,
Маркеты,Продажи на маркетплейсах,Корзина,28.07 - 31.07,
Маркеты,Продажи на маркетплейсах,Корзина,01.08 - 03.08,
Маркеты,Продажи на маркетплейсах,Корзина,04.08 - 10.08,
Маркеты,Продажи на маркетплейсах,Корзина,11.08 - 17.08,
Маркеты,Продажи на маркетплейсах,Корзина,18.08 - 24.08,
Маркеты,Продажи на маркетплейсах,Корзина,25.08 - 31.08,
Маркеты,Продажи на маркетплейсах,Корзина,01.09 - 07.09,
Маркеты,Продажи на маркетплейсах,Корзина,08.09 - 14.09,
Маркеты,Продажи на маркетплейсах,Корзина,15.09 - 21.09,
Маркеты,Продажи на маркетплейсах,Корзина,22.09 - 28.09,
Маркеты,Продажи на маркетплейсах,Корзина,29.09 - 30.09,
Маркеты,Продажи на маркетплейсах,Корзина,01.10 - 05.10,
Маркеты,Продажи на маркетплейсах,Корзина,06.10 - 12.10,
Маркеты,Продажи на маркетплейсах,Корзина,13.10 - 19.10,
Маркеты,Продажи на маркетплейсах,Корзина,20.10 - 26.10,
Маркеты,Продажи на маркетплейсах,Корзина,27.10 - 31.10,
Маркеты,Продажи на маркетплейсах,Стоимост. клика,19.05 - 25.05,2.753950766
Маркеты,Продажи на маркетплейсах,Стоимост. клика,26.05 - 31.05,3.357136752
Маркеты,Продажи на маркетплейсах,Стоимост. клика,01.06 - 08.06,#DIV/0!
Маркеты,Продажи на маркетплейсах,Стоимост. клика,09.06 - 15.06,#DIV/0!
Маркеты,Продажи на маркетплейсах,Стоимост. клика,16.06 - 22.06,#DIV/0!
Маркеты,Продажи на маркетплейсах,Стоимост. клика,23.06 - 30.06,#DIV/0!
Маркеты,Продажи на маркетплейсах,Стоимост. клика,01.07 - 06.07,#DIV/0!
Маркеты,Продажи на маркетплейсах,Стоимост. клика,07.07 - 13.07,#DIV/0!
Маркеты,Продажи на маркетплейсах,Стоимост. клика,14.07 - 20.07,#DIV/0!
Маркеты,Продажи на маркетплейсах,Стоимост. клика,21.07 - 27.07,#DIV/0!
Маркеты,Продажи на маркетплейсах,Стоимост. клика,28.07 - 31.07,#DIV/0!
Маркеты,Продажи на маркетплейсах,Стоимост. клика,01.08 - 03.08,#DIV/0!
Маркеты,Продажи на маркетплейсах,Стоимост. клика,04.08 - 10.08,#DIV/0!
Маркеты,Продажи на маркетплейсах,Стоимост. клика,11.08 - 17.08,#DIV/0!
Маркеты,Продажи на маркетплейсах,Стоимост. клика,18.08 - 24.08,#DIV/0!
Маркеты,Продажи на маркетплейсах,Стоимост. клика,25.08 - 31.08,#DIV/0!
Маркеты,Продажи на маркетплейсах,Стоимост. клика,01.09 - 07.09,#DIV/0!
Маркеты,Продажи на маркетплейсах,Стоимост. клика,08.09 - 14.09,#DIV/0!
Маркеты,Продажи на маркетплейсах,Стоимост. клика,15.09 - 21.09,#DIV/0!
Маркеты,Продажи на маркетплейсах,Стоимост. клика,22.09 - 28.09,#DIV/0!
Маркеты,Продажи на маркетплейсах,Стоимост. клика,29.09 - 30.09,#DIV/0!
Маркеты,Продажи на маркетплейсах,Стоимост. клика,01.10 - 05.10,#DIV/0!
Маркеты,Продажи на маркетплейсах,Стоимост. клика,06.10 - 12.10,#DIV/0!
Маркеты,Продажи на маркетплейсах,Стоимост. клика,13.10 - 19.10,#DIV/0!
Маркеты,Продажи на маркетплейсах,Стоимост. клика,20.10 - 26.10,#DIV/0!
Маркеты,Продажи на маркетплейсах,Стоимост. клика,27.10 - 31.10,#DIV/0!
Маркеты,Продажи на маркетплейсах,Стоимост. сессии,19.05 - 25.05,5.463615247
Маркеты,Продажи на маркетплейсах,Стоимост. сессии,26.05 - 31.05,4.554028986
Маркеты,Продажи на маркетплейсах,Стоимост. сессии,01.06 - 08.06,#DIV/0!
Маркеты,Продажи на маркетплейсах,Стоимост. сессии,09.06 - 15.06,#DIV/0!
Маркеты,Продажи на маркетплейсах,Стоимост. сессии,16.06 - 22.06,#DIV/0!
Маркеты,Продажи на маркетплейсах,Стоимост. сессии,23.06 - 30.06,#DIV/0!
Маркеты,Продажи на маркетплейсах,Стоимост. сессии,01.07 - 06.07,#DIV/0!
Маркеты,Продажи на маркетплейсах,Стоимост. сессии,07.07 - 13.07,#DIV/0!
Маркеты,Продажи на маркетплейсах,Стоимост. сессии,14.07 - 20.07,#DIV/0!
Маркеты,Продажи на маркетплейсах,Стоимост. сессии,21.07 - 27.07,#DIV/0!
Маркеты,Продажи на маркетплейсах,Стоимост. сессии,28.07 - 31.07,#DIV/0!
Маркеты,Продажи на маркетплейсах,Стоимост. сессии,01.08 - 03.08,#DIV/0!
Маркеты,Продажи на маркетплейсах,Стоимост. сессии,04.08 - 10.08,#DIV/0!
Маркеты,Продажи на маркетплейсах,Стоимост. сессии,11.08 - 17.08,#DIV/0!
Маркеты,Продажи на маркетплейсах,Стоимост. сессии,18.08 - 24.08,#DIV/0!
Маркеты,Продажи на маркетплейсах,Стоимост. сессии,25.08 - 31.08,#DIV/0!
Маркеты,Продажи на маркетплейсах,Стоимост. сессии,01.09 - 07.09,#DIV/0!
Маркеты,Продажи на маркетплейсах,Стоимост. сессии,08.09 - 14.09,#DIV/0!
Маркеты,Продажи на маркетплейсах,Стоимост. сессии,15.09 - 21.09,#DIV/0!
Маркеты,Продажи на маркетплейсах,Стоимост. сессии,22.09 - 28.09,#DIV/0!
Маркеты,Продажи на маркетплейсах,Стоимост. сессии,29.09 - 30.09,#DIV/0!
Маркеты,Продажи на маркетплейсах,Стоимост. сессии,01.10 - 05.10,#DIV/0!
Маркеты,Продажи на маркетплейсах,Стоимост. сессии,06.10 - 12.10,#DIV/0!
Маркеты,Продажи на маркетплейсах,Стоимост. сессии,13.10 - 19.10,#DIV/0!
Маркеты,Продажи на маркетплейсах,Стоимост. сессии,20.10 - 26.10,#DIV/0!
Маркеты,Продажи на маркетплейсах,Стоимост. сессии,27.10 - 31.10,#DIV/0!
Маркеты,Продажи на маркетплейсах,Стоимост. корзины,19.05 - 25.05,1528.901667
Маркеты,Продажи на маркетплейсах,Стоимост. корзины,26.05 - 31.05,1571.14
Маркеты,Продажи на маркетплейсах,Стоимост. корзины,01.06 - 08.06,
Маркеты,Продажи на маркетплейсах,Стоимост. корзины,09.06 - 15.06,
Маркеты,Продажи на маркетплейсах,Стоимост. корзины,16.06 - 22.06,
Маркеты,Продажи на маркетплейсах,Стоимост. корзины,23.06 - 30.06,
Маркеты,Продажи на маркетплейсах,Стоимост. корзины,01.07 - 06.07,
Маркеты,Продажи на маркетплейсах,Стоимост. корзины,07.07 - 13.07,
Маркеты,Продажи на маркетплейсах,Стоимост. корзины,14.07 - 20.07,
Маркеты,Продажи на маркетплейсах,Стоимост. корзины,21.07 - 27.07,
Маркеты,Продажи на маркетплейсах,Стоимост. корзины,28.07 - 31.07,
Маркеты,Продажи на маркетплейсах,Стоимост. корзины,01.08 - 03.08,
Маркеты,Продажи на маркетплейсах,Стоимост. корзины,04.08 - 10.08,
Маркеты,Продажи на маркетплейсах,Стоимост. корзины,11.08 - 17.08,
Маркеты,Продажи на маркетплейсах,Стоимост. корзины,18.08 - 24.08,
Маркеты,Продажи на маркетплейсах,Стоимост. корзины,25.08 - 31.08,
Маркеты,Продажи на маркетплейсах,Стоимост. корзины,01.09 - 07.09,
Маркеты,Продажи на маркетплейсах,Стоимост. корзины,08.09 - 14.09,
Маркеты,Продажи на маркетплейсах,Стоимост. корзины,15.09 - 21.09,
Маркеты,Продажи на маркетплейсах,Стоимост. корзины,22.09 - 28.09,
Маркеты,Продажи на маркетплейсах,Стоимост. корзины,29.09 - 30.09,
Маркеты,Продажи на маркетплейсах,Стоимост. корзины,01.10 - 05.10,
Маркеты,Продажи на маркетплейсах,Стоимост. корзины,06.10 - 12.10,
Маркеты,Продажи на маркетплейсах,Стоимост. корзины,13.10 - 19.10,
Маркеты,Продажи на маркетплейсах,Стоимост. корзины,20.10 - 26.10,
Маркеты,Продажи на маркетплейсах,Стоимост. корзины,27.10 - 31.10,
Маркеты,Продажи на маркетплейсах,% сессия / корзина,19.05 - 25.05,0.003573555688
Маркеты,Продажи на маркетплейсах,% сессия / корзина,26.05 - 31.05,0
Маркеты,Продажи на маркетплейсах,% сессия / корзина,01.06 - 08.06,0
Маркеты,Продажи на маркетплейсах,% сессия / корзина,09.06 - 15.06,0
Маркеты,Продажи на маркетплейсах,% сессия / корзина,16.06 - 22.06,0
Маркеты,Продажи на маркетплейсах,% сессия / корзина,23.06 - 30.06,0
Маркеты,Продажи на маркетплейсах,% сессия / корзина,01.07 - 06.07,0
Маркеты,Продажи на маркетплейсах,% сессия / корзина,07.07 - 13.07,0
Маркеты,Продажи на маркетплейсах,% сессия / корзина,14.07 - 20.07,0
Маркеты,Продажи на маркетплейсах,% сессия / корзина,21.07 - 27.07,0
Маркеты,Продажи на маркетплейсах,% сессия / корзина,28.07 - 31.07,0
Маркеты,Продажи на маркетплейсах,% сессия / корзина,01.08 - 03.08,0
Маркеты,Продажи на маркетплейсах,% сессия / корзина,04.08 - 10.08,0
Маркеты,Продажи на маркетплейсах,% сессия / корзина,11.08 - 17.08,0
Маркеты,Продажи на маркетплейсах,% сессия / корзина,18.08 - 24.08,0
Маркеты,Продажи на маркетплейсах,% сессия / корзина,25.08 - 31.08,0
Маркеты,Продажи на маркетплейсах,% сессия / корзина,01.09 - 07.09,0
Маркеты,Продажи на маркетплейсах,% сессия / корзина,08.09 - 14.09,0
Маркеты,Продажи на маркетплейсах,% сессия / корзина,15.09 - 21.09,0
Маркеты,Продажи на маркетплейсах,% сессия / корзина,22.09 - 28.09,0
Маркеты,Продажи на маркетплейсах,% сессия / корзина,29.09 - 30.09,0
Маркеты,Продажи на маркетплейсах,% сессия / корзина,01.10 - 05.10,0
Маркеты,Продажи на маркетплейсах,% сессия / корзина,06.10 - 12.10,0
Маркеты,Продажи на маркетплейсах,% сессия / корзина,13.10 - 19.10,0
Маркеты,Продажи на маркетплейсах,% сессия / корзина,20.10 - 26.10,0
Маркеты,Продажи на маркетплейсах,% сессия / корзина,27.10 - 31.10,0
Маркеты,Продвижение телеграм-канала,Расход,19.05 - 25.05,1869.82
Маркеты,Продвижение телеграм-канала,Расход,26.05 - 31.05,850.98
Маркеты,Продвижение телеграм-канала,Расход,01.06 - 08.06,
Маркеты,Продвижение телеграм-канала,Расход,09.06 - 15.06,
Маркеты,Продвижение телеграм-канала,Расход,16.06 - 22.06,
Маркеты,Продвижение телеграм-канала,Расход,23.06 - 30.06,
Маркеты,Продвижение телеграм-канала,Расход,01.07 - 06.07,
Маркеты,Продвижение телеграм-канала,Расход,07.07 - 13.07,
Маркеты,Продвижение телеграм-канала,Расход,14.07 - 20.07,
Маркеты,Продвижение телеграм-канала,Расход,21.07 - 27.07,
Маркеты,Продвижение телеграм-канала,Расход,28.07 - 31.07,
Маркеты,Продвижение телеграм-канала,Расход,01.08 - 03.08,
Маркеты,Продвижение телеграм-канала,Расход,04.08 - 10.08,
Маркеты,Продвижение телеграм-канала,Расход,11.08 - 17.08,
Маркеты,Продвижение телеграм-канала,Расход,18.08 - 24.08,
Маркеты,Продвижение телеграм-канала,Расход,25.08 - 31.08,
Маркеты,Продвижение телеграм-канала,Расход,01.09 - 07.09,
Маркеты,Продвижение телеграм-канала,Расход,08.09 - 14.09,
Маркеты,Продвижение телеграм-канала,Расход,15.09 - 21.09,
Маркеты,Продвижение телеграм-канала,Расход,22.09 - 28.09,
Маркеты,Продвижение телеграм-канала,Расход,29.09 - 30.09,
Маркеты,Продвижение телеграм-канала,Расход,01.10 - 05.10,
Маркеты,Продвижение телеграм-канала,Расход,06.10 - 12.10,
Маркеты,Продвижение телеграм-канала,Расход,13.10 - 19.10,
Маркеты,Продвижение телеграм-канала,Расход,20.10 - 26.10,
Маркеты,Продвижение телеграм-канала,Расход,27.10 - 31.10,
Маркеты,Продвижение телеграм-канала,Показы,19.05 - 25.05,10417.0
Маркеты,Продвижение телеграм-канала,Показы,26.05 - 31.05,2179.0
Маркеты,Продвижение телеграм-канала,Показы,01.06 - 08.06,
Маркеты,Продвижение телеграм-канала,Показы,09.06 - 15.06,
Маркеты,Продвижение телеграм-канала,Показы,16.06 - 22.06,
Маркеты,Продвижение телеграм-канала,Показы,23.06 - 30.06,
Маркеты,Продвижение телеграм-канала,Показы,01.07 - 06.07,
Маркеты,Продвижение телеграм-канала,Показы,07.07 - 13.07,
Маркеты,Продвижение телеграм-канала,Показы,14.07 - 20.07,
Маркеты,Продвижение телеграм-канала,Показы,21.07 - 27.07,
Маркеты,Продвижение телеграм-канала,Показы,28.07 - 31.07,
Маркеты,Продвижение телеграм-канала,Показы,01.08 - 03.08,
Маркеты,Продвижение телеграм-канала,Показы,04.08 - 10.08,
Маркеты,Продвижение телеграм-канала,Показы,11.08 - 17.08,
Маркеты,Продвижение телеграм-канала,Показы,18.08 - 24.08,
Маркеты,Продвижение телеграм-канала,Показы,25.08 - 31.08,
Маркеты,Продвижение телеграм-канала,Показы,01.09 - 07.09,
Маркеты,Продвижение телеграм-канала,Показы,08.09 - 14.09,
Маркеты,Продвижение телеграм-канала,Показы,15.09 - 21.09,
Маркеты,Продвижение телеграм-канала,Показы,22.09 - 28.09,
Маркеты,Продвижение телеграм-канала,Показы,29.09 - 30.09,
Маркеты,Продвижение телеграм-канала,Показы,01.10 - 05.10,
Маркеты,Продвижение телеграм-канала,Показы,06.10 - 12.10,
Маркеты,Продвижение телеграм-канала,Показы,13.10 - 19.10,
Маркеты,Продвижение телеграм-канала,Показы,20.10 - 26.10,
Маркеты,Продвижение телеграм-канала,Показы,27.10 - 31.10,
Маркеты,Продвижение телеграм-канала,Клики,19.05 - 25.05,718.0
Маркеты,Продвижение телеграм-канала,Клики,26.05 - 31.05,158.0
Маркеты,Продвижение телеграм-канала,Клики,01.06 - 08.06,
Маркеты,Продвижение телеграм-канала,Клики,09.06 - 15.06,
Маркеты,Продвижение телеграм-канала,Клики,16.06 - 22.06,
Маркеты,Продвижение телеграм-канала,Клики,23.06 - 30.06,
Маркеты,Продвижение телеграм-канала,Клики,01.07 - 06.07,
Маркеты,Продвижение телеграм-канала,Клики,07.07 - 13.07,
Маркеты,Продвижение телеграм-канала,Клики,14.07 - 20.07,
Маркеты,Продвижение телеграм-канала,Клики,21.07 - 27.07,
Маркеты,Продвижение телеграм-канала,Клики,28.07 - 31.07,
Маркеты,Продвижение телеграм-канала,Клики,01.08 - 03.08,
Маркеты,Продвижение телеграм-канала,Клики,04.08 - 10.08,
Маркеты,Продвижение телеграм-канала,Клики,11.08 - 17.08,
Маркеты,Продвижение телеграм-канала,Клики,18.08 - 24.08,
Маркеты,Продвижение телеграм-канала,Клики,25.08 - 31.08,
Маркеты,Продвижение телеграм-канала,Клики,01.09 - 07.09,
Маркеты,Продвижение телеграм-канала,Клики,08.09 - 14.09,
Маркеты,Продвижение телеграм-канала,Клики,15.09 - 21.09,
Маркеты,Продвижение телеграм-канала,Клики,22.09 - 28.09,
Маркеты,Продвижение телеграм-канала,Клики,29.09 - 30.09,
Маркеты,Продвижение телеграм-канала,Клики,01.10 - 05.10,
Маркеты,Продвижение телеграм-канала,Клики,06.10 - 12.10,
Маркеты,Продвижение телеграм-канала,Клики,13.10 - 19.10,
Маркеты,Продвижение телеграм-канала,Клики,20.10 - 26.10,
Маркеты,Продвижение телеграм-канала,Клики,27.10 - 31.10,
Маркеты,Продвижение телеграм-канала,Сессии в OZON,19.05 - 25.05,6.0
Маркеты,Продвижение телеграм-канала,Сессии в OZON,26.05 - 31.05,0.0
Маркеты,Продвижение телеграм-канала,Сессии в OZON,01.06 - 08.06,
Маркеты,Продвижение телеграм-канала,Сессии в OZON,09.06 - 15.06,
Маркеты,Продвижение телеграм-канала,Сессии в OZON,16.06 - 22.06,
Маркеты,Продвижение телеграм-канала,Сессии в OZON,23.06 - 30.06,
Маркеты,Продвижение телеграм-канала,Сессии в OZON,01.07 - 06.07,
Маркеты,Продвижение телеграм-канала,Сессии в OZON,07.07 - 13.07,
Маркеты,Продвижение телеграм-канала,Сессии в OZON,14.07 - 20.07,
Маркеты,Продвижение телеграм-канала,Сессии в OZON,21.07 - 27.07,
Маркеты,Продвижение телеграм-канала,Сессии в OZON,28.07 - 31.07,
Маркеты,Продвижение телеграм-канала,Сессии в OZON,01.08 - 03.08,
Маркеты,Продвижение телеграм-канала,Сессии в OZON,04.08 - 10.08,
Маркеты,Продвижение телеграм-канала,Сессии в OZON,11.08 - 17.08,
Маркеты,Продвижение телеграм-канала,Сессии в OZON,18.08 - 24.08,
Маркеты,Продвижение телеграм-канала,Сессии в OZON,25.08 - 31.08,
Маркеты,Продвижение телеграм-канала,Сессии в OZON,01.09 - 07.09,
Маркеты,Продвижение телеграм-канала,Сессии в OZON,08.09 - 14.09,
Маркеты,Продвижение телеграм-канала,Сессии в OZON,15.09 - 21.09,
Маркеты,Продвижение телеграм-канала,Сессии в OZON,22.09 - 28.09,
Маркеты,Продвижение телеграм-канала,Сессии в OZON,29.09 - 30.09,
Маркеты,Продвижение телеграм-канала,Сессии в OZON,01.10 - 05.10,
Маркеты,Продвижение телеграм-канала,Сессии в OZON,06.10 - 12.10,
Маркеты,Продвижение телеграм-канала,Сессии в OZON,13.10 - 19.10,
Маркеты,Продвижение телеграм-канала,Сессии в OZON,20.10 - 26.10,
Маркеты,Продвижение телеграм-канала,Сессии в OZON,27.10 - 31.10,
Маркеты,Продвижение телеграм-канала,Корзина,19.05 - 25.05,0.0
Маркеты,Продвижение телеграм-канала,Корзина,26.05 - 31.05,0.0
Маркеты,Продвижение телеграм-канала,Корзина,01.06 - 08.06,
Маркеты,Продвижение телеграм-канала,Корзина,09.06 - 15.06,
Маркеты,Продвижение телеграм-канала,Корзина,16.06 - 22.06,
Маркеты,Продвижение телеграм-канала,Корзина,23.06 - 30.06,
Маркеты,Продвижение телеграм-канала,Корзина,01.07 - 06.07,
Маркеты,Продвижение телеграм-канала,Корзина,07.07 - 13.07,
Маркеты,Продвижение телеграм-канала,Корзина,14.07 - 20.07,
Маркеты,Продвижение телеграм-канала,Корзина,21.07 - 27.07,
Маркеты,Продвижение телеграм-канала,Корзина,28.07 - 31.07,
Маркеты,Продвижение телеграм-канала,Корзина,01.08 - 03.08,
Маркеты,Продвижение телеграм-канала,Корзина,04.08 - 10.08,
Маркеты,Продвижение телеграм-канала,Корзина,11.08 - 17.08,
Маркеты,Продвижение телеграм-канала,Корзина,18.08 - 24.08,
Маркеты,Продвижение телеграм-канала,Корзина,25.08 - 31.08,
Маркеты,Продвижение телеграм-канала,Корзина,01.09 - 07.09,
Маркеты,Продвижение телеграм-канала,Корзина,08.09 - 14.09,
Маркеты,Продвижение телеграм-канала,Корзина,15.09 - 21.09,
Маркеты,Продвижение телеграм-канала,Корзина,22.09 - 28.09,
Маркеты,Продвижение телеграм-канала,Корзина,29.09 - 30.09,
Маркеты,Продвижение телеграм-канала,Корзина,01.10 - 05.10,
Маркеты,Продвижение телеграм-канала,Корзина,06.10 - 12.10,
Маркеты,Продвижение телеграм-канала,Корзина,13.10 - 19.10,
Маркеты,Продвижение телеграм-канала,Корзина,20.10 - 26.10,
Маркеты,Продвижение телеграм-канала,Корзина,27.10 - 31.10,
Маркеты,Продвижение телеграм-канала,Стоимост. клика,19.05 - 25.05,2.604206128
Маркеты,Продвижение телеграм-канала,Стоимост. клика,26.05 - 31.05,5.385949367
Маркеты,Продвижение телеграм-канала,Стоимост. клика,01.06 - 08.06,#DIV/0!
Маркеты,Продвижение телеграм-канала,Стоимост. клика,09.06 - 15.06,#DIV/0!
Маркеты,Продвижение телеграм-канала,Стоимост. клика,16.06 - 22.06,#DIV/0!
Маркеты,Продвижение телеграм-канала,Стоимост. клика,23.06 - 30.06,#DIV/0!
Маркеты,Продвижение телеграм-канала,Стоимост. клика,01.07 - 06.07,#DIV/0!
Маркеты,Продвижение телеграм-канала,Стоимост. клика,07.07 - 13.07,#DIV/0!
Маркеты,Продвижение телеграм-канала,Стоимост. клика,14.07 - 20.07,#DIV/0!
Маркеты,Продвижение телеграм-канала,Стоимост. клика,21.07 - 27.07,#DIV/0!
Маркеты,Продвижение телеграм-канала,Стоимост. клика,28.07 - 31.07,#DIV/0!
Маркеты,Продвижение телеграм-канала,Стоимост. клика,01.08 - 03.08,#DIV/0!
Маркеты,Продвижение телеграм-канала,Стоимост. клика,04.08 - 10.08,#DIV/0!
Маркеты,Продвижение телеграм-канала,Стоимост. клика,11.08 - 17.08,#DIV/0!
Маркеты,Продвижение телеграм-канала,Стоимост. клика,18.08 - 24.08,#DIV/0!
Маркеты,Продвижение телеграм-канала,Стоимост. клика,25.08 - 31.08,#DIV/0!
Маркеты,Продвижение телеграм-канала,Стоимост. клика,01.09 - 07.09,#DIV/0!
Маркеты,Продвижение телеграм-канала,Стоимост. клика,08.09 - 14.09,#DIV/0!
Маркеты,Продвижение телеграм-канала,Стоимост. клика,15.09 - 21.09,#DIV/0!
Маркеты,Продвижение телеграм-канала,Стоимост. клика,22.09 - 28.09,#DIV/0!
Маркеты,Продвижение телеграм-канала,Стоимост. клика,29.09 - 30.09,#DIV/0!
Маркеты,Продвижение телеграм-канала,Стоимост. клика,01.10 - 05.10,#DIV/0!
Маркеты,Продвижение телеграм-канала,Стоимост. клика,06.10 - 12.10,#DIV/0!
Маркеты,Продвижение телеграм-канала,Стоимост. клика,13.10 - 19.10,#DIV/0!
Маркеты,Продвижение телеграм-канала,Стоимост. клика,20.10 - 26.10,#DIV/0!
Маркеты,Продвижение телеграм-канала,Стоимост. клика,27.10 - 31.10,#DIV/0!
Маркеты,Продвижение телеграм-канала,Стоимост. сессии,19.05 - 25.05,311.6366667
Маркеты,Продвижение телеграм-канала,Стоимост. сессии,26.05 - 31.05,#DIV/0!
Маркеты,Продвижение телеграм-канала,Стоимост. сессии,01.06 - 08.06,#DIV/0!
Маркеты,Продвижение телеграм-канала,Стоимост. сессии,09.06 - 15.06,#DIV/0!
Маркеты,Продвижение телеграм-канала,Стоимост. сессии,16.06 - 22.06,#DIV/0!
Маркеты,Продвижение телеграм-канала,Стоимост. сессии,23.06 - 30.06,#DIV/0!
Маркеты,Продвижение телеграм-канала,Стоимост. сессии,01.07 - 06.07,#DIV/0!
Маркеты,Продвижение телеграм-канала,Стоимост. сессии,07.07 - 13.07,#DIV/0!
Маркеты,Продвижение телеграм-канала,Стоимост. сессии,14.07 - 20.07,#DIV/0!
Маркеты,Продвижение телеграм-канала,Стоимост. сессии,21.07 - 27.07,#DIV/0!
Маркеты,Продвижение телеграм-канала,Стоимост. сессии,28.07 - 31.07,#DIV/0!
Маркеты,Продвижение телеграм-канала,Стоимост. сессии,01.08 - 03.08,#DIV/0!
Маркеты,Продвижение телеграм-канала,Стоимост. сессии,04.08 - 10.08,#DIV/0!
Маркеты,Продвижение телеграм-канала,Стоимост. сессии,11.08 - 17.08,#DIV/0!
Маркеты,Продвижение телеграм-канала,Стоимост. сессии,18.08 - 24.08,#DIV/0!
Маркеты,Продвижение телеграм-канала,Стоимост. сессии,25.08 - 31.08,#DIV/0!
Маркеты,Продвижение телеграм-канала,Стоимост. сессии,01.09 - 07.09,#DIV/0!
Маркеты,Продвижение телеграм-канала,Стоимост. сессии,08.09 - 14.09,#DIV/0!
Маркеты,Продвижение телеграм-канала,Стоимост. сессии,15.09 - 21.09,#DIV/0!
Маркеты,Продвижение телеграм-канала,Стоимост. сессии,22.09 - 28.09,#DIV/0!
Маркеты,Продвижение телеграм-канала,Стоимост. сессии,29.09 - 30.09,#DIV/0!
Маркеты,Продвижение телеграм-канала,Стоимост. сессии,01.10 - 05.10,#DIV/0!
Маркеты,Продвижение телеграм-канала,Стоимост. сессии,06.10 - 12.10,#DIV/0!
Маркеты,Продвижение телеграм-канала,Стоимост. сессии,13.10 - 19.10,#DIV/0!
Маркеты,Продвижение телеграм-канала,Стоимост. сессии,20.10 - 26.10,#DIV/0!
Маркеты,Продвижение телеграм-канала,Стоимост. сессии,27.10 - 31.10,#DIV/0!
Маркеты,Продвижение телеграм-канала,Стоимост. корзины,19.05 - 25.05,1869.82
Маркеты,Продвижение телеграм-канала,Стоимост. корзины,26.05 - 31.05,850.98
Маркеты,Продвижение телеграм-канала,Стоимост. корзины,01.06 - 08.06,
Маркеты,Продвижение телеграм-канала,Стоимост. корзины,09.06 - 15.06,
Маркеты,Продвижение телеграм-канала,Стоимост. корзины,16.06 - 22.06,
Маркеты,Продвижение телеграм-канала,Стоимост. корзины,23.06 - 30.06,
Маркеты,Продвижение телеграм-канала,Стоимост. корзины,01.07 - 06.07,
Маркеты,Продвижение телеграм-канала,Стоимост. корзины,07.07 - 13.07,
Маркеты,Продвижение телеграм-канала,Стоимост. корзины,14.07 - 20.07,
Маркеты,Продвижение телеграм-канала,Стоимост. корзины,21.07 - 27.07,
Маркеты,Продвижение телеграм-канала,Стоимост. корзины,28.07 - 31.07,
Маркеты,Продвижение телеграм-канала,Стоимост. корзины,01.08 - 03.08,
Маркеты,Продвижение телеграм-канала,Стоимост. корзины,04.08 - 10.08,
Маркеты,Продвижение телеграм-канала,Стоимост. корзины,11.08 - 17.08,
Маркеты,Продвижение телеграм-канала,Стоимост. корзины,18.08 - 24.08,
Маркеты,Продвижение телеграм-канала,Стоимост. корзины,25.08 - 31.08,
Маркеты,Продвижение телеграм-канала,Стоимост. корзины,01.09 - 07.09,
Маркеты,Продвижение телеграм-канала,Стоимост. корзины,08.09 - 14.09,
Маркеты,Продвижение телеграм-канала,Стоимост. корзины,15.09 - 21.09,
Маркеты,Продвижение телеграм-канала,Стоимост. корзины,22.09 - 28.09,
Маркеты,Продвижение телеграм-канала,Стоимост. корзины,29.09 - 30.09,
Маркеты,Продвижение телеграм-канала,Стоимост. корзины,01.10 - 05.10,
Маркеты,Продвижение телеграм-канала,Стоимост. корзины,06.10 - 12.10,
Маркеты,Продвижение телеграм-канала,Стоимост. корзины,13.10 - 19.10,
Маркеты,Продвижение телеграм-канала,Стоимост. корзины,20.10 - 26.10,
Маркеты,Продвижение телеграм-канала,Стоимост. корзины,27.10 - 31.10,
Маркеты,Продвижение телеграм-канала,% сессия / корзина,19.05 - 25.05,0
Маркеты,Продвижение телеграм-канала,% сессия / корзина,26.05 - 31.05,0
Маркеты,Продвижение телеграм-канала,% сессия / корзина,01.06 - 08.06,0
Маркеты,Продвижение телеграм-канала,% сессия / корзина,09.06 - 15.06,0
Маркеты,Продвижение телеграм-канала,% сессия / корзина,16.06 - 22.06,0
Маркеты,Продвижение телеграм-канала,% сессия / корзина,23.06 - 30.06,0
Маркеты,Продвижение телеграм-канала,% сессия / корзина,01.07 - 06.07,0
Маркеты,Продвижение телеграм-канала,% сессия / корзина,07.07 - 13.07,0
Маркеты,Продвижение телеграм-канала,% сессия / корзина,14.07 - 20.07,0
Маркеты,Продвижение телеграм-канала,% сессия / корзина,21.07 - 27.07,0
Маркеты,Продвижение телеграм-канала,% сессия / корзина,28.07 - 31.07,0
Маркеты,Продвижение телеграм-канала,% сессия / корзина,01.08 - 03.08,0
Маркеты,Продвижение телеграм-канала,% сессия / корзина,04.08 - 10.08,0
Маркеты,Продвижение телеграм-канала,% сессия / корзина,11.08 - 17.08,0
Маркеты,Продвижение телеграм-канала,% сессия / корзина,18.08 - 24.08,0
Маркеты,Продвижение телеграм-канала,% сессия / корзина,25.08 - 31.08,0
Маркеты,Продвижение телеграм-канала,% сессия / корзина,01.09 - 07.09,0
Маркеты,Продвижение телеграм-канала,% сессия / корзина,08.09 - 14.09,0
Маркеты,Продвижение телеграм-канала,% сессия / корзина,15.09 - 21.09,0
Маркеты,Продвижение телеграм-канала,% сессия / корзина,22.09 - 28.09,0
Маркеты,Продвижение телеграм-канала,% сессия / корзина,29.09 - 30.09,0
Маркеты,Продвижение телеграм-канала,% сессия / корзина,01.10 - 05.10,0
Маркеты,Продвижение телеграм-канала,% сессия / корзина,06.10 - 12.10,0
Маркеты,Продвижение телеграм-канала,% сессия / корзина,13.10 - 19.10,0
Маркеты,Продвижение телеграм-канала,% сессия / корзина,20.10 - 26.10,0
Маркеты,Продвижение телеграм-канала,% сессия / корзина,27.10 - 31.10,0
Маркеты,VK Ads,Расход,19.05 - 25.05,0
Маркеты,VK Ads,Расход,26.05 - 31.05,0
Маркеты,VK Ads,Расход,01.06 - 08.06,0
Маркеты,VK Ads,Расход,09.06 - 15.06,0
Маркеты,VK Ads,Расход,16.06 - 22.06,16212.69
Маркеты,VK Ads,Расход,23.06 - 30.06,63828.67
Маркеты,VK Ads,Расход,01.07 - 06.07,12078.06
Маркеты,VK Ads,Расход,07.07 - 13.07,198.48
Маркеты,VK Ads,Расход,14.07 - 20.07,0
Маркеты,VK Ads,Расход,21.07 - 27.07,0
Маркеты,VK Ads,Расход,28.07 - 31.07,0
Маркеты,VK Ads,Расход,01.08 - 03.08,0
Маркеты,VK Ads,Расход,04.08 - 10.08,0
Маркеты,VK Ads,Расход,11.08 - 17.08,0
Маркеты,VK Ads,Расход,18.08 - 24.08,0
Маркеты,VK Ads,Расход,25.08 - 31.08,0
Маркеты,VK Ads,Расход,01.09 - 07.09,0
Маркеты,VK Ads,Расход,08.09 - 14.09,0
Маркеты,VK Ads,Расход,15.09 - 21.09,0
Маркеты,VK Ads,Расход,22.09 - 28.09,0
Маркеты,VK Ads,Расход,29.09 - 30.09,0
Маркеты,VK Ads,Расход,01.10 - 05.10,0
Маркеты,VK Ads,Расход,06.10 - 12.10,0
Маркеты,VK Ads,Расход,13.10 - 19.10,0
Маркеты,VK Ads,Расход,20.10 - 26.10,0
Маркеты,VK Ads,Расход,27.10 - 31.10,0
Маркеты,VK Ads,Показы,19.05 - 25.05,0
Маркеты,VK Ads,Показы,26.05 - 31.05,0
Маркеты,VK Ads,Показы,01.06 - 08.06,0
Маркеты,VK Ads,Показы,09.06 - 15.06,0
Маркеты,VK Ads,Показы,16.06 - 22.06,239140
Маркеты,VK Ads,Показы,23.06 - 30.06,635897
Маркеты,VK Ads,Показы,01.07 - 06.07,231733
Маркеты,VK Ads,Показы,07.07 - 13.07,2155
Маркеты,VK Ads,Показы,14.07 - 20.07,0
Маркеты,VK Ads,Показы,21.07 - 27.07,0
Маркеты,VK Ads,Показы,28.07 - 31.07,0
Маркеты,VK Ads,Показы,01.08 - 03.08,0
Маркеты,VK Ads,Показы,04.08 - 10.08,0
Маркеты,VK Ads,Показы,11.08 - 17.08,0
Маркеты,VK Ads,Показы,18.08 - 24.08,0
Маркеты,VK Ads,Показы,25.08 - 31.08,0
Маркеты,VK Ads,Показы,01.09 - 07.09,0
Маркеты,VK Ads,Показы,08.09 - 14.09,0
Маркеты,VK Ads,Показы,15.09 - 21.09,0
Маркеты,VK Ads,Показы,22.09 - 28.09,0
Маркеты,VK Ads,Показы,29.09 - 30.09,0
Маркеты,VK Ads,Показы,01.10 - 05.10,0
Маркеты,VK Ads,Показы,06.10 - 12.10,0
Маркеты,VK Ads,Показы,13.10 - 19.10,0
Маркеты,VK Ads,Показы,20.10 - 26.10,0
Маркеты,VK Ads,Показы,27.10 - 31.10,0
Маркеты,VK Ads,Клики,19.05 - 25.05,0
Маркеты,VK Ads,Клики,26.05 - 31.05,0
Маркеты,VK Ads,Клики,01.06 - 08.06,0
Маркеты,VK Ads,Клики,09.06 - 15.06,0
Маркеты,VK Ads,Клики,16.06 - 22.06,4583
Маркеты,VK Ads,Клики,23.06 - 30.06,8079
Маркеты,VK Ads,Клики,01.07 - 06.07,2734
Маркеты,VK Ads,Клики,07.07 - 13.07,22
Маркеты,VK Ads,Клики,14.07 - 20.07,0
Маркеты,VK Ads,Клики,21.07 - 27.07,0
Маркеты,VK Ads,Клики,28.07 - 31.07,0
Маркеты,VK Ads,Клики,01.08 - 03.08,0
Маркеты,VK Ads,Клики,04.08 - 10.08,0
Маркеты,VK Ads,Клики,11.08 - 17.08,0
Маркеты,VK Ads,Клики,18.08 - 24.08,0
Маркеты,VK Ads,Клики,25.08 - 31.08,0
Маркеты,VK Ads,Клики,01.09 - 07.09,0
Маркеты,VK Ads,Клики,08.09 - 14.09,0
Маркеты,VK Ads,Клики,15.09 - 21.09,0
Маркеты,VK Ads,Клики,22.09 - 28.09,0
Маркеты,VK Ads,Клики,29.09 - 30.09,0
Маркеты,VK Ads,Клики,01.10 - 05.10,0
Маркеты,VK Ads,Клики,06.10 - 12.10,0
Маркеты,VK Ads,Клики,13.10 - 19.10,0
Маркеты,VK Ads,Клики,20.10 - 26.10,0
Маркеты,VK Ads,Клики,27.10 - 31.10,0
Маркеты,VK Ads,Сессии в OZON,19.05 - 25.05,0
Маркеты,VK Ads,Сессии в OZON,26.05 - 31.05,0
Маркеты,VK Ads,Сессии в OZON,01.06 - 08.06,0
Маркеты,VK Ads,Сессии в OZON,09.06 - 15.06,0
Маркеты,VK Ads,Сессии в OZON,16.06 - 22.06,0
Маркеты,VK Ads,Сессии в OZON,23.06 - 30.06,317
Маркеты,VK Ads,Сессии в OZON,01.07 - 06.07,90
Маркеты,VK Ads,Сессии в OZON,07.07 - 13.07,1
Маркеты,VK Ads,Сессии в OZON,14.07 - 20.07,0
Маркеты,VK Ads,Сессии в OZON,21.07 - 27.07,0
Маркеты,VK Ads,Сессии в OZON,28.07 - 31.07,0
Маркеты,VK Ads,Сессии в OZON,01.08 - 03.08,0
Маркеты,VK Ads,Сессии в OZON,04.08 - 10.08,0
Маркеты,VK Ads,Сессии в OZON,11.08 - 17.08,0
Маркеты,VK Ads,Сессии в OZON,18.08 - 24.08,0
Маркеты,VK Ads,Сессии в OZON,25.08 - 31.08,0
Маркеты,VK Ads,Сессии в OZON,01.09 - 07.09,0
Маркеты,VK Ads,Сессии в OZON,08.09 - 14.09,0
Маркеты,VK Ads,Сессии в OZON,15.09 - 21.09,0
Маркеты,VK Ads,Сессии в OZON,22.09 - 28.09,0
Маркеты,VK Ads,Сессии в OZON,29.09 - 30.09,0
Маркеты,VK Ads,Сессии в OZON,01.10 - 05.10,0
Маркеты,VK Ads,Сессии в OZON,06.10 - 12.10,0
Маркеты,VK Ads,Сессии в OZON,13.10 - 19.10,0
Маркеты,VK Ads,Сессии в OZON,20.10 - 26.10,0
Маркеты,VK Ads,Сессии в OZON,27.10 - 31.10,0
Маркеты,VK Ads,Корзина,19.05 - 25.05,0
Маркеты,VK Ads,Корзина,26.05 - 31.05,0
Маркеты,VK Ads,Корзина,01.06 - 08.06,0
Маркеты,VK Ads,Корзина,09.06 - 15.06,0
Маркеты,VK Ads,Корзина,16.06 - 22.06,0
Маркеты,VK Ads,Корзина,23.06 - 30.06,7
Маркеты,VK Ads,Корзина,01.07 - 06.07,3
Маркеты,VK Ads,Корзина,07.07 - 13.07,0
Маркеты,VK Ads,Корзина,14.07 - 20.07,0
Маркеты,VK Ads,Корзина,21.07 - 27.07,0
Маркеты,VK Ads,Корзина,28.07 - 31.07,0
Маркеты,VK Ads,Корзина,01.08 - 03.08,0
Маркеты,VK Ads,Корзина,04.08 - 10.08,0
Маркеты,VK Ads,Корзина,11.08 - 17.08,0
Маркеты,VK Ads,Корзина,18.08 - 24.08,0
Маркеты,VK Ads,Корзина,25.08 - 31.08,0
Маркеты,VK Ads,Корзина,01.09 - 07.09,0
Маркеты,VK Ads,Корзина,08.09 - 14.09,0
Маркеты,VK Ads,Корзина,15.09 - 21.09,0
Маркеты,VK Ads,Корзина,22.09 - 28.09,0
Маркеты,VK Ads,Корзина,29.09 - 30.09,0
Маркеты,VK Ads,Корзина,01.10 - 05.10,0
Маркеты,VK Ads,Корзина,06.10 - 12.10,0
Маркеты,VK Ads,Корзина,13.10 - 19.10,0
Маркеты,VK Ads,Корзина,20.10 - 26.10,0
Маркеты,VK Ads,Корзина,27.10 - 31.10,0
Маркеты,VK Ads,Стоимост. клика,19.05 - 25.05,#DIV/0!
Маркеты,VK Ads,Стоимост. клика,26.05 - 31.05,#DIV/0!
Маркеты,VK Ads,Стоимост. клика,01.06 - 08.06,#DIV/0!
Маркеты,VK Ads,Стоимост. клика,09.06 - 15.06,#DIV/0!
Маркеты,VK Ads,Стоимост. клика,16.06 - 22.06,3.53757146
Маркеты,VK Ads,Стоимост. клика,23.06 - 30.06,7.900565664
Маркеты,VK Ads,Стоимост. клика,01.07 - 06.07,4.417724945
Маркеты,VK Ads,Стоимост. клика,07.07 - 13.07,9.021818182
Маркеты,VK Ads,Стоимост. клика,14.07 - 20.07,#DIV/0!
Маркеты,VK Ads,Стоимост. клика,21.07 - 27.07,#DIV/0!
Маркеты,VK Ads,Стоимост. клика,28.07 - 31.07,#DIV/0!
Маркеты,VK Ads,Стоимост. клика,01.08 - 03.08,#DIV/0!
Маркеты,VK Ads,Стоимост. клика,04.08 - 10.08,#DIV/0!
Маркеты,VK Ads,Стоимост. клика,11.08 - 17.08,#DIV/0!
Маркеты,VK Ads,Стоимост. клика,18.08 - 24.08,#DIV/0!
Маркеты,VK Ads,Стоимост. клика,25.08 - 31.08,#DIV/0!
Маркеты,VK Ads,Стоимост. клика,01.09 - 07.09,#DIV/0!
Маркеты,VK Ads,Стоимост. клика,08.09 - 14.09,#DIV/0!
Маркеты,VK Ads,Стоимост. клика,15.09 - 21.09,#DIV/0!
Маркеты,VK Ads,Стоимост. клика,22.09 - 28.09,#DIV/0!
Маркеты,VK Ads,Стоимост. клика,29.09 - 30.09,#DIV/0!
Маркеты,VK Ads,Стоимост. клика,01.10 - 05.10,#DIV/0!
Маркеты,VK Ads,Стоимост. клика,06.10 - 12.10,#DIV/0!
Маркеты,VK Ads,Стоимост. клика,13.10 - 19.10,#DIV/0!
Маркеты,VK Ads,Стоимост. клика,20.10 - 26.10,#DIV/0!
Маркеты,VK Ads,Стоимост. клика,27.10 - 31.10,#DIV/0!
Маркеты,VK Ads,Стоимост. сессии,19.05 - 25.05,#DIV/0!
Маркеты,VK Ads,Стоимост. сессии,26.05 - 31.05,#DIV/0!
Маркеты,VK Ads,Стоимост. сессии,01.06 - 08.06,#DIV/0!
Маркеты,VK Ads,Стоимост. сессии,09.06 - 15.06,#DIV/0!
Маркеты,VK Ads,Стоимост. сессии,16.06 - 22.06,#DIV/0!
Маркеты,VK Ads,Стоимост. сессии,23.06 - 30.06,201.3522713
Маркеты,VK Ads,Стоимост. сессии,01.07 - 06.07,134.2006667
Маркеты,VK Ads,Стоимост. сессии,07.07 - 13.07,198.48
Маркеты,VK Ads,Стоимост. сессии,14.07 - 20.07,#DIV/0!
Маркеты,VK Ads,Стоимост. сессии,21.07 - 27.07,#DIV/0!
Маркеты,VK Ads,Стоимост. сессии,28.07 - 31.07,#DIV/0!
Маркеты,VK Ads,Стоимост. сессии,01.08 - 03.08,#DIV/0!
Маркеты,VK Ads,Стоимост. сессии,04.08 - 10.08,#DIV/0!
Маркеты,VK Ads,Стоимост. сессии,11.08 - 17.08,#DIV/0!
Маркеты,VK Ads,Стоимост. сессии,18.08 - 24.08,#DIV/0!
Маркеты,VK Ads,Стоимост. сессии,25.08 - 31.08,#DIV/0!
Маркеты,VK Ads,Стоимост. сессии,01.09 - 07.09,#DIV/0!
Маркеты,VK Ads,Стоимост. сессии,08.09 - 14.09,#DIV/0!
Маркеты,VK Ads,Стоимост. сессии,15.09 - 21.09,#DIV/0!
Маркеты,VK Ads,Стоимост. сессии,22.09 - 28.09,#DIV/0!
Маркеты,VK Ads,Стоимост. сессии,29.09 - 30.09,#DIV/0!
Маркеты,VK Ads,Стоимост. сессии,01.10 - 05.10,#DIV/0!
Маркеты,VK Ads,Стоимост. сессии,06.10 - 12.10,#DIV/0!
Маркеты,VK Ads,Стоимост. сессии,13.10 - 19.10,#DIV/0!
Маркеты,VK Ads,Стоимост. сессии,20.10 - 26.10,#DIV/0!
Маркеты,VK Ads,Стоимост. сессии,27.10 - 31.10,#DIV/0!
Маркеты,VK Ads,Стоимост. корзины,19.05 - 25.05,0
Маркеты,VK Ads,Стоимост. корзины,26.05 - 31.05,0
Маркеты,VK Ads,Стоимост. корзины,01.06 - 08.06,0
Маркеты,VK Ads,Стоимост. корзины,09.06 - 15.06,0
Маркеты,VK Ads,Стоимост. корзины,16.06 - 22.06,16212.69
Маркеты,VK Ads,Стоимост. корзины,23.06 - 30.06,9118.381429
Маркеты,VK Ads,Стоимост. корзины,01.07 - 06.07,4026.02
Маркеты,VK Ads,Стоимост. корзины,07.07 - 13.07,198.48
Маркеты,VK Ads,Стоимост. корзины,14.07 - 20.07,0
Маркеты,VK Ads,Стоимост. корзины,21.07 - 27.07,0
Маркеты,VK Ads,Стоимост. корзины,28.07 - 31.07,0
Маркеты,VK Ads,Стоимост. корзины,01.08 - 03.08,0
Маркеты,VK Ads,Стоимост. корзины,04.08 - 10.08,0
Маркеты,VK Ads,Стоимост. корзины,11.08 - 17.08,0
Маркеты,VK Ads,Стоимост. корзины,18.08 - 24.08,0
Маркеты,VK Ads,Стоимост. корзины,25.08 - 31.08,0
Маркеты,VK Ads,Стоимост. корзины,01.09 - 07.09,0
Маркеты,VK Ads,Стоимост. корзины,08.09 - 14.09,0
Маркеты,VK Ads,Стоимост. корзины,15.09 - 21.09,0
Маркеты,VK Ads,Стоимост. корзины,22.09 - 28.09,0
Маркеты,VK Ads,Стоимост. корзины,29.09 - 30.09,0
Маркеты,VK Ads,Стоимост. корзины,01.10 - 05.10,0
Маркеты,VK Ads,Стоимост. корзины,06.10 - 12.10,0
Маркеты,VK Ads,Стоимост. корзины,13.10 - 19.10,0
Маркеты,VK Ads,Стоимост. корзины,20.10 - 26.10,0
Маркеты,VK Ads,Стоимост. корзины,27.10 - 31.10,0
Маркеты,VK Ads,% сессия / корзина,19.05 - 25.05,0
Маркеты,VK Ads,% сессия / корзина,26.05 - 31.05,0
Маркеты,VK Ads,% сессия / корзина,01.06 - 08.06,0
Маркеты,VK Ads,% сессия / корзина,09.06 - 15.06,0
Маркеты,VK Ads,% сессия / корзина,16.06 - 22.06,0
Маркеты,VK Ads,% сессия / корзина,23.06 - 30.06,0.02208201893
Маркеты,VK Ads,% сессия / корзина,01.07 - 06.07,0.03333333333
Маркеты,VK Ads,% сессия / корзина,07.07 - 13.07,0
Маркеты,VK Ads,% сессия / корзина,14.07 - 20.07,0
Маркеты,VK Ads,% сессия / корзина,21.07 - 27.07,0
Маркеты,VK Ads,% сессия / корзина,28.07 - 31.07,0
Маркеты,VK Ads,% сессия / корзина,01.08 - 03.08,0
Маркеты,VK Ads,% сессия / корзина,04.08 - 10.08,0
Маркеты,VK Ads,% сессия / корзина,11.08 - 17.08,0
Маркеты,VK Ads,% сессия / корзина,18.08 - 24.08,0
Маркеты,VK Ads,% сессия / корзина,25.08 - 31.08,0
Маркеты,VK Ads,% сессия / корзина,01.09 - 07.09,0
Маркеты,VK Ads,% сессия / корзина,08.09 - 14.09,0
Маркеты,VK Ads,% сессия / корзина,15.09 - 21.09,0
Маркеты,VK Ads,% сессия / корзина,22.09 - 28.09,0
Маркеты,VK Ads,% сессия / корзина,29.09 - 30.09,0
Маркеты,VK Ads,% сессия / корзина,01.10 - 05.10,0
Маркеты,VK Ads,% сессия / корзина,06.10 - 12.10,0
Маркеты,VK Ads,% сессия / корзина,13.10 - 19.10,0
Маркеты,VK Ads,% сессия / корзина,20.10 - 26.10,0
Маркеты,VK Ads,% сессия / корзина,27.10 - 31.10,0
Маркеты,Реклама сайта,Расход,19.05 - 25.05,
Маркеты,Реклама сайта,Расход,26.05 - 31.05,
Маркеты,Реклама сайта,Расход,01.06 - 08.06,
Маркеты,Реклама сайта,Расход,09.06 - 15.06,
Маркеты,Реклама сайта,Расход,16.06 - 22.06,16212.69
Маркеты,Реклама сайта,Расход,23.06 - 30.06,44037.58
Маркеты,Реклама сайта,Расход,01.07 - 06.07,12078.06
Маркеты,Реклама сайта,Расход,07.07 - 13.07,198.48
Маркеты,Реклама сайта,Расход,14.07 - 20.07,
Маркеты,Реклама сайта,Расход,21.07 - 27.07,
Маркеты,Реклама сайта,Расход,28.07 - 31.07,
Маркеты,Реклама сайта,Расход,01.08 - 03.08,
Маркеты,Реклама сайта,Расход,04.08 - 10.08,
Маркеты,Реклама сайта,Расход,11.08 - 17.08,
Маркеты,Реклама сайта,Расход,18.08 - 24.08,
Маркеты,Реклама сайта,Расход,25.08 - 31.08,
Маркеты,Реклама сайта,Расход,01.09 - 07.09,
Маркеты,Реклама сайта,Расход,08.09 - 14.09,
Маркеты,Реклама сайта,Расход,15.09 - 21.09,
Маркеты,Реклама сайта,Расход,22.09 - 28.09,
Маркеты,Реклама сайта,Расход,29.09 - 30.09,
Маркеты,Реклама сайта,Расход,01.10 - 05.10,
Маркеты,Реклама сайта,Расход,06.10 - 12.10,
Маркеты,Реклама сайта,Расход,13.10 - 19.10,
Маркеты,Реклама сайта,Расход,20.10 - 26.10,
Маркеты,Реклама сайта,Расход,27.10 - 31.10,
Маркеты,Реклама сайта,Показы,19.05 - 25.05,
Маркеты,Реклама сайта,Показы,26.05 - 31.05,
Маркеты,Реклама сайта,Показы,01.06 - 08.06,
Маркеты,Реклама сайта,Показы,09.06 - 15.06,
Маркеты,Реклама сайта,Показы,16.06 - 22.06,239140.0
Маркеты,Реклама сайта,Показы,23.06 - 30.06,591698.0
Маркеты,Реклама сайта,Показы,01.07 - 06.07,231733.0
Маркеты,Реклама сайта,Показы,07.07 - 13.07,2155.0
Маркеты,Реклама сайта,Показы,14.07 - 20.07,
Маркеты,Реклама сайта,Показы,21.07 - 27.07,
Маркеты,Реклама сайта,Показы,28.07 - 31.07,
Маркеты,Реклама сайта,Показы,01.08 - 03.08,
Маркеты,Реклама сайта,Показы,04.08 - 10.08,
Маркеты,Реклама сайта,Показы,11.08 - 17.08,
Маркеты,Реклама сайта,Показы,18.08 - 24.08,
Маркеты,Реклама сайта,Показы,25.08 - 31.08,
Маркеты,Реклама сайта,Показы,01.09 - 07.09,
Маркеты,Реклама сайта,Показы,08.09 - 14.09,
Маркеты,Реклама сайта,Показы,15.09 - 21.09,
Маркеты,Реклама сайта,Показы,22.09 - 28.09,
Маркеты,Реклама сайта,Показы,29.09 - 30.09,
Маркеты,Реклама сайта,Показы,01.10 - 05.10,
Маркеты,Реклама сайта,Показы,06.10 - 12.10,
Маркеты,Реклама сайта,Показы,13.10 - 19.10,
Маркеты,Реклама сайта,Показы,20.10 - 26.10,
Маркеты,Реклама сайта,Показы,27.10 - 31.10,
Маркеты,Реклама сайта,Клики,19.05 - 25.05,
Маркеты,Реклама сайта,Клики,26.05 - 31.05,
Маркеты,Реклама сайта,Клики,01.06 - 08.06,
Маркеты,Реклама сайта,Клики,09.06 - 15.06,
Маркеты,Реклама сайта,Клики,16.06 - 22.06,4583.0
Маркеты,Реклама сайта,Клики,23.06 - 30.06,7493.0
Маркеты,Реклама сайта,Клики,01.07 - 06.07,2734.0
Маркеты,Реклама сайта,Клики,07.07 - 13.07,22.0
Маркеты,Реклама сайта,Клики,14.07 - 20.07,
Маркеты,Реклама сайта,Клики,21.07 - 27.07,
Маркеты,Реклама сайта,Клики,28.07 - 31.07,
Маркеты,Реклама сайта,Клики,01.08 - 03.08,
Маркеты,Реклама сайта,Клики,04.08 - 10.08,
Маркеты,Реклама сайта,Клики,11.08 - 17.08,
Маркеты,Реклама сайта,Клики,18.08 - 24.08,
Маркеты,Реклама сайта,Клики,25.08 - 31.08,
Маркеты,Реклама сайта,Клики,01.09 - 07.09,
Маркеты,Реклама сайта,Клики,08.09 - 14.09,
Маркеты,Реклама сайта,Клики,15.09 - 21.09,
Маркеты,Реклама сайта,Клики,22.09 - 28.09,
Маркеты,Реклама сайта,Клики,29.09 - 30.09,
Маркеты,Реклама сайта,Клики,01.10 - 05.10,
Маркеты,Реклама сайта,Клики,06.10 - 12.10,
Маркеты,Реклама сайта,Клики,13.10 - 19.10,
Маркеты,Реклама сайта,Клики,20.10 - 26.10,
Маркеты,Реклама сайта,Клики,27.10 - 31.10,
Маркеты,Реклама сайта,Сессии в OZON,19.05 - 25.05,
Маркеты,Реклама сайта,Сессии в OZON,26.05 - 31.05,
Маркеты,Реклама сайта,Сессии в OZON,01.06 - 08.06,
Маркеты,Реклама сайта,Сессии в OZON,09.06 - 15.06,
Маркеты,Реклама сайта,Сессии в OZON,16.06 - 22.06,
Маркеты,Реклама сайта,Сессии в OZON,23.06 - 30.06,258.0
Маркеты,Реклама сайта,Сессии в OZON,01.07 - 06.07,90.0
Маркеты,Реклама сайта,Сессии в OZON,07.07 - 13.07,1.0
Маркеты,Реклама сайта,Сессии в OZON,14.07 - 20.07,
Маркеты,Реклама сайта,Сессии в OZON,21.07 - 27.07,
Маркеты,Реклама сайта,Сессии в OZON,28.07 - 31.07,
Маркеты,Реклама сайта,Сессии в OZON,01.08 - 03.08,
Маркеты,Реклама сайта,Сессии в OZON,04.08 - 10.08,
Маркеты,Реклама сайта,Сессии в OZON,11.08 - 17.08,
Маркеты,Реклама сайта,Сессии в OZON,18.08 - 24.08,
Маркеты,Реклама сайта,Сессии в OZON,25.08 - 31.08,
Маркеты,Реклама сайта,Сессии в OZON,01.09 - 07.09,
Маркеты,Реклама сайта,Сессии в OZON,08.09 - 14.09,
Маркеты,Реклама сайта,Сессии в OZON,15.09 - 21.09,
Маркеты,Реклама сайта,Сессии в OZON,22.09 - 28.09,
Маркеты,Реклама сайта,Сессии в OZON,29.09 - 30.09,
Маркеты,Реклама сайта,Сессии в OZON,01.10 - 05.10,
Маркеты,Реклама сайта,Сессии в OZON,06.10 - 12.10,
Маркеты,Реклама сайта,Сессии в OZON,13.10 - 19.10,
Маркеты,Реклама сайта,Сессии в OZON,20.10 - 26.10,
Маркеты,Реклама сайта,Сессии в OZON,27.10 - 31.10,
Маркеты,Реклама сайта,Корзина,19.05 - 25.05,
Маркеты,Реклама сайта,Корзина,26.05 - 31.05,
Маркеты,Реклама сайта,Корзина,01.06 - 08.06,
Маркеты,Реклама сайта,Корзина,09.06 - 15.06,
Маркеты,Реклама сайта,Корзина,16.06 - 22.06,
Маркеты,Реклама сайта,Корзина,23.06 - 30.06,6.0
Маркеты,Реклама сайта,Корзина,01.07 - 06.07,3.0
Маркеты,Реклама сайта,Корзина,07.07 - 13.07,0.0
Маркеты,Реклама сайта,Корзина,14.07 - 20.07,
Маркеты,Реклама сайта,Корзина,21.07 - 27.07,
Маркеты,Реклама сайта,Корзина,28.07 - 31.07,
Маркеты,Реклама сайта,Корзина,01.08 - 03.08,
Маркеты,Реклама сайта,Корзина,04.08 - 10.08,
Маркеты,Реклама сайта,Корзина,11.08 - 17.08,
Маркеты,Реклама сайта,Корзина,18.08 - 24.08,
Маркеты,Реклама сайта,Корзина,25.08 - 31.08,
Маркеты,Реклама сайта,Корзина,01.09 - 07.09,
Маркеты,Реклама сайта,Корзина,08.09 - 14.09,
Маркеты,Реклама сайта,Корзина,15.09 - 21.09,
Маркеты,Реклама сайта,Корзина,22.09 - 28.09,
Маркеты,Реклама сайта,Корзина,29.09 - 30.09,
Маркеты,Реклама сайта,Корзина,01.10 - 05.10,
Маркеты,Реклама сайта,Корзина,06.10 - 12.10,
Маркеты,Реклама сайта,Корзина,13.10 - 19.10,
Маркеты,Реклама сайта,Корзина,20.10 - 26.10,
Маркеты,Реклама сайта,Корзина,27.10 - 31.10,
Маркеты,Реклама сайта,Стоимост. клика,19.05 - 25.05,#DIV/0!
Маркеты,Реклама сайта,Стоимост. клика,26.05 - 31.05,#DIV/0!
Маркеты,Реклама сайта,Стоимост. клика,01.06 - 08.06,#DIV/0!
Маркеты,Реклама сайта,Стоимост. клика,09.06 - 15.06,#DIV/0!
Маркеты,Реклама сайта,Стоимост. клика,16.06 - 22.06,3.53757146
Маркеты,Реклама сайта,Стоимост. клика,23.06 - 30.06,5.877162685
Маркеты,Реклама сайта,Стоимост. клика,01.07 - 06.07,4.417724945
Маркеты,Реклама сайта,Стоимост. клика,07.07 - 13.07,9.021818182
Маркеты,Реклама сайта,Стоимост. клика,14.07 - 20.07,#DIV/0!
Маркеты,Реклама сайта,Стоимост. клика,21.07 - 27.07,#DIV/0!
Маркеты,Реклама сайта,Стоимост. клика,28.07 - 31.07,#DIV/0!
Маркеты,Реклама сайта,Стоимост. клика,01.08 - 03.08,#DIV/0!
Маркеты,Реклама сайта,Стоимост. клика,04.08 - 10.08,#DIV/0!
Маркеты,Реклама сайта,Стоимост. клика,11.08 - 17.08,#DIV/0!
Маркеты,Реклама сайта,Стоимост. клика,18.08 - 24.08,#DIV/0!
Маркеты,Реклама сайта,Стоимост. клика,25.08 - 31.08,#DIV/0!
Маркеты,Реклама сайта,Стоимост. клика,01.09 - 07.09,#DIV/0!
Маркеты,Реклама сайта,Стоимост. клика,08.09 - 14.09,#DIV/0!
Маркеты,Реклама сайта,Стоимост. клика,15.09 - 21.09,#DIV/0!
Маркеты,Реклама сайта,Стоимост. клика,22.09 - 28.09,#DIV/0!
Маркеты,Реклама сайта,Стоимост. клика,29.09 - 30.09,#DIV/0!
Маркеты,Реклама сайта,Стоимост. клика,01.10 - 05.10,#DIV/0!
Маркеты,Реклама сайта,Стоимост. клика,06.10 - 12.10,#DIV/0!
Маркеты,Реклама сайта,Стоимост. клика,13.10 - 19.10,#DIV/0!
Маркеты,Реклама сайта,Стоимост. клика,20.10 - 26.10,#DIV/0!
Маркеты,Реклама сайта,Стоимост. клика,27.10 - 31.10,#DIV/0!
Маркеты,Реклама сайта,Стоимост. сессии,19.05 - 25.05,#DIV/0!
Маркеты,Реклама сайта,Стоимост. сессии,26.05 - 31.05,#DIV/0!
Маркеты,Реклама сайта,Стоимост. сессии,01.06 - 08.06,#DIV/0!
Маркеты,Реклама сайта,Стоимост. сессии,09.06 - 15.06,#DIV/0!
Маркеты,Реклама сайта,Стоимост. сессии,16.06 - 22.06,#DIV/0!
Маркеты,Реклама сайта,Стоимост. сессии,23.06 - 30.06,170.6882946
Маркеты,Реклама сайта,Стоимост. сессии,01.07 - 06.07,134.2006667
Маркеты,Реклама сайта,Стоимост. сессии,07.07 - 13.07,198.48
Маркеты,Реклама сайта,Стоимост. сессии,14.07 - 20.07,#DIV/0!
Маркеты,Реклама сайта,Стоимост. сессии,21.07 - 27.07,#DIV/0!
Маркеты,Реклама сайта,Стоимост. сессии,28.07 - 31.07,#DIV/0!
Маркеты,Реклама сайта,Стоимост. сессии,01.08 - 03.08,#DIV/0!
Маркеты,Реклама сайта,Стоимост. сессии,04.08 - 10.08,#DIV/0!
Маркеты,Реклама сайта,Стоимост. сессии,11.08 - 17.08,#DIV/0!
Маркеты,Реклама сайта,Стоимост. сессии,18.08 - 24.08,#DIV/0!
Маркеты,Реклама сайта,Стоимост. сессии,25.08 - 31.08,#DIV/0!
Маркеты,Реклама сайта,Стоимост. сессии,01.09 - 07.09,#DIV/0!
Маркеты,Реклама сайта,Стоимост. сессии,08.09 - 14.09,#DIV/0!
Маркеты,Реклама сайта,Стоимост. сессии,15.09 - 21.09,#DIV/0!
Маркеты,Реклама сайта,Стоимост. сессии,22.09 - 28.09,#DIV/0!
Маркеты,Реклама сайта,Стоимост. сессии,29.09 - 30.09,#DIV/0!
Маркеты,Реклама сайта,Стоимост. сессии,01.10 - 05.10,#DIV/0!
Маркеты,Реклама сайта,Стоимост. сессии,06.10 - 12.10,#DIV/0!
Маркеты,Реклама сайта,Стоимост. сессии,13.10 - 19.10,#DIV/0!
Маркеты,Реклама сайта,Стоимост. сессии,20.10 - 26.10,#DIV/0!
Маркеты,Реклама сайта,Стоимост. сессии,27.10 - 31.10,#DIV/0!
Маркеты,Реклама сайта,Стоимост. корзины,19.05 - 25.05,
Маркеты,Реклама сайта,Стоимост. корзины,26.05 - 31.05,
Маркеты,Реклама сайта,Стоимост. корзины,01.06 - 08.06,
Маркеты,Реклама сайта,Стоимост. корзины,09.06 - 15.06,
Маркеты,Реклама сайта,Стоимост. корзины,16.06 - 22.06,16212.69
Маркеты,Реклама сайта,Стоимост. корзины,23.06 - 30.06,7339.596667
Маркеты,Реклама сайта,Стоимост. корзины,01.07 - 06.07,4026.02
Маркеты,Реклама сайта,Стоимост. корзины,07.07 - 13.07,198.48
Маркеты,Реклама сайта,Стоимост. корзины,14.07 - 20.07,
Маркеты,Реклама сайта,Стоимост. корзины,21.07 - 27.07,
Маркеты,Реклама сайта,Стоимост. корзины,28.07 - 31.07,
Маркеты,Реклама сайта,Стоимост. корзины,01.08 - 03.08,
Маркеты,Реклама сайта,Стоимост. корзины,04.08 - 10.08,
Маркеты,Реклама сайта,Стоимост. корзины,11.08 - 17.08,
Маркеты,Реклама сайта,Стоимост. корзины,18.08 - 24.08,
Маркеты,Реклама сайта,Стоимост. корзины,25.08 - 31.08,
Маркеты,Реклама сайта,Стоимост. корзины,01.09 - 07.09,
Маркеты,Реклама сайта,Стоимост. корзины,08.09 - 14.09,
Маркеты,Реклама сайта,Стоимост. корзины,15.09 - 21.09,
Маркеты,Реклама сайта,Стоимост. корзины,22.09 - 28.09,
Маркеты,Реклама сайта,Стоимост. корзины,29.09 - 30.09,
Маркеты,Реклама сайта,Стоимост. корзины,01.10 - 05.10,
Маркеты,Реклама сайта,Стоимост. корзины,06.10 - 12.10,
Маркеты,Реклама сайта,Стоимост. корзины,13.10 - 19.10,
Маркеты,Реклама сайта,Стоимост. корзины,20.10 - 26.10,
Маркеты,Реклама сайта,Стоимост. корзины,27.10 - 31.10,
Маркеты,Реклама сайта,% сессия / корзина,19.05 - 25.05,0
Маркеты,Реклама сайта,% сессия / корзина,26.05 - 31.05,0
Маркеты,Реклама сайта,% сессия / корзина,01.06 - 08.06,0
Маркеты,Реклама сайта,% сессия / корзина,09.06 - 15.06,0
Маркеты,Реклама сайта,% сессия / корзина,16.06 - 22.06,0
Маркеты,Реклама сайта,% сессия / корзина,23.06 - 30.06,0.02325581395
Маркеты,Реклама сайта,% сессия / корзина,01.07 - 06.07,0.03333333333
Маркеты,Реклама сайта,% сессия / корзина,07.07 - 13.07,0
Маркеты,Реклама сайта,% сессия / корзина,14.07 - 20.07,0
Маркеты,Реклама сайта,% сессия / корзина,21.07 - 27.07,0
Маркеты,Реклама сайта,% сессия / корзина,28.07 - 31.07,0
Маркеты,Реклама сайта,% сессия / корзина,01.08 - 03.08,0
Маркеты,Реклама сайта,% сессия / корзина,04.08 - 10.08,0
Маркеты,Реклама сайта,% сессия / корзина,11.08 - 17.08,0
Маркеты,Реклама сайта,% сессия / корзина,18.08 - 24.08,0
Маркеты,Реклама сайта,% сессия / корзина,25.08 - 31.08,0
Маркеты,Реклама сайта,% сессия / корзина,01.09 - 07.09,0
Маркеты,Реклама сайта,% сессия / корзина,08.09 - 14.09,0
Маркеты,Реклама сайта,% сессия / корзина,15.09 - 21.09,0
Маркеты,Реклама сайта,% сессия / корзина,22.09 - 28.09,0
Маркеты,Реклама сайта,% сессия / корзина,29.09 - 30.09,0
Маркеты,Реклама сайта,% сессия / корзина,01.10 - 05.10,0
Маркеты,Реклама сайта,% сессия / корзина,06.10 - 12.10,0
Маркеты,Реклама сайта,% сессия / корзина,13.10 - 19.10,0
Маркеты,Реклама сайта,% сессия / корзина,20.10 - 26.10,0
Маркеты,Реклама сайта,% сессия / корзина,27.10 - 31.10,0
Маркеты,Дзен,Расход,19.05 - 25.05,
Маркеты,Дзен,Расход,26.05 - 31.05,
Маркеты,Дзен,Расход,01.06 - 08.06,
Маркеты,Дзен,Расход,09.06 - 15.06,
Маркеты,Дзен,Расход,16.06 - 22.06,
Маркеты,Дзен,Расход,23.06 - 30.06,19791.09
Маркеты,Дзен,Расход,01.07 - 06.07,
Маркеты,Дзен,Расход,07.07 - 13.07,
Маркеты,Дзен,Расход,14.07 - 20.07,
Маркеты,Дзен,Расход,21.07 - 27.07,
Маркеты,Дзен,Расход,28.07 - 31.07,
Маркеты,Дзен,Расход,01.08 - 03.08,
Маркеты,Дзен,Расход,04.08 - 10.08,
Маркеты,Дзен,Расход,11.08 - 17.08,
Маркеты,Дзен,Расход,18.08 - 24.08,
Маркеты,Дзен,Расход,25.08 - 31.08,
Маркеты,Дзен,Расход,01.09 - 07.09,
Маркеты,Дзен,Расход,08.09 - 14.09,
Маркеты,Дзен,Расход,15.09 - 21.09,
Маркеты,Дзен,Расход,22.09 - 28.09,
Маркеты,Дзен,Расход,29.09 - 30.09,
Маркеты,Дзен,Расход,01.10 - 05.10,
Маркеты,Дзен,Расход,06.10 - 12.10,
Маркеты,Дзен,Расход,13.10 - 19.10,
Маркеты,Дзен,Расход,20.10 - 26.10,
Маркеты,Дзен,Расход,27.10 - 31.10,
Маркеты,Дзен,Показы,19.05 - 25.05,
Маркеты,Дзен,Показы,26.05 - 31.05,
Маркеты,Дзен,Показы,01.06 - 08.06,
Маркеты,Дзен,Показы,09.06 - 15.06,
Маркеты,Дзен,Показы,16.06 - 22.06,
Маркеты,Дзен,Показы,23.06 - 30.06,44199.0
Маркеты,Дзен,Показы,01.07 - 06.07,
Маркеты,Дзен,Показы,07.07 - 13.07,
Маркеты,Дзен,Показы,14.07 - 20.07,
Маркеты,Дзен,Показы,21.07 - 27.07,
Маркеты,Дзен,Показы,28.07 - 31.07,
Маркеты,Дзен,Показы,01.08 - 03.08,
Маркеты,Дзен,Показы,04.08 - 10.08,
Маркеты,Дзен,Показы,11.08 - 17.08,
Маркеты,Дзен,Показы,18.08 - 24.08,
Маркеты,Дзен,Показы,25.08 - 31.08,
Маркеты,Дзен,Показы,01.09 - 07.09,
Маркеты,Дзен,Показы,08.09 - 14.09,
Маркеты,Дзен,Показы,15.09 - 21.09,
Маркеты,Дзен,Показы,22.09 - 28.09,
Маркеты,Дзен,Показы,29.09 - 30.09,
Маркеты,Дзен,Показы,01.10 - 05.10,
Маркеты,Дзен,Показы,06.10 - 12.10,
Маркеты,Дзен,Показы,13.10 - 19.10,
Маркеты,Дзен,Показы,20.10 - 26.10,
Маркеты,Дзен,Показы,27.10 - 31.10,
Маркеты,Дзен,Клики,19.05 - 25.05,
Маркеты,Дзен,Клики,26.05 - 31.05,
Маркеты,Дзен,Клики,01.06 - 08.06,
Маркеты,Дзен,Клики,09.06 - 15.06,
Маркеты,Дзен,Клики,16.06 - 22.06,
Маркеты,Дзен,Клики,23.06 - 30.06,586.0
Маркеты,Дзен,Клики,01.07 - 06.07,
Маркеты,Дзен,Клики,07.07 - 13.07,
Маркеты,Дзен,Клики,14.07 - 20.07,
Маркеты,Дзен,Клики,21.07 - 27.07,
Маркеты,Дзен,Клики,28.07 - 31.07,
Маркеты,Дзен,Клики,01.08 - 03.08,
Маркеты,Дзен,Клики,04.08 - 10.08,
Маркеты,Дзен,Клики,11.08 - 17.08,
Маркеты,Дзен,Клики,18.08 - 24.08,
Маркеты,Дзен,Клики,25.08 - 31.08,
Маркеты,Дзен,Клики,01.09 - 07.09,
Маркеты,Дзен,Клики,08.09 - 14.09,
Маркеты,Дзен,Клики,15.09 - 21.09,
Маркеты,Дзен,Клики,22.09 - 28.09,
Маркеты,Дзен,Клики,29.09 - 30.09,
Маркеты,Дзен,Клики,01.10 - 05.10,
Маркеты,Дзен,Клики,06.10 - 12.10,
Маркеты,Дзен,Клики,13.10 - 19.10,
Маркеты,Дзен,Клики,20.10 - 26.10,
Маркеты,Дзен,Клики,27.10 - 31.10,
Маркеты,Дзен,Сессии в OZON,19.05 - 25.05,
Маркеты,Дзен,Сессии в OZON,26.05 - 31.05,
Маркеты,Дзен,Сессии в OZON,01.06 - 08.06,
Маркеты,Дзен,Сессии в OZON,09.06 - 15.06,
Маркеты,Дзен,Сессии в OZON,16.06 - 22.06,
Маркеты,Дзен,Сессии в OZON,23.06 - 30.06,59.0
Маркеты,Дзен,Сессии в OZON,01.07 - 06.07,
Маркеты,Дзен,Сессии в OZON,07.07 - 13.07,
Маркеты,Дзен,Сессии в OZON,14.07 - 20.07,
Маркеты,Дзен,Сессии в OZON,21.07 - 27.07,
Маркеты,Дзен,Сессии в OZON,28.07 - 31.07,
Маркеты,Дзен,Сессии в OZON,01.08 - 03.08,
Маркеты,Дзен,Сессии в OZON,04.08 - 10.08,
Маркеты,Дзен,Сессии в OZON,11.08 - 17.08,
Маркеты,Дзен,Сессии в OZON,18.08 - 24.08,
Маркеты,Дзен,Сессии в OZON,25.08 - 31.08,
Маркеты,Дзен,Сессии в OZON,01.09 - 07.09,
Маркеты,Дзен,Сессии в OZON,08.09 - 14.09,
Маркеты,Дзен,Сессии в OZON,15.09 - 21.09,
Маркеты,Дзен,Сессии в OZON,22.09 - 28.09,
Маркеты,Дзен,Сессии в OZON,29.09 - 30.09,
Маркеты,Дзен,Сессии в OZON,01.10 - 05.10,
Маркеты,Дзен,Сессии в OZON,06.10 - 12.10,
Маркеты,Дзен,Сессии в OZON,13.10 - 19.10,
Маркеты,Дзен,Сессии в OZON,20.10 - 26.10,
Маркеты,Дзен,Сессии в OZON,27.10 - 31.10,
Маркеты,Дзен,Корзина,19.05 - 25.05,
Маркеты,Дзен,Корзина,26.05 - 31.05,
Маркеты,Дзен,Корзина,01.06 - 08.06,
Маркеты,Дзен,Корзина,09.06 - 15.06,
Маркеты,Дзен,Корзина,16.06 - 22.06,
Маркеты,Дзен,Корзина,23.06 - 30.06,1.0
Маркеты,Дзен,Корзина,01.07 - 06.07,
Маркеты,Дзен,Корзина,07.07 - 13.07,
Маркеты,Дзен,Корзина,14.07 - 20.07,
Маркеты,Дзен,Корзина,21.07 - 27.07,
Маркеты,Дзен,Корзина,28.07 - 31.07,
Маркеты,Дзен,Корзина,01.08 - 03.08,
Маркеты,Дзен,Корзина,04.08 - 10.08,
Маркеты,Дзен,Корзина,11.08 - 17.08,
Маркеты,Дзен,Корзина,18.08 - 24.08,
Маркеты,Дзен,Корзина,25.08 - 31.08,
Маркеты,Дзен,Корзина,01.09 - 07.09,
Маркеты,Дзен,Корзина,08.09 - 14.09,
Маркеты,Дзен,Корзина,15.09 - 21.09,
Маркеты,Дзен,Корзина,22.09 - 28.09,
Маркеты,Дзен,Корзина,29.09 - 30.09,
Маркеты,Дзен,Корзина,01.10 - 05.10,
Маркеты,Дзен,Корзина,06.10 - 12.10,
Маркеты,Дзен,Корзина,13.10 - 19.10,
Маркеты,Дзен,Корзина,20.10 - 26.10,
Маркеты,Дзен,Корзина,27.10 - 31.10,
Маркеты,Дзен,Стоимост. клика,19.05 - 25.05,#DIV/0!
Маркеты,Дзен,Стоимост. клика,26.05 - 31.05,#DIV/0!
Маркеты,Дзен,Стоимост. клика,01.06 - 08.06,#DIV/0!
Маркеты,Дзен,Стоимост. клика,09.06 - 15.06,#DIV/0!
Маркеты,Дзен,Стоимост. клика,16.06 - 22.06,#DIV/0!
Маркеты,Дзен,Стоимост. клика,23.06 - 30.06,33.77319113
Маркеты,Дзен,Стоимост. клика,01.07 - 06.07,#DIV/0!
Маркеты,Дзен,Стоимост. клика,07.07 - 13.07,#DIV/0!
Маркеты,Дзен,Стоимост. клика,14.07 - 20.07,#DIV/0!
Маркеты,Дзен,Стоимост. клика,21.07 - 27.07,#DIV/0!
Маркеты,Дзен,Стоимост. клика,28.07 - 31.07,#DIV/0!
Маркеты,Дзен,Стоимост. клика,01.08 - 03.08,#DIV/0!
Маркеты,Дзен,Стоимост. клика,04.08 - 10.08,#DIV/0!
Маркеты,Дзен,Стоимост. клика,11.08 - 17.08,#DIV/0!
Маркеты,Дзен,Стоимост. клика,18.08 - 24.08,#DIV/0!
Маркеты,Дзен,Стоимост. клика,25.08 - 31.08,#DIV/0!
Маркеты,Дзен,Стоимост. клика,01.09 - 07.09,#DIV/0!
Маркеты,Дзен,Стоимост. клика,08.09 - 14.09,#DIV/0!
Маркеты,Дзен,Стоимост. клика,15.09 - 21.09,#DIV/0!
Маркеты,Дзен,Стоимост. клика,22.09 - 28.09,#DIV/0!
Маркеты,Дзен,Стоимост. клика,29.09 - 30.09,#DIV/0!
Маркеты,Дзен,Стоимост. клика,01.10 - 05.10,#DIV/0!
Маркеты,Дзен,Стоимост. клика,06.10 - 12.10,#DIV/0!
Маркеты,Дзен,Стоимост. клика,13.10 - 19.10,#DIV/0!
Маркеты,Дзен,Стоимост. клика,20.10 - 26.10,#DIV/0!
Маркеты,Дзен,Стоимост. клика,27.10 - 31.10,#DIV/0!
Маркеты,Дзен,Стоимост. сессии,19.05 - 25.05,#DIV/0!
Маркеты,Дзен,Стоимост. сессии,26.05 - 31.05,#DIV/0!
Маркеты,Дзен,Стоимост. сессии,01.06 - 08.06,#DIV/0!
Маркеты,Дзен,Стоимост. сессии,09.06 - 15.06,#DIV/0!
Маркеты,Дзен,Стоимост. сессии,16.06 - 22.06,#DIV/0!
Маркеты,Дзен,Стоимост. сессии,23.06 - 30.06,335.4422034
Маркеты,Дзен,Стоимост. сессии,01.07 - 06.07,#DIV/0!
Маркеты,Дзен,Стоимост. сессии,07.07 - 13.07,#DIV/0!
Маркеты,Дзен,Стоимост. сессии,14.07 - 20.07,#DIV/0!
Маркеты,Дзен,Стоимост. сессии,21.07 - 27.07,#DIV/0!
Маркеты,Дзен,Стоимост. сессии,28.07 - 31.07,#DIV/0!
Маркеты,Дзен,Стоимост. сессии,01.08 - 03.08,#DIV/0!
Маркеты,Дзен,Стоимост. сессии,04.08 - 10.08,#DIV/0!
Маркеты,Дзен,Стоимост. сессии,11.08 - 17.08,#DIV/0!
Маркеты,Дзен,Стоимост. сессии,18.08 - 24.08,#DIV/0!
Маркеты,Дзен,Стоимост. сессии,25.08 - 31.08,#DIV/0!
Маркеты,Дзен,Стоимост. сессии,01.09 - 07.09,#DIV/0!
Маркеты,Дзен,Стоимост. сессии,08.09 - 14.09,#DIV/0!
Маркеты,Дзен,Стоимост. сессии,15.09 - 21.09,#DIV/0!
Маркеты,Дзен,Стоимост. сессии,22.09 - 28.09,#DIV/0!
Маркеты,Дзен,Стоимост. сессии,29.09 - 30.09,#DIV/0!
Маркеты,Дзен,Стоимост. сессии,01.10 - 05.10,#DIV/0!
Маркеты,Дзен,Стоимост. сессии,06.10 - 12.10,#DIV/0!
Маркеты,Дзен,Стоимост. сессии,13.10 - 19.10,#DIV/0!
Маркеты,Дзен,Стоимост. сессии,20.10 - 26.10,#DIV/0!
Маркеты,Дзен,Стоимост. сессии,27.10 - 31.10,#DIV/0!
Маркеты,Дзен,Стоимост. корзины,19.05 - 25.05,
Маркеты,Дзен,Стоимост. корзины,26.05 - 31.05,
Маркеты,Дзен,Стоимост. корзины,01.06 - 08.06,
Маркеты,Дзен,Стоимост. корзины,09.06 - 15.06,
Маркеты,Дзен,Стоимост. корзины,16.06 - 22.06,
Маркеты,Дзен,Стоимост. корзины,23.06 - 30.06,19791.09
Маркеты,Дзен,Стоимост. корзины,01.07 - 06.07,
Маркеты,Дзен,Стоимост. корзины,07.07 - 13.07,
Маркеты,Дзен,Стоимост. корзины,14.07 - 20.07,
Маркеты,Дзен,Стоимост. корзины,21.07 - 27.07,
Маркеты,Дзен,Стоимост. корзины,28.07 - 31.07,
Маркеты,Дзен,Стоимост. корзины,01.08 - 03.08,
Маркеты,Дзен,Стоимост. корзины,04.08 - 10.08,
Маркеты,Дзен,Стоимост. корзины,11.08 - 17.08,
Маркеты,Дзен,Стоимост. корзины,18.08 - 24.08,
Маркеты,Дзен,Стоимост. корзины,25.08 - 31.08,
Маркеты,Дзен,Стоимост. корзины,01.09 - 07.09,
Маркеты,Дзен,Стоимост. корзины,08.09 - 14.09,
Маркеты,Дзен,Стоимост. корзины,15.09 - 21.09,
Маркеты,Дзен,Стоимост. корзины,22.09 - 28.09,
Маркеты,Дзен,Стоимост. корзины,29.09 - 30.09,
Маркеты,Дзен,Стоимост. корзины,01.10 - 05.10,
Маркеты,Дзен,Стоимост. корзины,06.10 - 12.10,
Маркеты,Дзен,Стоимост. корзины,13.10 - 19.10,
Маркеты,Дзен,Стоимост. корзины,20.10 - 26.10,
Маркеты,Дзен,Стоимост. корзины,27.10 - 31.10,
Маркеты,Дзен,% сессия / корзина,19.05 - 25.05,0
Маркеты,Дзен,% сессия / корзина,26.05 - 31.05,0
Маркеты,Дзен,% сессия / корзина,01.06 - 08.06,0
Маркеты,Дзен,% сессия / корзина,09.06 - 15.06,0
Маркеты,Дзен,% сессия / корзина,16.06 - 22.06,0
Маркеты,Дзен,% сессия / корзина,23.06 - 30.06,0.01694915254
Маркеты,Дзен,% сессия / корзина,01.07 - 06.07,0
Маркеты,Дзен,% сессия / корзина,07.07 - 13.07,0
Маркеты,Дзен,% сессия / корзина,14.07 - 20.07,0
Маркеты,Дзен,% сессия / корзина,21.07 - 27.07,0
Маркеты,Дзен,% сессия / корзина,28.07 - 31.07,0
Маркеты,Дзен,% сессия / корзина,01.08 - 03.08,0
Маркеты,Дзен,% сессия / корзина,04.08 - 10.08,0
Маркеты,Дзен,% сессия / корзина,11.08 - 17.08,0
Маркеты,Дзен,% сессия / корзина,18.08 - 24.08,0
Маркеты,Дзен,% сессия / корзина,25.08 - 31.08,0
Маркеты,Дзен,% сессия / корзина,01.09 - 07.09,0
Маркеты,Дзен,% сессия / корзина,08.09 - 14.09,0
Маркеты,Дзен,% сессия / корзина,15.09 - 21.09,0
Маркеты,Дзен,% сессия / корзина,22.09 - 28.09,0
Маркеты,Дзен,% сессия / корзина,29.09 - 30.09,0
Маркеты,Дзен,% сессия / корзина,01.10 - 05.10,0
Маркеты,Дзен,% сессия / корзина,06.10 - 12.10,0
Маркеты,Дзен,% сессия / корзина,13.10 - 19.10,0
Маркеты,Дзен,% сессия / корзина,20.10 - 26.10,0
Маркеты,Дзен,% сессия / корзина,27.10 - 31.10,0
Маркеты,Wildberries  (Органика),Корзина,19.05 - 25.05,
Маркеты,Wildberries  (Органика),Корзина,26.05 - 31.05,
Маркеты,Wildberries  (Органика),Корзина,01.06 - 08.06,
Маркеты,Wildberries  (Органика),Корзина,09.06 - 15.06,
Маркеты,Wildberries  (Органика),Корзина,16.06 - 22.06,
Маркеты,Wildberries  (Органика),Корзина,23.06 - 30.06,88.0
Маркеты,Wildberries  (Органика),Корзина,01.07 - 06.07,65.0
Маркеты,Wildberries  (Органика),Корзина,07.07 - 13.07,33.0
Маркеты,Wildberries  (Органика),Корзина,14.07 - 20.07,41.0
Маркеты,Wildberries  (Органика),Корзина,21.07 - 27.07,71.0
Маркеты,Wildberries  (Органика),Корзина,28.07 - 31.07,23.0
Маркеты,Wildberries  (Органика),Корзина,01.08 - 03.08,19.0
Маркеты,Wildberries  (Органика),Корзина,04.08 - 10.08,52.0
Маркеты,Wildberries  (Органика),Корзина,11.08 - 17.08,78.0
Маркеты,Wildberries  (Органика),Корзина,18.08 - 24.08,70.0
Маркеты,Wildberries  (Органика),Корзина,25.08 - 31.08,44.0
Маркеты,Wildberries  (Органика),Корзина,01.09 - 07.09,84.0
Маркеты,Wildberries  (Органика),Корзина,08.09 - 14.09,55.0
Маркеты,Wildberries  (Органика),Корзина,15.09 - 21.09,74.0
Маркеты,Wildberries  (Органика),Корзина,22.09 - 28.09,57.0
Маркеты,Wildberries  (Органика),Корзина,29.09 - 30.09,20.0
Маркеты,Wildberries  (Органика),Корзина,01.10 - 05.10,26.0
Маркеты,Wildberries  (Органика),Корзина,06.10 - 12.10,48.0
Маркеты,Wildberries  (Органика),Корзина,13.10 - 19.10,57.0
Маркеты,Wildberries  (Органика),Корзина,20.10 - 26.10,43.0
Маркеты,Wildberries  (Органика),Корзина,27.10 - 31.10,
Маркеты,Wildberries  (Органика),Продажи,19.05 - 25.05,
Маркеты,Wildberries  (Органика),Продажи,26.05 - 31.05,
Маркеты,Wildberries  (Органика),Продажи,01.06 - 08.06,
Маркеты,Wildberries  (Органика),Продажи,09.06 - 15.06,
Маркеты,Wildberries  (Органика),Продажи,16.06 - 22.06,
Маркеты,Wildberries  (Органика),Продажи,23.06 - 30.06,10.0
Маркеты,Wildberries  (Органика),Продажи,01.07 - 06.07,8.0
Маркеты,Wildberries  (Органика),Продажи,07.07 - 13.07,2.0
Маркеты,Wildberries  (Органика),Продажи,14.07 - 20.07,14.0
Маркеты,Wildberries  (Органика),Продажи,21.07 - 27.07,8.0
Маркеты,Wildberries  (Органика),Продажи,28.07 - 31.07,2.0
Маркеты,Wildberries  (Органика),Продажи,01.08 - 03.08,2.0
Маркеты,Wildberries  (Органика),Продажи,04.08 - 10.08,10.0
Маркеты,Wildberries  (Органика),Продажи,11.08 - 17.08,7.0
Маркеты,Wildberries  (Органика),Продажи,18.08 - 24.08,8.0
Маркеты,Wildberries  (Органика),Продажи,25.08 - 31.08,12.0
Маркеты,Wildberries  (Органика),Продажи,01.09 - 07.09,19.0
Маркеты,Wildberries  (Органика),Продажи,08.09 - 14.09,5.0
Маркеты,Wildberries  (Органика),Продажи,15.09 - 21.09,6.0
Маркеты,Wildberries  (Органика),Продажи,22.09 - 28.09,5.0
Маркеты,Wildberries  (Органика),Продажи,29.09 - 30.09,4.0
Маркеты,Wildberries  (Органика),Продажи,01.10 - 05.10,1.0
Маркеты,Wildberries  (Органика),Продажи,06.10 - 12.10,4.0
Маркеты,Wildberries  (Органика),Продажи,13.10 - 19.10,7.0
Маркеты,Wildberries  (Органика),Продажи,20.10 - 26.10,10.0
Маркеты,Wildberries  (Органика),Продажи,27.10 - 31.10,
Маркеты,Wildberries (Внутр. реклама),Расход,19.05 - 25.05,0
Маркеты,Wildberries (Внутр. реклама),Расход,26.05 - 31.05,0
Маркеты,Wildberries (Внутр. реклама),Расход,01.06 - 08.06,0
Маркеты,Wildberries (Внутр. реклама),Расход,09.06 - 15.06,0
Маркеты,Wildberries (Внутр. реклама),Расход,16.06 - 22.06,0
Маркеты,Wildberries (Внутр. реклама),Расход,23.06 - 30.06,0
Маркеты,Wildberries (Внутр. реклама),Расход,01.07 - 06.07,0
Маркеты,Wildberries (Внутр. реклама),Расход,07.07 - 13.07,0
Маркеты,Wildberries (Внутр. реклама),Расход,14.07 - 20.07,0
Маркеты,Wildberries (Внутр. реклама),Расход,21.07 - 27.07,0
Маркеты,Wildberries (Внутр. реклама),Расход,28.07 - 31.07,1272.83
Маркеты,Wildberries (Внутр. реклама),Расход,01.08 - 03.08,984.08
Маркеты,Wildberries (Внутр. реклама),Расход,04.08 - 10.08,755.62
Маркеты,Wildberries (Внутр. реклама),Расход,11.08 - 17.08,1.89
Маркеты,Wildberries (Внутр. реклама),Расход,18.08 - 24.08,0
Маркеты,Wildberries (Внутр. реклама),Расход,25.08 - 31.08,0
Маркеты,Wildberries (Внутр. реклама),Расход,01.09 - 07.09,0
Маркеты,Wildberries (Внутр. реклама),Расход,08.09 - 14.09,0
Маркеты,Wildberries (Внутр. реклама),Расход,15.09 - 21.09,0
Маркеты,Wildberries (Внутр. реклама),Расход,22.09 - 28.09,0
Маркеты,Wildberries (Внутр. реклама),Расход,29.09 - 30.09,0
Маркеты,Wildberries (Внутр. реклама),Расход,01.10 - 05.10,0
Маркеты,Wildberries (Внутр. реклама),Расход,06.10 - 12.10,0
Маркеты,Wildberries (Внутр. реклама),Расход,13.10 - 19.10,0
Маркеты,Wildberries (Внутр. реклама),Расход,20.10 - 26.10,0
Маркеты,Wildberries (Внутр. реклама),Расход,27.10 - 31.10,0
Маркеты,Wildberries (Внутр. реклама),Показы,19.05 - 25.05,0
Маркеты,Wildberries (Внутр. реклама),Показы,26.05 - 31.05,0
Маркеты,Wildberries (Внутр. реклама),Показы,01.06 - 08.06,0
Маркеты,Wildberries (Внутр. реклама),Показы,09.06 - 15.06,0
Маркеты,Wildberries (Внутр. реклама),Показы,16.06 - 22.06,0
Маркеты,Wildberries (Внутр. реклама),Показы,23.06 - 30.06,0
Маркеты,Wildberries (Внутр. реклама),Показы,01.07 - 06.07,0
Маркеты,Wildberries (Внутр. реклама),Показы,07.07 - 13.07,0
Маркеты,Wildberries (Внутр. реклама),Показы,14.07 - 20.07,0
Маркеты,Wildberries (Внутр. реклама),Показы,21.07 - 27.07,0
Маркеты,Wildberries (Внутр. реклама),Показы,28.07 - 31.07,4820
Маркеты,Wildberries (Внутр. реклама),Показы,01.08 - 03.08,3641
Маркеты,Wildberries (Внутр. реклама),Показы,04.08 - 10.08,2857
Маркеты,Wildberries (Внутр. реклама),Показы,11.08 - 17.08,8
Маркеты,Wildberries (Внутр. реклама),Показы,18.08 - 24.08,0
Маркеты,Wildberries (Внутр. реклама),Показы,25.08 - 31.08,0
Маркеты,Wildberries (Внутр. реклама),Показы,01.09 - 07.09,0
Маркеты,Wildberries (Внутр. реклама),Показы,08.09 - 14.09,0
Маркеты,Wildberries (Внутр. реклама),Показы,15.09 - 21.09,0
Маркеты,Wildberries (Внутр. реклама),Показы,22.09 - 28.09,0
Маркеты,Wildberries (Внутр. реклама),Показы,29.09 - 30.09,0
Маркеты,Wildberries (Внутр. реклама),Показы,01.10 - 05.10,0
Маркеты,Wildberries (Внутр. реклама),Показы,06.10 - 12.10,0
Маркеты,Wildberries (Внутр. реклама),Показы,13.10 - 19.10,0
Маркеты,Wildberries (Внутр. реклама),Показы,20.10 - 26.10,0
Маркеты,Wildberries (Внутр. реклама),Показы,27.10 - 31.10,0
Маркеты,Wildberries (Внутр. реклама),Клики,19.05 - 25.05,0
Маркеты,Wildberries (Внутр. реклама),Клики,26.05 - 31.05,0
Маркеты,Wildberries (Внутр. реклама),Клики,01.06 - 08.06,0
Маркеты,Wildberries (Внутр. реклама),Клики,09.06 - 15.06,0
Маркеты,Wildberries (Внутр. реклама),Клики,16.06 - 22.06,0
Маркеты,Wildberries (Внутр. реклама),Клики,23.06 - 30.06,0
Маркеты,Wildberries (Внутр. реклама),Клики,01.07 - 06.07,0
Маркеты,Wildberries (Внутр. реклама),Клики,07.07 - 13.07,0
Маркеты,Wildberries (Внутр. реклама),Клики,14.07 - 20.07,0
Маркеты,Wildberries (Внутр. реклама),Клики,21.07 - 27.07,0
Маркеты,Wildberries (Внутр. реклама),Клики,28.07 - 31.07,92
Маркеты,Wildberries (Внутр. реклама),Клики,01.08 - 03.08,65
Маркеты,Wildberries (Внутр. реклама),Клики,04.08 - 10.08,46
Маркеты,Wildberries (Внутр. реклама),Клики,11.08 - 17.08,0
Маркеты,Wildberries (Внутр. реклама),Клики,18.08 - 24.08,0
Маркеты,Wildberries (Внутр. реклама),Клики,25.08 - 31.08,0
Маркеты,Wildberries (Внутр. реклама),Клики,01.09 - 07.09,0
Маркеты,Wildberries (Внутр. реклама),Клики,08.09 - 14.09,0
Маркеты,Wildberries (Внутр. реклама),Клики,15.09 - 21.09,0
Маркеты,Wildberries (Внутр. реклама),Клики,22.09 - 28.09,0
Маркеты,Wildberries (Внутр. реклама),Клики,29.09 - 30.09,0
Маркеты,Wildberries (Внутр. реклама),Клики,01.10 - 05.10,0
Маркеты,Wildberries (Внутр. реклама),Клики,06.10 - 12.10,0
Маркеты,Wildberries (Внутр. реклама),Клики,13.10 - 19.10,0
Маркеты,Wildberries (Внутр. реклама),Клики,20.10 - 26.10,0
Маркеты,Wildberries (Внутр. реклама),Клики,27.10 - 31.10,0
Маркеты,Wildberries (Внутр. реклама),Сессии,19.05 - 25.05,0
Маркеты,Wildberries (Внутр. реклама),Сессии,26.05 - 31.05,0
Маркеты,Wildberries (Внутр. реклама),Сессии,01.06 - 08.06,0
Маркеты,Wildberries (Внутр. реклама),Сессии,09.06 - 15.06,0
Маркеты,Wildberries (Внутр. реклама),Сессии,16.06 - 22.06,0
Маркеты,Wildberries (Внутр. реклама),Сессии,23.06 - 30.06,0
Маркеты,Wildberries (Внутр. реклама),Сессии,01.07 - 06.07,0
Маркеты,Wildberries (Внутр. реклама),Сессии,07.07 - 13.07,0
Маркеты,Wildberries (Внутр. реклама),Сессии,14.07 - 20.07,0
Маркеты,Wildberries (Внутр. реклама),Сессии,21.07 - 27.07,0
Маркеты,Wildberries (Внутр. реклама),Сессии,28.07 - 31.07,92
Маркеты,Wildberries (Внутр. реклама),Сессии,01.08 - 03.08,65
Маркеты,Wildberries (Внутр. реклама),Сессии,04.08 - 10.08,46
Маркеты,Wildberries (Внутр. реклама),Сессии,11.08 - 17.08,0
Маркеты,Wildberries (Внутр. реклама),Сессии,18.08 - 24.08,0
Маркеты,Wildberries (Внутр. реклама),Сессии,25.08 - 31.08,0
Маркеты,Wildberries (Внутр. реклама),Сессии,01.09 - 07.09,0
Маркеты,Wildberries (Внутр. реклама),Сессии,08.09 - 14.09,0
Маркеты,Wildberries (Внутр. реклама),Сессии,15.09 - 21.09,0
Маркеты,Wildberries (Внутр. реклама),Сессии,22.09 - 28.09,0
Маркеты,Wildberries (Внутр. реклама),Сессии,29.09 - 30.09,0
Маркеты,Wildberries (Внутр. реклама),Сессии,01.10 - 05.10,0
Маркеты,Wildberries (Внутр. реклама),Сессии,06.10 - 12.10,0
Маркеты,Wildberries (Внутр. реклама),Сессии,13.10 - 19.10,0
Маркеты,Wildberries (Внутр. реклама),Сессии,20.10 - 26.10,0
Маркеты,Wildberries (Внутр. реклама),Сессии,27.10 - 31.10,0
Маркеты,Wildberries (Внутр. реклама),Корзина,19.05 - 25.05,0
Маркеты,Wildberries (Внутр. реклама),Корзина,26.05 - 31.05,0
Маркеты,Wildberries (Внутр. реклама),Корзина,01.06 - 08.06,0
Маркеты,Wildberries (Внутр. реклама),Корзина,09.06 - 15.06,0
Маркеты,Wildberries (Внутр. реклама),Корзина,16.06 - 22.06,0
Маркеты,Wildberries (Внутр. реклама),Корзина,23.06 - 30.06,0
Маркеты,Wildberries (Внутр. реклама),Корзина,01.07 - 06.07,0
Маркеты,Wildberries (Внутр. реклама),Корзина,07.07 - 13.07,0
Маркеты,Wildberries (Внутр. реклама),Корзина,14.07 - 20.07,0
Маркеты,Wildberries (Внутр. реклама),Корзина,21.07 - 27.07,0
Маркеты,Wildberries (Внутр. реклама),Корзина,28.07 - 31.07,2
Маркеты,Wildberries (Внутр. реклама),Корзина,01.08 - 03.08,6
Маркеты,Wildberries (Внутр. реклама),Корзина,04.08 - 10.08,3
Маркеты,Wildberries (Внутр. реклама),Корзина,11.08 - 17.08,0
Маркеты,Wildberries (Внутр. реклама),Корзина,18.08 - 24.08,0
Маркеты,Wildberries (Внутр. реклама),Корзина,25.08 - 31.08,0
Маркеты,Wildberries (Внутр. реклама),Корзина,01.09 - 07.09,0
Маркеты,Wildberries (Внутр. реклама),Корзина,08.09 - 14.09,0
Маркеты,Wildberries (Внутр. реклама),Корзина,15.09 - 21.09,0
Маркеты,Wildberries (Внутр. реклама),Корзина,22.09 - 28.09,0
Маркеты,Wildberries (Внутр. реклама),Корзина,29.09 - 30.09,0
Маркеты,Wildberries (Внутр. реклама),Корзина,01.10 - 05.10,0
Маркеты,Wildberries (Внутр. реклама),Корзина,06.10 - 12.10,0
Маркеты,Wildberries (Внутр. реклама),Корзина,13.10 - 19.10,0
Маркеты,Wildberries (Внутр. реклама),Корзина,20.10 - 26.10,0
Маркеты,Wildberries (Внутр. реклама),Корзина,27.10 - 31.10,0
Маркеты,Wildberries (Внутр. реклама),Стоимост. клика,19.05 - 25.05,#DIV/0!
Маркеты,Wildberries (Внутр. реклама),Стоимост. клика,26.05 - 31.05,#DIV/0!
Маркеты,Wildberries (Внутр. реклама),Стоимост. клика,01.06 - 08.06,#DIV/0!
Маркеты,Wildberries (Внутр. реклама),Стоимост. клика,09.06 - 15.06,#DIV/0!
Маркеты,Wildberries (Внутр. реклама),Стоимост. клика,16.06 - 22.06,#DIV/0!
Маркеты,Wildberries (Внутр. реклама),Стоимост. клика,23.06 - 30.06,#DIV/0!
Маркеты,Wildberries (Внутр. реклама),Стоимост. клика,01.07 - 06.07,#DIV/0!
Маркеты,Wildberries (Внутр. реклама),Стоимост. клика,07.07 - 13.07,#DIV/0!
Маркеты,Wildberries (Внутр. реклама),Стоимост. клика,14.07 - 20.07,#DIV/0!
Маркеты,Wildberries (Внутр. реклама),Стоимост. клика,21.07 - 27.07,#DIV/0!
Маркеты,Wildberries (Внутр. реклама),Стоимост. клика,28.07 - 31.07,13.8351087
Маркеты,Wildberries (Внутр. реклама),Стоимост. клика,01.08 - 03.08,15.13969231
Маркеты,Wildberries (Внутр. реклама),Стоимост. клика,04.08 - 10.08,16.42652174
Маркеты,Wildberries (Внутр. реклама),Стоимост. клика,11.08 - 17.08,#DIV/0!
Маркеты,Wildberries (Внутр. реклама),Стоимост. клика,18.08 - 24.08,#DIV/0!
Маркеты,Wildberries (Внутр. реклама),Стоимост. клика,25.08 - 31.08,#DIV/0!
Маркеты,Wildberries (Внутр. реклама),Стоимост. клика,01.09 - 07.09,#DIV/0!
Маркеты,Wildberries (Внутр. реклама),Стоимост. клика,08.09 - 14.09,#DIV/0!
Маркеты,Wildberries (Внутр. реклама),Стоимост. клика,15.09 - 21.09,#DIV/0!
Маркеты,Wildberries (Внутр. реклама),Стоимост. клика,22.09 - 28.09,#DIV/0!
Маркеты,Wildberries (Внутр. реклама),Стоимост. клика,29.09 - 30.09,#DIV/0!
Маркеты,Wildberries (Внутр. реклама),Стоимост. клика,01.10 - 05.10,#DIV/0!
Маркеты,Wildberries (Внутр. реклама),Стоимост. клика,06.10 - 12.10,#DIV/0!
Маркеты,Wildberries (Внутр. реклама),Стоимост. клика,13.10 - 19.10,#DIV/0!
Маркеты,Wildberries (Внутр. реклама),Стоимост. клика,20.10 - 26.10,#DIV/0!
Маркеты,Wildberries (Внутр. реклама),Стоимост. клика,27.10 - 31.10,#DIV/0!
Маркеты,Wildberries (Внутр. реклама),Стоимост. сессии,19.05 - 25.05,#DIV/0!
Маркеты,Wildberries (Внутр. реклама),Стоимост. сессии,26.05 - 31.05,#DIV/0!
Маркеты,Wildberries (Внутр. реклама),Стоимост. сессии,01.06 - 08.06,#DIV/0!
Маркеты,Wildberries (Внутр. реклама),Стоимост. сессии,09.06 - 15.06,#DIV/0!
Маркеты,Wildberries (Внутр. реклама),Стоимост. сессии,16.06 - 22.06,#DIV/0!
Маркеты,Wildberries (Внутр. реклама),Стоимост. сессии,23.06 - 30.06,#DIV/0!
Маркеты,Wildberries (Внутр. реклама),Стоимост. сессии,01.07 - 06.07,#DIV/0!
Маркеты,Wildberries (Внутр. реклама),Стоимост. сессии,07.07 - 13.07,#DIV/0!
Маркеты,Wildberries (Внутр. реклама),Стоимост. сессии,14.07 - 20.07,#DIV/0!
Маркеты,Wildberries (Внутр. реклама),Стоимост. сессии,21.07 - 27.07,#DIV/0!
Маркеты,Wildberries (Внутр. реклама),Стоимост. сессии,28.07 - 31.07,13.8351087
Маркеты,Wildberries (Внутр. реклама),Стоимост. сессии,01.08 - 03.08,15.13969231
Маркеты,Wildberries (Внутр. реклама),Стоимост. сессии,04.08 - 10.08,16.42652174
Маркеты,Wildberries (Внутр. реклама),Стоимост. сессии,11.08 - 17.08,#DIV/0!
Маркеты,Wildberries (Внутр. реклама),Стоимост. сессии,18.08 - 24.08,#DIV/0!
Маркеты,Wildberries (Внутр. реклама),Стоимост. сессии,25.08 - 31.08,#DIV/0!
Маркеты,Wildberries (Внутр. реклама),Стоимост. сессии,01.09 - 07.09,#DIV/0!
Маркеты,Wildberries (Внутр. реклама),Стоимост. сессии,08.09 - 14.09,#DIV/0!
Маркеты,Wildberries (Внутр. реклама),Стоимост. сессии,15.09 - 21.09,#DIV/0!
Маркеты,Wildberries (Внутр. реклама),Стоимост. сессии,22.09 - 28.09,#DIV/0!
Маркеты,Wildberries (Внутр. реклама),Стоимост. сессии,29.09 - 30.09,#DIV/0!
Маркеты,Wildberries (Внутр. реклама),Стоимост. сессии,01.10 - 05.10,#DIV/0!
Маркеты,Wildberries (Внутр. реклама),Стоимост. сессии,06.10 - 12.10,#DIV/0!
Маркеты,Wildberries (Внутр. реклама),Стоимост. сессии,13.10 - 19.10,#DIV/0!
Маркеты,Wildberries (Внутр. реклама),Стоимост. сессии,20.10 - 26.10,#DIV/0!
Маркеты,Wildberries (Внутр. реклама),Стоимост. сессии,27.10 - 31.10,#DIV/0!
Маркеты,Wildberries (Внутр. реклама),Стоимост. корзины,19.05 - 25.05,0
Маркеты,Wildberries (Внутр. реклама),Стоимост. корзины,26.05 - 31.05,0
Маркеты,Wildberries (Внутр. реклама),Стоимост. корзины,01.06 - 08.06,0
Маркеты,Wildberries (Внутр. реклама),Стоимост. корзины,09.06 - 15.06,0
Маркеты,Wildberries (Внутр. реклама),Стоимост. корзины,16.06 - 22.06,0
Маркеты,Wildberries (Внутр. реклама),Стоимост. корзины,23.06 - 30.06,0
Маркеты,Wildberries (Внутр. реклама),Стоимост. корзины,01.07 - 06.07,0
Маркеты,Wildberries (Внутр. реклама),Стоимост. корзины,07.07 - 13.07,0
Маркеты,Wildberries (Внутр. реклама),Стоимост. корзины,14.07 - 20.07,0
Маркеты,Wildberries (Внутр. реклама),Стоимост. корзины,21.07 - 27.07,0
Маркеты,Wildberries (Внутр. реклама),Стоимост. корзины,28.07 - 31.07,636.415
Маркеты,Wildberries (Внутр. реклама),Стоимост. корзины,01.08 - 03.08,164.0133333
Маркеты,Wildberries (Внутр. реклама),Стоимост. корзины,04.08 - 10.08,251.8733333
Маркеты,Wildberries (Внутр. реклама),Стоимост. корзины,11.08 - 17.08,1.89
Маркеты,Wildberries (Внутр. реклама),Стоимост. корзины,18.08 - 24.08,0
Маркеты,Wildberries (Внутр. реклама),Стоимост. корзины,25.08 - 31.08,0
Маркеты,Wildberries (Внутр. реклама),Стоимост. корзины,01.09 - 07.09,0
Маркеты,Wildberries (Внутр. реклама),Стоимост. корзины,08.09 - 14.09,0
Маркеты,Wildberries (Внутр. реклама),Стоимост. корзины,15.09 - 21.09,0
Маркеты,Wildberries (Внутр. реклама),Стоимост. корзины,22.09 - 28.09,0
Маркеты,Wildberries (Внутр. реклама),Стоимост. корзины,29.09 - 30.09,0
Маркеты,Wildberries (Внутр. реклама),Стоимост. корзины,01.10 - 05.10,0
Маркеты,Wildberries (Внутр. реклама),Стоимост. корзины,06.10 - 12.10,0
Маркеты,Wildberries (Внутр. реклама),Стоимост. корзины,13.10 - 19.10,0
Маркеты,Wildberries (Внутр. реклама),Стоимост. корзины,20.10 - 26.10,0
Маркеты,Wildberries (Внутр. реклама),Стоимост. корзины,27.10 - 31.10,0
Маркеты,Wildberries (Внутр. реклама),% сессия / корзина,19.05 - 25.05,0
Маркеты,Wildberries (Внутр. реклама),% сессия / корзина,26.05 - 31.05,0
Маркеты,Wildberries (Внутр. реклама),% сессия / корзина,01.06 - 08.06,0
Маркеты,Wildberries (Внутр. реклама),% сессия / корзина,09.06 - 15.06,0
Маркеты,Wildberries (Внутр. реклама),% сессия / корзина,16.06 - 22.06,0
Маркеты,Wildberries (Внутр. реклама),% сессия / корзина,23.06 - 30.06,0
Маркеты,Wildberries (Внутр. реклама),% сессия / корзина,01.07 - 06.07,0
Маркеты,Wildberries (Внутр. реклама),% сессия / корзина,07.07 - 13.07,0
Маркеты,Wildberries (Внутр. реклама),% сессия / корзина,14.07 - 20.07,0
Маркеты,Wildberries (Внутр. реклама),% сессия / корзина,21.07 - 27.07,0
Маркеты,Wildberries (Внутр. реклама),% сессия / корзина,28.07 - 31.07,0.02173913043
Маркеты,Wildberries (Внутр. реклама),% сессия / корзина,01.08 - 03.08,0.09230769231
Маркеты,Wildberries (Внутр. реклама),% сессия / корзина,04.08 - 10.08,0.0652173913
Маркеты,Wildberries (Внутр. реклама),% сессия / корзина,11.08 - 17.08,0
Маркеты,Wildberries (Внутр. реклама),% сессия / корзина,18.08 - 24.08,0
Маркеты,Wildberries (Внутр. реклама),% сессия / корзина,25.08 - 31.08,0
Маркеты,Wildberries (Внутр. реклама),% сессия / корзина,01.09 - 07.09,0
Маркеты,Wildberries (Внутр. реклама),% сессия / корзина,08.09 - 14.09,0
Маркеты,Wildberries (Внутр. реклама),% сессия / корзина,15.09 - 21.09,0
Маркеты,Wildberries (Внутр. реклама),% сессия / корзина,22.09 - 28.09,0
Маркеты,Wildberries (Внутр. реклама),% сессия / корзина,29.09 - 30.09,0
Маркеты,Wildberries (Внутр. реклама),% сессия / корзина,01.10 - 05.10,0
Маркеты,Wildberries (Внутр. реклама),% сессия / корзина,06.10 - 12.10,0
Маркеты,Wildberries (Внутр. реклама),% сессия / корзина,13.10 - 19.10,0
Маркеты,Wildberries (Внутр. реклама),% сессия / корзина,20.10 - 26.10,0
Маркеты,Wildberries (Внутр. реклама),% сессия / корзина,27.10 - 31.10,0
Маркеты,Продвижения карточек в поисковой выдаче,Расход,19.05 - 25.05,
Маркеты,Продвижения карточек в поисковой выдаче,Расход,26.05 - 31.05,
Маркеты,Продвижения карточек в поисковой выдаче,Расход,01.06 - 08.06,
Маркеты,Продвижения карточек в поисковой выдаче,Расход,09.06 - 15.06,
Маркеты,Продвижения карточек в поисковой выдаче,Расход,16.06 - 22.06,
Маркеты,Продвижения карточек в поисковой выдаче,Расход,23.06 - 30.06,
Маркеты,Продвижения карточек в поисковой выдаче,Расход,01.07 - 06.07,
Маркеты,Продвижения карточек в поисковой выдаче,Расход,07.07 - 13.07,
Маркеты,Продвижения карточек в поисковой выдаче,Расход,14.07 - 20.07,
Маркеты,Продвижения карточек в поисковой выдаче,Расход,21.07 - 27.07,
Маркеты,Продвижения карточек в поисковой выдаче,Расход,28.07 - 31.07,1272.83
Маркеты,Продвижения карточек в поисковой выдаче,Расход,01.08 - 03.08,984.08
Маркеты,Продвижения карточек в поисковой выдаче,Расход,04.08 - 10.08,755.62
Маркеты,Продвижения карточек в поисковой выдаче,Расход,11.08 - 17.08,1.89
Маркеты,Продвижения карточек в поисковой выдаче,Расход,18.08 - 24.08,
Маркеты,Продвижения карточек в поисковой выдаче,Расход,25.08 - 31.08,
Маркеты,Продвижения карточек в поисковой выдаче,Расход,01.09 - 07.09,
Маркеты,Продвижения карточек в поисковой выдаче,Расход,08.09 - 14.09,
Маркеты,Продвижения карточек в поисковой выдаче,Расход,15.09 - 21.09,
Маркеты,Продвижения карточек в поисковой выдаче,Расход,22.09 - 28.09,
Маркеты,Продвижения карточек в поисковой выдаче,Расход,29.09 - 30.09,
Маркеты,Продвижения карточек в поисковой выдаче,Расход,01.10 - 05.10,
Маркеты,Продвижения карточек в поисковой выдаче,Расход,06.10 - 12.10,
Маркеты,Продвижения карточек в поисковой выдаче,Расход,13.10 - 19.10,
Маркеты,Продвижения карточек в поисковой выдаче,Расход,20.10 - 26.10,
Маркеты,Продвижения карточек в поисковой выдаче,Расход,27.10 - 31.10,
Маркеты,Продвижения карточек в поисковой выдаче,Показы,19.05 - 25.05,
Маркеты,Продвижения карточек в поисковой выдаче,Показы,26.05 - 31.05,
Маркеты,Продвижения карточек в поисковой выдаче,Показы,01.06 - 08.06,
Маркеты,Продвижения карточек в поисковой выдаче,Показы,09.06 - 15.06,
Маркеты,Продвижения карточек в поисковой выдаче,Показы,16.06 - 22.06,
Маркеты,Продвижения карточек в поисковой выдаче,Показы,23.06 - 30.06,
Маркеты,Продвижения карточек в поисковой выдаче,Показы,01.07 - 06.07,
Маркеты,Продвижения карточек в поисковой выдаче,Показы,07.07 - 13.07,
Маркеты,Продвижения карточек в поисковой выдаче,Показы,14.07 - 20.07,
Маркеты,Продвижения карточек в поисковой выдаче,Показы,21.07 - 27.07,
Маркеты,Продвижения карточек в поисковой выдаче,Показы,28.07 - 31.07,4820.0
Маркеты,Продвижения карточек в поисковой выдаче,Показы,01.08 - 03.08,3641.0
Маркеты,Продвижения карточек в поисковой выдаче,Показы,04.08 - 10.08,2857.0
Маркеты,Продвижения карточек в поисковой выдаче,Показы,11.08 - 17.08,8.0
Маркеты,Продвижения карточек в поисковой выдаче,Показы,18.08 - 24.08,
Маркеты,Продвижения карточек в поисковой выдаче,Показы,25.08 - 31.08,
Маркеты,Продвижения карточек в поисковой выдаче,Показы,01.09 - 07.09,
Маркеты,Продвижения карточек в поисковой выдаче,Показы,08.09 - 14.09,
Маркеты,Продвижения карточек в поисковой выдаче,Показы,15.09 - 21.09,
Маркеты,Продвижения карточек в поисковой выдаче,Показы,22.09 - 28.09,
Маркеты,Продвижения карточек в поисковой выдаче,Показы,29.09 - 30.09,
Маркеты,Продвижения карточек в поисковой выдаче,Показы,01.10 - 05.10,
Маркеты,Продвижения карточек в поисковой выдаче,Показы,06.10 - 12.10,
Маркеты,Продвижения карточек в поисковой выдаче,Показы,13.10 - 19.10,
Маркеты,Продвижения карточек в поисковой выдаче,Показы,20.10 - 26.10,
Маркеты,Продвижения карточек в поисковой выдаче,Показы,27.10 - 31.10,
Маркеты,Продвижения карточек в поисковой выдаче,Клики,19.05 - 25.05,
Маркеты,Продвижения карточек в поисковой выдаче,Клики,26.05 - 31.05,
Маркеты,Продвижения карточек в поисковой выдаче,Клики,01.06 - 08.06,
Маркеты,Продвижения карточек в поисковой выдаче,Клики,09.06 - 15.06,
Маркеты,Продвижения карточек в поисковой выдаче,Клики,16.06 - 22.06,
Маркеты,Продвижения карточек в поисковой выдаче,Клики,23.06 - 30.06,
Маркеты,Продвижения карточек в поисковой выдаче,Клики,01.07 - 06.07,
Маркеты,Продвижения карточек в поисковой выдаче,Клики,07.07 - 13.07,
Маркеты,Продвижения карточек в поисковой выдаче,Клики,14.07 - 20.07,
Маркеты,Продвижения карточек в поисковой выдаче,Клики,21.07 - 27.07,
Маркеты,Продвижения карточек в поисковой выдаче,Клики,28.07 - 31.07,92.0
Маркеты,Продвижения карточек в поисковой выдаче,Клики,01.08 - 03.08,65.0
Маркеты,Продвижения карточек в поисковой выдаче,Клики,04.08 - 10.08,46.0
Маркеты,Продвижения карточек в поисковой выдаче,Клики,11.08 - 17.08,0.0
Маркеты,Продвижения карточек в поисковой выдаче,Клики,18.08 - 24.08,
Маркеты,Продвижения карточек в поисковой выдаче,Клики,25.08 - 31.08,
Маркеты,Продвижения карточек в поисковой выдаче,Клики,01.09 - 07.09,
Маркеты,Продвижения карточек в поисковой выдаче,Клики,08.09 - 14.09,
Маркеты,Продвижения карточек в поисковой выдаче,Клики,15.09 - 21.09,
Маркеты,Продвижения карточек в поисковой выдаче,Клики,22.09 - 28.09,
Маркеты,Продвижения карточек в поисковой выдаче,Клики,29.09 - 30.09,
Маркеты,Продвижения карточек в поисковой выдаче,Клики,01.10 - 05.10,
Маркеты,Продвижения карточек в поисковой выдаче,Клики,06.10 - 12.10,
Маркеты,Продвижения карточек в поисковой выдаче,Клики,13.10 - 19.10,
Маркеты,Продвижения карточек в поисковой выдаче,Клики,20.10 - 26.10,
Маркеты,Продвижения карточек в поисковой выдаче,Клики,27.10 - 31.10,
Маркеты,Продвижения карточек в поисковой выдаче,Сессии,19.05 - 25.05,
Маркеты,Продвижения карточек в поисковой выдаче,Сессии,26.05 - 31.05,
Маркеты,Продвижения карточек в поисковой выдаче,Сессии,01.06 - 08.06,
Маркеты,Продвижения карточек в поисковой выдаче,Сессии,09.06 - 15.06,
Маркеты,Продвижения карточек в поисковой выдаче,Сессии,16.06 - 22.06,
Маркеты,Продвижения карточек в поисковой выдаче,Сессии,23.06 - 30.06,
Маркеты,Продвижения карточек в поисковой выдаче,Сессии,01.07 - 06.07,
Маркеты,Продвижения карточек в поисковой выдаче,Сессии,07.07 - 13.07,
Маркеты,Продвижения карточек в поисковой выдаче,Сессии,14.07 - 20.07,
Маркеты,Продвижения карточек в поисковой выдаче,Сессии,21.07 - 27.07,
Маркеты,Продвижения карточек в поисковой выдаче,Сессии,28.07 - 31.07,92.0
Маркеты,Продвижения карточек в поисковой выдаче,Сессии,01.08 - 03.08,65.0
Маркеты,Продвижения карточек в поисковой выдаче,Сессии,04.08 - 10.08,46
Маркеты,Продвижения карточек в поисковой выдаче,Сессии,11.08 - 17.08,0
Маркеты,Продвижения карточек в поисковой выдаче,Сессии,18.08 - 24.08,
Маркеты,Продвижения карточек в поисковой выдаче,Сессии,25.08 - 31.08,
Маркеты,Продвижения карточек в поисковой выдаче,Сессии,01.09 - 07.09,
Маркеты,Продвижения карточек в поисковой выдаче,Сессии,08.09 - 14.09,
Маркеты,Продвижения карточек в поисковой выдаче,Сессии,15.09 - 21.09,
Маркеты,Продвижения карточек в поисковой выдаче,Сессии,22.09 - 28.09,
Маркеты,Продвижения карточек в поисковой выдаче,Сессии,29.09 - 30.09,
Маркеты,Продвижения карточек в поисковой выдаче,Сессии,01.10 - 05.10,
Маркеты,Продвижения карточек в поисковой выдаче,Сессии,06.10 - 12.10,
Маркеты,Продвижения карточек в поисковой выдаче,Сессии,13.10 - 19.10,
Маркеты,Продвижения карточек в поисковой выдаче,Сессии,20.10 - 26.10,
Маркеты,Продвижения карточек в поисковой выдаче,Сессии,27.10 - 31.10,
Маркеты,Продвижения карточек в поисковой выдаче,Корзина,19.05 - 25.05,
Маркеты,Продвижения карточек в поисковой выдаче,Корзина,26.05 - 31.05,
Маркеты,Продвижения карточек в поисковой выдаче,Корзина,01.06 - 08.06,
Маркеты,Продвижения карточек в поисковой выдаче,Корзина,09.06 - 15.06,
Маркеты,Продвижения карточек в поисковой выдаче,Корзина,16.06 - 22.06,
Маркеты,Продвижения карточек в поисковой выдаче,Корзина,23.06 - 30.06,
Маркеты,Продвижения карточек в поисковой выдаче,Корзина,01.07 - 06.07,
Маркеты,Продвижения карточек в поисковой выдаче,Корзина,07.07 - 13.07,
Маркеты,Продвижения карточек в поисковой выдаче,Корзина,14.07 - 20.07,
Маркеты,Продвижения карточек в поисковой выдаче,Корзина,21.07 - 27.07,
Маркеты,Продвижения карточек в поисковой выдаче,Корзина,28.07 - 31.07,2.0
Маркеты,Продвижения карточек в поисковой выдаче,Корзина,01.08 - 03.08,6.0
Маркеты,Продвижения карточек в поисковой выдаче,Корзина,04.08 - 10.08,3.0
Маркеты,Продвижения карточек в поисковой выдаче,Корзина,11.08 - 17.08,0.0
Маркеты,Продвижения карточек в поисковой выдаче,Корзина,18.08 - 24.08,
Маркеты,Продвижения карточек в поисковой выдаче,Корзина,25.08 - 31.08,
Маркеты,Продвижения карточек в поисковой выдаче,Корзина,01.09 - 07.09,
Маркеты,Продвижения карточек в поисковой выдаче,Корзина,08.09 - 14.09,
Маркеты,Продвижения карточек в поисковой выдаче,Корзина,15.09 - 21.09,
Маркеты,Продвижения карточек в поисковой выдаче,Корзина,22.09 - 28.09,
Маркеты,Продвижения карточек в поисковой выдаче,Корзина,29.09 - 30.09,
Маркеты,Продвижения карточек в поисковой выдаче,Корзина,01.10 - 05.10,
Маркеты,Продвижения карточек в поисковой выдаче,Корзина,06.10 - 12.10,
Маркеты,Продвижения карточек в поисковой выдаче,Корзина,13.10 - 19.10,
Маркеты,Продвижения карточек в поисковой выдаче,Корзина,20.10 - 26.10,
Маркеты,Продвижения карточек в поисковой выдаче,Корзина,27.10 - 31.10,
Маркеты,Продвижения карточек в поисковой выдаче,Стоимост. клика,19.05 - 25.05,#DIV/0!
Маркеты,Продвижения карточек в поисковой выдаче,Стоимост. клика,26.05 - 31.05,#DIV/0!
Маркеты,Продвижения карточек в поисковой выдаче,Стоимост. клика,01.06 - 08.06,#DIV/0!
Маркеты,Продвижения карточек в поисковой выдаче,Стоимост. клика,09.06 - 15.06,#DIV/0!
Маркеты,Продвижения карточек в поисковой выдаче,Стоимост. клика,16.06 - 22.06,#DIV/0!
Маркеты,Продвижения карточек в поисковой выдаче,Стоимост. клика,23.06 - 30.06,#DIV/0!
Маркеты,Продвижения карточек в поисковой выдаче,Стоимост. клика,01.07 - 06.07,#DIV/0!
Маркеты,Продвижения карточек в поисковой выдаче,Стоимост. клика,07.07 - 13.07,#DIV/0!
Маркеты,Продвижения карточек в поисковой выдаче,Стоимост. клика,14.07 - 20.07,#DIV/0!
Маркеты,Продвижения карточек в поисковой выдаче,Стоимост. клика,21.07 - 27.07,#DIV/0!
Маркеты,Продвижения карточек в поисковой выдаче,Стоимост. клика,28.07 - 31.07,13.8351087
Маркеты,Продвижения карточек в поисковой выдаче,Стоимост. клика,01.08 - 03.08,15.13969231
Маркеты,Продвижения карточек в поисковой выдаче,Стоимост. клика,04.08 - 10.08,16.42652174
Маркеты,Продвижения карточек в поисковой выдаче,Стоимост. клика,11.08 - 17.08,#DIV/0!
Маркеты,Продвижения карточек в поисковой выдаче,Стоимост. клика,18.08 - 24.08,#DIV/0!
Маркеты,Продвижения карточек в поисковой выдаче,Стоимост. клика,25.08 - 31.08,#DIV/0!
Маркеты,Продвижения карточек в поисковой выдаче,Стоимост. клика,01.09 - 07.09,#DIV/0!
Маркеты,Продвижения карточек в поисковой выдаче,Стоимост. клика,08.09 - 14.09,#DIV/0!
Маркеты,Продвижения карточек в поисковой выдаче,Стоимост. клика,15.09 - 21.09,#DIV/0!
Маркеты,Продвижения карточек в поисковой выдаче,Стоимост. клика,22.09 - 28.09,#DIV/0!
Маркеты,Продвижения карточек в поисковой выдаче,Стоимост. клика,29.09 - 30.09,#DIV/0!
Маркеты,Продвижения карточек в поисковой выдаче,Стоимост. клика,01.10 - 05.10,#DIV/0!
Маркеты,Продвижения карточек в поисковой выдаче,Стоимост. клика,06.10 - 12.10,#DIV/0!
Маркеты,Продвижения карточек в поисковой выдаче,Стоимост. клика,13.10 - 19.10,#DIV/0!
Маркеты,Продвижения карточек в поисковой выдаче,Стоимост. клика,20.10 - 26.10,#DIV/0!
Маркеты,Продвижения карточек в поисковой выдаче,Стоимост. клика,27.10 - 31.10,#DIV/0!
Маркеты,Продвижения карточек в поисковой выдаче,Стоимост. сессии,19.05 - 25.05,#DIV/0!
Маркеты,Продвижения карточек в поисковой выдаче,Стоимост. сессии,26.05 - 31.05,#DIV/0!
Маркеты,Продвижения карточек в поисковой выдаче,Стоимост. сессии,01.06 - 08.06,#DIV/0!
Маркеты,Продвижения карточек в поисковой выдаче,Стоимост. сессии,09.06 - 15.06,#DIV/0!
Маркеты,Продвижения карточек в поисковой выдаче,Стоимост. сессии,16.06 - 22.06,#DIV/0!
Маркеты,Продвижения карточек в поисковой выдаче,Стоимост. сессии,23.06 - 30.06,#DIV/0!
Маркеты,Продвижения карточек в поисковой выдаче,Стоимост. сессии,01.07 - 06.07,#DIV/0!
Маркеты,Продвижения карточек в поисковой выдаче,Стоимост. сессии,07.07 - 13.07,#DIV/0!
Маркеты,Продвижения карточек в поисковой выдаче,Стоимост. сессии,14.07 - 20.07,#DIV/0!
Маркеты,Продвижения карточек в поисковой выдаче,Стоимост. сессии,21.07 - 27.07,#DIV/0!
Маркеты,Продвижения карточек в поисковой выдаче,Стоимост. сессии,28.07 - 31.07,13.8351087
Маркеты,Продвижения карточек в поисковой выдаче,Стоимост. сессии,01.08 - 03.08,15.13969231
Маркеты,Продвижения карточек в поисковой выдаче,Стоимост. сессии,04.08 - 10.08,16.42652174
Маркеты,Продвижения карточек в поисковой выдаче,Стоимост. сессии,11.08 - 17.08,#DIV/0!
Маркеты,Продвижения карточек в поисковой выдаче,Стоимост. сессии,18.08 - 24.08,#DIV/0!
Маркеты,Продвижения карточек в поисковой выдаче,Стоимост. сессии,25.08 - 31.08,#DIV/0!
Маркеты,Продвижения карточек в поисковой выдаче,Стоимост. сессии,01.09 - 07.09,#DIV/0!
Маркеты,Продвижения карточек в поисковой выдаче,Стоимост. сессии,08.09 - 14.09,#DIV/0!
Маркеты,Продвижения карточек в поисковой выдаче,Стоимост. сессии,15.09 - 21.09,#DIV/0!
Маркеты,Продвижения карточек в поисковой выдаче,Стоимост. сессии,22.09 - 28.09,#DIV/0!
Маркеты,Продвижения карточек в поисковой выдаче,Стоимост. сессии,29.09 - 30.09,#DIV/0!
Маркеты,Продвижения карточек в поисковой выдаче,Стоимост. сессии,01.10 - 05.10,#DIV/0!
Маркеты,Продвижения карточек в поисковой выдаче,Стоимост. сессии,06.10 - 12.10,#DIV/0!
Маркеты,Продвижения карточек в поисковой выдаче,Стоимост. сессии,13.10 - 19.10,#DIV/0!
Маркеты,Продвижения карточек в поисковой выдаче,Стоимост. сессии,20.10 - 26.10,#DIV/0!
Маркеты,Продвижения карточек в поисковой выдаче,Стоимост. сессии,27.10 - 31.10,#DIV/0!
Маркеты,Продвижения карточек в поисковой выдаче,Стоимост. корзины,19.05 - 25.05,
Маркеты,Продвижения карточек в поисковой выдаче,Стоимост. корзины,26.05 - 31.05,
Маркеты,Продвижения карточек в поисковой выдаче,Стоимост. корзины,01.06 - 08.06,
Маркеты,Продвижения карточек в поисковой выдаче,Стоимост. корзины,09.06 - 15.06,
Маркеты,Продвижения карточек в поисковой выдаче,Стоимост. корзины,16.06 - 22.06,
Маркеты,Продвижения карточек в поисковой выдаче,Стоимост. корзины,23.06 - 30.06,
Маркеты,Продвижения карточек в поисковой выдаче,Стоимост. корзины,01.07 - 06.07,
Маркеты,Продвижения карточек в поисковой выдаче,Стоимост. корзины,07.07 - 13.07,
Маркеты,Продвижения карточек в поисковой выдаче,Стоимост. корзины,14.07 - 20.07,
Маркеты,Продвижения карточек в поисковой выдаче,Стоимост. корзины,21.07 - 27.07,
Маркеты,Продвижения карточек в поисковой выдаче,Стоимост. корзины,28.07 - 31.07,636.415
Маркеты,Продвижения карточек в поисковой выдаче,Стоимост. корзины,01.08 - 03.08,164.0133333
Маркеты,Продвижения карточек в поисковой выдаче,Стоимост. корзины,04.08 - 10.08,251.8733333
Маркеты,Продвижения карточек в поисковой выдаче,Стоимост. корзины,11.08 - 17.08,1.89
Маркеты,Продвижения карточек в поисковой выдаче,Стоимост. корзины,18.08 - 24.08,
Маркеты,Продвижения карточек в поисковой выдаче,Стоимост. корзины,25.08 - 31.08,
Маркеты,Продвижения карточек в поисковой выдаче,Стоимост. корзины,01.09 - 07.09,
Маркеты,Продвижения карточек в поисковой выдаче,Стоимост. корзины,08.09 - 14.09,
Маркеты,Продвижения карточек в поисковой выдаче,Стоимост. корзины,15.09 - 21.09,
Маркеты,Продвижения карточек в поисковой выдаче,Стоимост. корзины,22.09 - 28.09,
Маркеты,Продвижения карточек в поисковой выдаче,Стоимост. корзины,29.09 - 30.09,
Маркеты,Продвижения карточек в поисковой выдаче,Стоимост. корзины,01.10 - 05.10,
Маркеты,Продвижения карточек в поисковой выдаче,Стоимост. корзины,06.10 - 12.10,
Маркеты,Продвижения карточек в поисковой выдаче,Стоимост. корзины,13.10 - 19.10,
Маркеты,Продвижения карточек в поисковой выдаче,Стоимост. корзины,20.10 - 26.10,
Маркеты,Продвижения карточек в поисковой выдаче,Стоимост. корзины,27.10 - 31.10,
Маркеты,Продвижения карточек в поисковой выдаче,% сессия / корзина,19.05 - 25.05,0
Маркеты,Продвижения карточек в поисковой выдаче,% сессия / корзина,26.05 - 31.05,0
Маркеты,Продвижения карточек в поисковой выдаче,% сессия / корзина,01.06 - 08.06,0
Маркеты,Продвижения карточек в поисковой выдаче,% сессия / корзина,09.06 - 15.06,0
Маркеты,Продвижения карточек в поисковой выдаче,% сессия / корзина,16.06 - 22.06,0
Маркеты,Продвижения карточек в поисковой выдаче,% сессия / корзина,23.06 - 30.06,0
Маркеты,Продвижения карточек в поисковой выдаче,% сессия / корзина,01.07 - 06.07,0
Маркеты,Продвижения карточек в поисковой выдаче,% сессия / корзина,07.07 - 13.07,0
Маркеты,Продвижения карточек в поисковой выдаче,% сессия / корзина,14.07 - 20.07,0
Маркеты,Продвижения карточек в поисковой выдаче,% сессия / корзина,21.07 - 27.07,0
Маркеты,Продвижения карточек в поисковой выдаче,% сессия / корзина,28.07 - 31.07,0.02173913043
Маркеты,Продвижения карточек в поисковой выдаче,% сессия / корзина,01.08 - 03.08,0.09230769231
Маркеты,Продвижения карточек в поисковой выдаче,% сессия / корзина,04.08 - 10.08,0.0652173913
Маркеты,Продвижения карточек в поисковой выдаче,% сессия / корзина,11.08 - 17.08,0
Маркеты,Продвижения карточек в поисковой выдаче,% сессия / корзина,18.08 - 24.08,0
Маркеты,Продвижения карточек в поисковой выдаче,% сессия / корзина,25.08 - 31.08,0
Маркеты,Продвижения карточек в поисковой выдаче,% сессия / корзина,01.09 - 07.09,0
Маркеты,Продвижения карточек в поисковой выдаче,% сессия / корзина,08.09 - 14.09,0
Маркеты,Продвижения карточек в поисковой выдаче,% сессия / корзина,15.09 - 21.09,0
Маркеты,Продвижения карточек в поисковой выдаче,% сессия / корзина,22.09 - 28.09,0
Маркеты,Продвижения карточек в поисковой выдаче,% сессия / корзина,29.09 - 30.09,0
Маркеты,Продвижения карточек в поисковой выдаче,% сессия / корзина,01.10 - 05.10,0
Маркеты,Продвижения карточек в поисковой выдаче,% сессия / корзина,06.10 - 12.10,0
Маркеты,Продвижения карточек в поисковой выдаче,% сессия / корзина,13.10 - 19.10,0
Маркеты,Продвижения карточек в поисковой выдаче,% сессия / корзина,20.10 - 26.10,0
Маркеты,Продвижения карточек в поисковой выдаче,% сессия / корзина,27.10 - 31.10,0
Маркеты,Яндекс Маркет (Органика),Корзина,19.05 - 25.05,9.0
Маркеты,Яндекс Маркет (Органика),Корзина,26.05 - 31.05,3.0
Маркеты,Яндекс Маркет (Органика),Корзина,01.06 - 08.06,8.0
Маркеты,Яндекс Маркет (Органика),Корзина,09.06 - 15.06,3.0
Маркеты,Яндекс Маркет (Органика),Корзина,16.06 - 22.06,9.0
Маркеты,Яндекс Маркет (Органика),Корзина,23.06 - 30.06,10.0
Маркеты,Яндекс Маркет (Органика),Корзина,01.07 - 06.07,10.0
Маркеты,Яндекс Маркет (Органика),Корзина,07.07 - 13.07,1.0
Маркеты,Яндекс Маркет (Органика),Корзина,14.07 - 20.07,2.0
Маркеты,Яндекс Маркет (Органика),Корзина,21.07 - 27.07,4.0
Маркеты,Яндекс Маркет (Органика),Корзина,28.07 - 31.07,0.0
Маркеты,Яндекс Маркет (Органика),Корзина,01.08 - 03.08,1.0
Маркеты,Яндекс Маркет (Органика),Корзина,04.08 - 10.08,3.0
Маркеты,Яндекс Маркет (Органика),Корзина,11.08 - 17.08,1.0
Маркеты,Яндекс Маркет (Органика),Корзина,18.08 - 24.08,4.0
Маркеты,Яндекс Маркет (Органика),Корзина,25.08 - 31.08,8.0
Маркеты,Яндекс Маркет (Органика),Корзина,01.09 - 07.09,3.0
Маркеты,Яндекс Маркет (Органика),Корзина,08.09 - 14.09,2.0
Маркеты,Яндекс Маркет (Органика),Корзина,15.09 - 21.09,8.0
Маркеты,Яндекс Маркет (Органика),Корзина,22.09 - 28.09,2.0
Маркеты,Яндекс Маркет (Органика),Корзина,29.09 - 30.09,4.0
Маркеты,Яндекс Маркет (Органика),Корзина,01.10 - 05.10,5.0
Маркеты,Яндекс Маркет (Органика),Корзина,06.10 - 12.10,5.0
Маркеты,Яндекс Маркет (Органика),Корзина,13.10 - 19.10,3.0
Маркеты,Яндекс Маркет (Органика),Корзина,20.10 - 26.10,10.0
Маркеты,Яндекс Маркет (Органика),Корзина,27.10 - 31.10,
Маркеты,Яндекс Маркет (Органика),Продажи,19.05 - 25.05,6.0
Маркеты,Яндекс Маркет (Органика),Продажи,26.05 - 31.05,0.0
Маркеты,Яндекс Маркет (Органика),Продажи,01.06 - 08.06,2.0
Маркеты,Яндекс Маркет (Органика),Продажи,09.06 - 15.06,0.0
Маркеты,Яндекс Маркет (Органика),Продажи,16.06 - 22.06,1.0
Маркеты,Яндекс Маркет (Органика),Продажи,23.06 - 30.06,3.0
Маркеты,Яндекс Маркет (Органика),Продажи,01.07 - 06.07,4.0
Маркеты,Яндекс Маркет (Органика),Продажи,07.07 - 13.07,0.0
Маркеты,Яндекс Маркет (Органика),Продажи,14.07 - 20.07,1.0
Маркеты,Яндекс Маркет (Органика),Продажи,21.07 - 27.07,1.0
Маркеты,Яндекс Маркет (Органика),Продажи,28.07 - 31.07,0.0
Маркеты,Яндекс Маркет (Органика),Продажи,01.08 - 03.08,0.0
Маркеты,Яндекс Маркет (Органика),Продажи,04.08 - 10.08,1.0
Маркеты,Яндекс Маркет (Органика),Продажи,11.08 - 17.08,0.0
Маркеты,Яндекс Маркет (Органика),Продажи,18.08 - 24.08,0.0
Маркеты,Яндекс Маркет (Органика),Продажи,25.08 - 31.08,3.0
Маркеты,Яндекс Маркет (Органика),Продажи,01.09 - 07.09,0.0
Маркеты,Яндекс Маркет (Органика),Продажи,08.09 - 14.09,0.0
Маркеты,Яндекс Маркет (Органика),Продажи,15.09 - 21.09,2.0
Маркеты,Яндекс Маркет (Органика),Продажи,22.09 - 28.09,1.0
Маркеты,Яндекс Маркет (Органика),Продажи,29.09 - 30.09,1.0
Маркеты,Яндекс Маркет (Органика),Продажи,01.10 - 05.10,2.0
Маркеты,Яндекс Маркет (Органика),Продажи,06.10 - 12.10,1.0
Маркеты,Яндекс Маркет (Органика),Продажи,13.10 - 19.10,0.0
Маркеты,Яндекс Маркет (Органика),Продажи,20.10 - 26.10,4.0
Маркеты,Яндекс Маркет (Органика),Продажи,27.10 - 31.10,
Маркеты,Яндекс Маркет (Внутр. реклама),Расход,19.05 - 25.05,476.85
Маркеты,Яндекс Маркет (Внутр. реклама),Расход,26.05 - 31.05,699.6
Маркеты,Яндекс Маркет (Внутр. реклама),Расход,01.06 - 08.06,407
Маркеты,Яндекс Маркет (Внутр. реклама),Расход,09.06 - 15.06,0
Маркеты,Яндекс Маркет (Внутр. реклама),Расход,16.06 - 22.06,0
Маркеты,Яндекс Маркет (Внутр. реклама),Расход,23.06 - 30.06,0
Маркеты,Яндекс Маркет (Внутр. реклама),Расход,01.07 - 06.07,0
Маркеты,Яндекс Маркет (Внутр. реклама),Расход,07.07 - 13.07,0
Маркеты,Яндекс Маркет (Внутр. реклама),Расход,14.07 - 20.07,0
Маркеты,Яндекс Маркет (Внутр. реклама),Расход,21.07 - 27.07,0
Маркеты,Яндекс Маркет (Внутр. реклама),Расход,28.07 - 31.07,0
Маркеты,Яндекс Маркет (Внутр. реклама),Расход,01.08 - 03.08,0
Маркеты,Яндекс Маркет (Внутр. реклама),Расход,04.08 - 10.08,0
Маркеты,Яндекс Маркет (Внутр. реклама),Расход,11.08 - 17.08,0
Маркеты,Яндекс Маркет (Внутр. реклама),Расход,18.08 - 24.08,0
Маркеты,Яндекс Маркет (Внутр. реклама),Расход,25.08 - 31.08,0
Маркеты,Яндекс Маркет (Внутр. реклама),Расход,01.09 - 07.09,0
Маркеты,Яндекс Маркет (Внутр. реклама),Расход,08.09 - 14.09,0
Маркеты,Яндекс Маркет (Внутр. реклама),Расход,15.09 - 21.09,0
Маркеты,Яндекс Маркет (Внутр. реклама),Расход,22.09 - 28.09,0
Маркеты,Яндекс Маркет (Внутр. реклама),Расход,29.09 - 30.09,0
Маркеты,Яндекс Маркет (Внутр. реклама),Расход,01.10 - 05.10,0
Маркеты,Яндекс Маркет (Внутр. реклама),Расход,06.10 - 12.10,0
Маркеты,Яндекс Маркет (Внутр. реклама),Расход,13.10 - 19.10,0
Маркеты,Яндекс Маркет (Внутр. реклама),Расход,20.10 - 26.10,0
Маркеты,Яндекс Маркет (Внутр. реклама),Расход,27.10 - 31.10,0
Маркеты,Яндекс Маркет (Внутр. реклама),Показы,19.05 - 25.05,196
Маркеты,Яндекс Маркет (Внутр. реклама),Показы,26.05 - 31.05,195
Маркеты,Яндекс Маркет (Внутр. реклама),Показы,01.06 - 08.06,225
Маркеты,Яндекс Маркет (Внутр. реклама),Показы,09.06 - 15.06,300
Маркеты,Яндекс Маркет (Внутр. реклама),Показы,16.06 - 22.06,0
Маркеты,Яндекс Маркет (Внутр. реклама),Показы,23.06 - 30.06,0
Маркеты,Яндекс Маркет (Внутр. реклама),Показы,01.07 - 06.07,0
Маркеты,Яндекс Маркет (Внутр. реклама),Показы,07.07 - 13.07,0
Маркеты,Яндекс Маркет (Внутр. реклама),Показы,14.07 - 20.07,0
Маркеты,Яндекс Маркет (Внутр. реклама),Показы,21.07 - 27.07,0
Маркеты,Яндекс Маркет (Внутр. реклама),Показы,28.07 - 31.07,0
Маркеты,Яндекс Маркет (Внутр. реклама),Показы,01.08 - 03.08,36
Маркеты,Яндекс Маркет (Внутр. реклама),Показы,04.08 - 10.08,96
Маркеты,Яндекс Маркет (Внутр. реклама),Показы,11.08 - 17.08,8
Маркеты,Яндекс Маркет (Внутр. реклама),Показы,18.08 - 24.08,0
Маркеты,Яндекс Маркет (Внутр. реклама),Показы,25.08 - 31.08,0
Маркеты,Яндекс Маркет (Внутр. реклама),Показы,01.09 - 07.09,0
Маркеты,Яндекс Маркет (Внутр. реклама),Показы,08.09 - 14.09,0
Маркеты,Яндекс Маркет (Внутр. реклама),Показы,15.09 - 21.09,0
Маркеты,Яндекс Маркет (Внутр. реклама),Показы,22.09 - 28.09,0
Маркеты,Яндекс Маркет (Внутр. реклама),Показы,29.09 - 30.09,0
Маркеты,Яндекс Маркет (Внутр. реклама),Показы,01.10 - 05.10,0
Маркеты,Яндекс Маркет (Внутр. реклама),Показы,06.10 - 12.10,0
Маркеты,Яндекс Маркет (Внутр. реклама),Показы,13.10 - 19.10,0
Маркеты,Яндекс Маркет (Внутр. реклама),Показы,20.10 - 26.10,0
Маркеты,Яндекс Маркет (Внутр. реклама),Показы,27.10 - 31.10,0
Маркеты,Яндекс Маркет (Внутр. реклама),Клики,19.05 - 25.05,8
Маркеты,Яндекс Маркет (Внутр. реклама),Клики,26.05 - 31.05,8
Маркеты,Яндекс Маркет (Внутр. реклама),Клики,01.06 - 08.06,11
Маркеты,Яндекс Маркет (Внутр. реклама),Клики,09.06 - 15.06,13
Маркеты,Яндекс Маркет (Внутр. реклама),Клики,16.06 - 22.06,0
Маркеты,Яндекс Маркет (Внутр. реклама),Клики,23.06 - 30.06,0
Маркеты,Яндекс Маркет (Внутр. реклама),Клики,01.07 - 06.07,0
Маркеты,Яндекс Маркет (Внутр. реклама),Клики,07.07 - 13.07,0
Маркеты,Яндекс Маркет (Внутр. реклама),Клики,14.07 - 20.07,0
Маркеты,Яндекс Маркет (Внутр. реклама),Клики,21.07 - 27.07,0
Маркеты,Яндекс Маркет (Внутр. реклама),Клики,28.07 - 31.07,0
Маркеты,Яндекс Маркет (Внутр. реклама),Клики,01.08 - 03.08,6
Маркеты,Яндекс Маркет (Внутр. реклама),Клики,04.08 - 10.08,6
Маркеты,Яндекс Маркет (Внутр. реклама),Клики,11.08 - 17.08,0
Маркеты,Яндекс Маркет (Внутр. реклама),Клики,18.08 - 24.08,0
Маркеты,Яндекс Маркет (Внутр. реклама),Клики,25.08 - 31.08,0
Маркеты,Яндекс Маркет (Внутр. реклама),Клики,01.09 - 07.09,0
Маркеты,Яндекс Маркет (Внутр. реклама),Клики,08.09 - 14.09,0
Маркеты,Яндекс Маркет (Внутр. реклама),Клики,15.09 - 21.09,0
Маркеты,Яндекс Маркет (Внутр. реклама),Клики,22.09 - 28.09,0
Маркеты,Яндекс Маркет (Внутр. реклама),Клики,29.09 - 30.09,0
Маркеты,Яндекс Маркет (Внутр. реклама),Клики,01.10 - 05.10,0
Маркеты,Яндекс Маркет (Внутр. реклама),Клики,06.10 - 12.10,0
Маркеты,Яндекс Маркет (Внутр. реклама),Клики,13.10 - 19.10,0
Маркеты,Яндекс Маркет (Внутр. реклама),Клики,20.10 - 26.10,0
Маркеты,Яндекс Маркет (Внутр. реклама),Клики,27.10 - 31.10,0
Маркеты,Яндекс Маркет (Внутр. реклама),Сессии,19.05 - 25.05,8
Маркеты,Яндекс Маркет (Внутр. реклама),Сессии,26.05 - 31.05,8
Маркеты,Яндекс Маркет (Внутр. реклама),Сессии,01.06 - 08.06,11
Маркеты,Яндекс Маркет (Внутр. реклама),Сессии,09.06 - 15.06,13
Маркеты,Яндекс Маркет (Внутр. реклама),Сессии,16.06 - 22.06,0
Маркеты,Яндекс Маркет (Внутр. реклама),Сессии,23.06 - 30.06,0
Маркеты,Яндекс Маркет (Внутр. реклама),Сессии,01.07 - 06.07,0
Маркеты,Яндекс Маркет (Внутр. реклама),Сессии,07.07 - 13.07,0
Маркеты,Яндекс Маркет (Внутр. реклама),Сессии,14.07 - 20.07,0
Маркеты,Яндекс Маркет (Внутр. реклама),Сессии,21.07 - 27.07,0
Маркеты,Яндекс Маркет (Внутр. реклама),Сессии,28.07 - 31.07,0
Маркеты,Яндекс Маркет (Внутр. реклама),Сессии,01.08 - 03.08,6
Маркеты,Яндекс Маркет (Внутр. реклама),Сессии,04.08 - 10.08,6
Маркеты,Яндекс Маркет (Внутр. реклама),Сессии,11.08 - 17.08,0
Маркеты,Яндекс Маркет (Внутр. реклама),Сессии,18.08 - 24.08,0
Маркеты,Яндекс Маркет (Внутр. реклама),Сессии,25.08 - 31.08,0
Маркеты,Яндекс Маркет (Внутр. реклама),Сессии,01.09 - 07.09,0
Маркеты,Яндекс Маркет (Внутр. реклама),Сессии,08.09 - 14.09,0
Маркеты,Яндекс Маркет (Внутр. реклама),Сессии,15.09 - 21.09,0
Маркеты,Яндекс Маркет (Внутр. реклама),Сессии,22.09 - 28.09,0
Маркеты,Яндекс Маркет (Внутр. реклама),Сессии,29.09 - 30.09,0
Маркеты,Яндекс Маркет (Внутр. реклама),Сессии,01.10 - 05.10,0
Маркеты,Яндекс Маркет (Внутр. реклама),Сессии,06.10 - 12.10,0
Маркеты,Яндекс Маркет (Внутр. реклама),Сессии,13.10 - 19.10,0
Маркеты,Яндекс Маркет (Внутр. реклама),Сессии,20.10 - 26.10,0
Маркеты,Яндекс Маркет (Внутр. реклама),Сессии,27.10 - 31.10,0
Маркеты,Яндекс Маркет (Внутр. реклама),Корзина,19.05 - 25.05,2
Маркеты,Яндекс Маркет (Внутр. реклама),Корзина,26.05 - 31.05,2
Маркеты,Яндекс Маркет (Внутр. реклама),Корзина,01.06 - 08.06,1
Маркеты,Яндекс Маркет (Внутр. реклама),Корзина,09.06 - 15.06,1
Маркеты,Яндекс Маркет (Внутр. реклама),Корзина,16.06 - 22.06,0
Маркеты,Яндекс Маркет (Внутр. реклама),Корзина,23.06 - 30.06,0
Маркеты,Яндекс Маркет (Внутр. реклама),Корзина,01.07 - 06.07,0
Маркеты,Яндекс Маркет (Внутр. реклама),Корзина,07.07 - 13.07,0
Маркеты,Яндекс Маркет (Внутр. реклама),Корзина,14.07 - 20.07,0
Маркеты,Яндекс Маркет (Внутр. реклама),Корзина,21.07 - 27.07,0
Маркеты,Яндекс Маркет (Внутр. реклама),Корзина,28.07 - 31.07,0
Маркеты,Яндекс Маркет (Внутр. реклама),Корзина,01.08 - 03.08,1
Маркеты,Яндекс Маркет (Внутр. реклама),Корзина,04.08 - 10.08,1
Маркеты,Яндекс Маркет (Внутр. реклама),Корзина,11.08 - 17.08,0
Маркеты,Яндекс Маркет (Внутр. реклама),Корзина,18.08 - 24.08,0
Маркеты,Яндекс Маркет (Внутр. реклама),Корзина,25.08 - 31.08,0
Маркеты,Яндекс Маркет (Внутр. реклама),Корзина,01.09 - 07.09,0
Маркеты,Яндекс Маркет (Внутр. реклама),Корзина,08.09 - 14.09,0
Маркеты,Яндекс Маркет (Внутр. реклама),Корзина,15.09 - 21.09,0
Маркеты,Яндекс Маркет (Внутр. реклама),Корзина,22.09 - 28.09,0
Маркеты,Яндекс Маркет (Внутр. реклама),Корзина,29.09 - 30.09,0
Маркеты,Яндекс Маркет (Внутр. реклама),Корзина,01.10 - 05.10,0
Маркеты,Яндекс Маркет (Внутр. реклама),Корзина,06.10 - 12.10,0
Маркеты,Яндекс Маркет (Внутр. реклама),Корзина,13.10 - 19.10,0
Маркеты,Яндекс Маркет (Внутр. реклама),Корзина,20.10 - 26.10,0
Маркеты,Яндекс Маркет (Внутр. реклама),Корзина,27.10 - 31.10,0
Маркеты,Яндекс Маркет (Внутр. реклама),Стоимост. клика,19.05 - 25.05,59.60625
Маркеты,Яндекс Маркет (Внутр. реклама),Стоимост. клика,26.05 - 31.05,87.45
Маркеты,Яндекс Маркет (Внутр. реклама),Стоимост. клика,01.06 - 08.06,37
Маркеты,Яндекс Маркет (Внутр. реклама),Стоимост. клика,09.06 - 15.06,0
Маркеты,Яндекс Маркет (Внутр. реклама),Стоимост. клика,16.06 - 22.06,#DIV/0!
Маркеты,Яндекс Маркет (Внутр. реклама),Стоимост. клика,23.06 - 30.06,#DIV/0!
Маркеты,Яндекс Маркет (Внутр. реклама),Стоимост. клика,01.07 - 06.07,#DIV/0!
Маркеты,Яндекс Маркет (Внутр. реклама),Стоимост. клика,07.07 - 13.07,#DIV/0!
Маркеты,Яндекс Маркет (Внутр. реклама),Стоимост. клика,14.07 - 20.07,#DIV/0!
Маркеты,Яндекс Маркет (Внутр. реклама),Стоимост. клика,21.07 - 27.07,#DIV/0!
Маркеты,Яндекс Маркет (Внутр. реклама),Стоимост. клика,28.07 - 31.07,#DIV/0!
Маркеты,Яндекс Маркет (Внутр. реклама),Стоимост. клика,01.08 - 03.08,0
Маркеты,Яндекс Маркет (Внутр. реклама),Стоимост. клика,04.08 - 10.08,0
Маркеты,Яндекс Маркет (Внутр. реклама),Стоимост. клика,11.08 - 17.08,#DIV/0!
Маркеты,Яндекс Маркет (Внутр. реклама),Стоимост. клика,18.08 - 24.08,#DIV/0!
Маркеты,Яндекс Маркет (Внутр. реклама),Стоимост. клика,25.08 - 31.08,#DIV/0!
Маркеты,Яндекс Маркет (Внутр. реклама),Стоимост. клика,01.09 - 07.09,#DIV/0!
Маркеты,Яндекс Маркет (Внутр. реклама),Стоимост. клика,08.09 - 14.09,#DIV/0!
Маркеты,Яндекс Маркет (Внутр. реклама),Стоимост. клика,15.09 - 21.09,#DIV/0!
Маркеты,Яндекс Маркет (Внутр. реклама),Стоимост. клика,22.09 - 28.09,#DIV/0!
Маркеты,Яндекс Маркет (Внутр. реклама),Стоимост. клика,29.09 - 30.09,#DIV/0!
Маркеты,Яндекс Маркет (Внутр. реклама),Стоимост. клика,01.10 - 05.10,#DIV/0!
Маркеты,Яндекс Маркет (Внутр. реклама),Стоимост. клика,06.10 - 12.10,#DIV/0!
Маркеты,Яндекс Маркет (Внутр. реклама),Стоимост. клика,13.10 - 19.10,#DIV/0!
Маркеты,Яндекс Маркет (Внутр. реклама),Стоимост. клика,20.10 - 26.10,#DIV/0!
Маркеты,Яндекс Маркет (Внутр. реклама),Стоимост. клика,27.10 - 31.10,#DIV/0!
Маркеты,Яндекс Маркет (Внутр. реклама),Стоимост. сессии,19.05 - 25.05,59.60625
Маркеты,Яндекс Маркет (Внутр. реклама),Стоимост. сессии,26.05 - 31.05,87.45
Маркеты,Яндекс Маркет (Внутр. реклама),Стоимост. сессии,01.06 - 08.06,37
Маркеты,Яндекс Маркет (Внутр. реклама),Стоимост. сессии,09.06 - 15.06,0
Маркеты,Яндекс Маркет (Внутр. реклама),Стоимост. сессии,16.06 - 22.06,#DIV/0!
Маркеты,Яндекс Маркет (Внутр. реклама),Стоимост. сессии,23.06 - 30.06,#DIV/0!
Маркеты,Яндекс Маркет (Внутр. реклама),Стоимост. сессии,01.07 - 06.07,#DIV/0!
Маркеты,Яндекс Маркет (Внутр. реклама),Стоимост. сессии,07.07 - 13.07,#DIV/0!
Маркеты,Яндекс Маркет (Внутр. реклама),Стоимост. сессии,14.07 - 20.07,#DIV/0!
Маркеты,Яндекс Маркет (Внутр. реклама),Стоимост. сессии,21.07 - 27.07,#DIV/0!
Маркеты,Яндекс Маркет (Внутр. реклама),Стоимост. сессии,28.07 - 31.07,#DIV/0!
Маркеты,Яндекс Маркет (Внутр. реклама),Стоимост. сессии,01.08 - 03.08,0
Маркеты,Яндекс Маркет (Внутр. реклама),Стоимост. сессии,04.08 - 10.08,0
Маркеты,Яндекс Маркет (Внутр. реклама),Стоимост. сессии,11.08 - 17.08,#DIV/0!
Маркеты,Яндекс Маркет (Внутр. реклама),Стоимост. сессии,18.08 - 24.08,#DIV/0!
Маркеты,Яндекс Маркет (Внутр. реклама),Стоимост. сессии,25.08 - 31.08,#DIV/0!
Маркеты,Яндекс Маркет (Внутр. реклама),Стоимост. сессии,01.09 - 07.09,#DIV/0!
Маркеты,Яндекс Маркет (Внутр. реклама),Стоимост. сессии,08.09 - 14.09,#DIV/0!
Маркеты,Яндекс Маркет (Внутр. реклама),Стоимост. сессии,15.09 - 21.09,#DIV/0!
Маркеты,Яндекс Маркет (Внутр. реклама),Стоимост. сессии,22.09 - 28.09,#DIV/0!
Маркеты,Яндекс Маркет (Внутр. реклама),Стоимост. сессии,29.09 - 30.09,#DIV/0!
Маркеты,Яндекс Маркет (Внутр. реклама),Стоимост. сессии,01.10 - 05.10,#DIV/0!
Маркеты,Яндекс Маркет (Внутр. реклама),Стоимост. сессии,06.10 - 12.10,#DIV/0!
Маркеты,Яндекс Маркет (Внутр. реклама),Стоимост. сессии,13.10 - 19.10,#DIV/0!
Маркеты,Яндекс Маркет (Внутр. реклама),Стоимост. сессии,20.10 - 26.10,#DIV/0!
Маркеты,Яндекс Маркет (Внутр. реклама),Стоимост. сессии,27.10 - 31.10,#DIV/0!
Маркеты,Яндекс Маркет (Внутр. реклама),Стоимост. корзины,19.05 - 25.05,238.425
Маркеты,Яндекс Маркет (Внутр. реклама),Стоимост. корзины,26.05 - 31.05,349.8
Маркеты,Яндекс Маркет (Внутр. реклама),Стоимост. корзины,01.06 - 08.06,407
Маркеты,Яндекс Маркет (Внутр. реклама),Стоимост. корзины,09.06 - 15.06,0
Маркеты,Яндекс Маркет (Внутр. реклама),Стоимост. корзины,16.06 - 22.06,0
Маркеты,Яндекс Маркет (Внутр. реклама),Стоимост. корзины,23.06 - 30.06,0
Маркеты,Яндекс Маркет (Внутр. реклама),Стоимост. корзины,01.07 - 06.07,0
Маркеты,Яндекс Маркет (Внутр. реклама),Стоимост. корзины,07.07 - 13.07,0
Маркеты,Яндекс Маркет (Внутр. реклама),Стоимост. корзины,14.07 - 20.07,0
Маркеты,Яндекс Маркет (Внутр. реклама),Стоимост. корзины,21.07 - 27.07,0
Маркеты,Яндекс Маркет (Внутр. реклама),Стоимост. корзины,28.07 - 31.07,0
Маркеты,Яндекс Маркет (Внутр. реклама),Стоимост. корзины,01.08 - 03.08,0
Маркеты,Яндекс Маркет (Внутр. реклама),Стоимост. корзины,04.08 - 10.08,0
Маркеты,Яндекс Маркет (Внутр. реклама),Стоимост. корзины,11.08 - 17.08,0
Маркеты,Яндекс Маркет (Внутр. реклама),Стоимост. корзины,18.08 - 24.08,0
Маркеты,Яндекс Маркет (Внутр. реклама),Стоимост. корзины,25.08 - 31.08,0
Маркеты,Яндекс Маркет (Внутр. реклама),Стоимост. корзины,01.09 - 07.09,0
Маркеты,Яндекс Маркет (Внутр. реклама),Стоимост. корзины,08.09 - 14.09,0
Маркеты,Яндекс Маркет (Внутр. реклама),Стоимост. корзины,15.09 - 21.09,0
Маркеты,Яндекс Маркет (Внутр. реклама),Стоимост. корзины,22.09 - 28.09,0
Маркеты,Яндекс Маркет (Внутр. реклама),Стоимост. корзины,29.09 - 30.09,0
Маркеты,Яндекс Маркет (Внутр. реклама),Стоимост. корзины,01.10 - 05.10,0
Маркеты,Яндекс Маркет (Внутр. реклама),Стоимост. корзины,06.10 - 12.10,0
Маркеты,Яндекс Маркет (Внутр. реклама),Стоимост. корзины,13.10 - 19.10,0
Маркеты,Яндекс Маркет (Внутр. реклама),Стоимост. корзины,20.10 - 26.10,0
Маркеты,Яндекс Маркет (Внутр. реклама),Стоимост. корзины,27.10 - 31.10,0
Маркеты,Яндекс Маркет (Внутр. реклама),% сессия / корзина,19.05 - 25.05,0.25
Маркеты,Яндекс Маркет (Внутр. реклама),% сессия / корзина,26.05 - 31.05,0.25
Маркеты,Яндекс Маркет (Внутр. реклама),% сессия / корзина,01.06 - 08.06,0.09090909091
Маркеты,Яндекс Маркет (Внутр. реклама),% сессия / корзина,09.06 - 15.06,0.07692307692
Маркеты,Яндекс Маркет (Внутр. реклама),% сессия / корзина,16.06 - 22.06,0
Маркеты,Яндекс Маркет (Внутр. реклама),% сессия / корзина,23.06 - 30.06,0
Маркеты,Яндекс Маркет (Внутр. реклама),% сессия / корзина,01.07 - 06.07,0
Маркеты,Яндекс Маркет (Внутр. реклама),% сессия / корзина,07.07 - 13.07,0
Маркеты,Яндекс Маркет (Внутр. реклама),% сессия / корзина,14.07 - 20.07,0
Маркеты,Яндекс Маркет (Внутр. реклама),% сессия / корзина,21.07 - 27.07,0
Маркеты,Яндекс Маркет (Внутр. реклама),% сессия / корзина,28.07 - 31.07,0
Маркеты,Яндекс Маркет (Внутр. реклама),% сессия / корзина,01.08 - 03.08,0.1666666667
Маркеты,Яндекс Маркет (Внутр. реклама),% сессия / корзина,04.08 - 10.08,0.1666666667
Маркеты,Яндекс Маркет (Внутр. реклама),% сессия / корзина,11.08 - 17.08,0
Маркеты,Яндекс Маркет (Внутр. реклама),% сессия / корзина,18.08 - 24.08,0
Маркеты,Яндекс Маркет (Внутр. реклама),% сессия / корзина,25.08 - 31.08,0
Маркеты,Яндекс Маркет (Внутр. реклама),% сессия / корзина,01.09 - 07.09,0
Маркеты,Яндекс Маркет (Внутр. реклама),% сессия / корзина,08.09 - 14.09,0
Маркеты,Яндекс Маркет (Внутр. реклама),% сессия / корзина,15.09 - 21.09,0
Маркеты,Яндекс Маркет (Внутр. реклама),% сессия / корзина,22.09 - 28.09,0
Маркеты,Яндекс Маркет (Внутр. реклама),% сессия / корзина,29.09 - 30.09,0
Маркеты,Яндекс Маркет (Внутр. реклама),% сессия / корзина,01.10 - 05.10,0
Маркеты,Яндекс Маркет (Внутр. реклама),% сессия / корзина,06.10 - 12.10,0
Маркеты,Яндекс Маркет (Внутр. реклама),% сессия / корзина,13.10 - 19.10,0
Маркеты,Яндекс Маркет (Внутр. реклама),% сессия / корзина,20.10 - 26.10,0
Маркеты,Яндекс Маркет (Внутр. реклама),% сессия / корзина,27.10 - 31.10,0
Маркеты,Буст продаж,Расход,19.05 - 25.05,476.85
Маркеты,Буст продаж,Расход,26.05 - 31.05,699.6
Маркеты,Буст продаж,Расход,01.06 - 08.06,407.0
Маркеты,Буст продаж,Расход,09.06 - 15.06,0.0
Маркеты,Буст продаж,Расход,16.06 - 22.06,
Маркеты,Буст продаж,Расход,23.06 - 30.06,
Маркеты,Буст продаж,Расход,01.07 - 06.07,
Маркеты,Буст продаж,Расход,07.07 - 13.07,
Маркеты,Буст продаж,Расход,14.07 - 20.07,
Маркеты,Буст продаж,Расход,21.07 - 27.07,
Маркеты,Буст продаж,Расход,28.07 - 31.07,
Маркеты,Буст продаж,Расход,01.08 - 03.08,0.0
Маркеты,Буст продаж,Расход,04.08 - 10.08,0.0
Маркеты,Буст продаж,Расход,11.08 - 17.08,0.0
Маркеты,Буст продаж,Расход,18.08 - 24.08,
Маркеты,Буст продаж,Расход,25.08 - 31.08,
Маркеты,Буст продаж,Расход,01.09 - 07.09,
Маркеты,Буст продаж,Расход,08.09 - 14.09,
Маркеты,Буст продаж,Расход,15.09 - 21.09,
Маркеты,Буст продаж,Расход,22.09 - 28.09,
Маркеты,Буст продаж,Расход,29.09 - 30.09,
Маркеты,Буст продаж,Расход,01.10 - 05.10,
Маркеты,Буст продаж,Расход,06.10 - 12.10,
Маркеты,Буст продаж,Расход,13.10 - 19.10,
Маркеты,Буст продаж,Расход,20.10 - 26.10,
Маркеты,Буст продаж,Расход,27.10 - 31.10,
Маркеты,Буст продаж,Показы,19.05 - 25.05,196.0
Маркеты,Буст продаж,Показы,26.05 - 31.05,195.0
Маркеты,Буст продаж,Показы,01.06 - 08.06,225.0
Маркеты,Буст продаж,Показы,09.06 - 15.06,300.0
Маркеты,Буст продаж,Показы,16.06 - 22.06,
Маркеты,Буст продаж,Показы,23.06 - 30.06,
Маркеты,Буст продаж,Показы,01.07 - 06.07,
Маркеты,Буст продаж,Показы,07.07 - 13.07,
Маркеты,Буст продаж,Показы,14.07 - 20.07,
Маркеты,Буст продаж,Показы,21.07 - 27.07,
Маркеты,Буст продаж,Показы,28.07 - 31.07,
Маркеты,Буст продаж,Показы,01.08 - 03.08,36.0
Маркеты,Буст продаж,Показы,04.08 - 10.08,96.0
Маркеты,Буст продаж,Показы,11.08 - 17.08,8.0
Маркеты,Буст продаж,Показы,18.08 - 24.08,
Маркеты,Буст продаж,Показы,25.08 - 31.08,
Маркеты,Буст продаж,Показы,01.09 - 07.09,
Маркеты,Буст продаж,Показы,08.09 - 14.09,
Маркеты,Буст продаж,Показы,15.09 - 21.09,
Маркеты,Буст продаж,Показы,22.09 - 28.09,
Маркеты,Буст продаж,Показы,29.09 - 30.09,
Маркеты,Буст продаж,Показы,01.10 - 05.10,
Маркеты,Буст продаж,Показы,06.10 - 12.10,
Маркеты,Буст продаж,Показы,13.10 - 19.10,
Маркеты,Буст продаж,Показы,20.10 - 26.10,
Маркеты,Буст продаж,Показы,27.10 - 31.10,
Маркеты,Буст продаж,Клики,19.05 - 25.05,8.0
Маркеты,Буст продаж,Клики,26.05 - 31.05,8.0
Маркеты,Буст продаж,Клики,01.06 - 08.06,11.0
Маркеты,Буст продаж,Клики,09.06 - 15.06,13.0
Маркеты,Буст продаж,Клики,16.06 - 22.06,
Маркеты,Буст продаж,Клики,23.06 - 30.06,
Маркеты,Буст продаж,Клики,01.07 - 06.07,
Маркеты,Буст продаж,Клики,07.07 - 13.07,
Маркеты,Буст продаж,Клики,14.07 - 20.07,
Маркеты,Буст продаж,Клики,21.07 - 27.07,
Маркеты,Буст продаж,Клики,28.07 - 31.07,
Маркеты,Буст продаж,Клики,01.08 - 03.08,6.0
Маркеты,Буст продаж,Клики,04.08 - 10.08,6.0
Маркеты,Буст продаж,Клики,11.08 - 17.08,0.0
Маркеты,Буст продаж,Клики,18.08 - 24.08,
Маркеты,Буст продаж,Клики,25.08 - 31.08,
Маркеты,Буст продаж,Клики,01.09 - 07.09,
Маркеты,Буст продаж,Клики,08.09 - 14.09,
Маркеты,Буст продаж,Клики,15.09 - 21.09,
Маркеты,Буст продаж,Клики,22.09 - 28.09,
Маркеты,Буст продаж,Клики,29.09 - 30.09,
Маркеты,Буст продаж,Клики,01.10 - 05.10,
Маркеты,Буст продаж,Клики,06.10 - 12.10,
Маркеты,Буст продаж,Клики,13.10 - 19.10,
Маркеты,Буст продаж,Клики,20.10 - 26.10,
Маркеты,Буст продаж,Клики,27.10 - 31.10,
Маркеты,Буст продаж,Сессии,19.05 - 25.05,8.0
Маркеты,Буст продаж,Сессии,26.05 - 31.05,8.0
Маркеты,Буст продаж,Сессии,01.06 - 08.06,11.0
Маркеты,Буст продаж,Сессии,09.06 - 15.06,13.0
Маркеты,Буст продаж,Сессии,16.06 - 22.06,
Маркеты,Буст продаж,Сессии,23.06 - 30.06,
Маркеты,Буст продаж,Сессии,01.07 - 06.07,
Маркеты,Буст продаж,Сессии,07.07 - 13.07,
Маркеты,Буст продаж,Сессии,14.07 - 20.07,
Маркеты,Буст продаж,Сессии,21.07 - 27.07,
Маркеты,Буст продаж,Сессии,28.07 - 31.07,
Маркеты,Буст продаж,Сессии,01.08 - 03.08,6.0
Маркеты,Буст продаж,Сессии,04.08 - 10.08,6
Маркеты,Буст продаж,Сессии,11.08 - 17.08,0
Маркеты,Буст продаж,Сессии,18.08 - 24.08,
Маркеты,Буст продаж,Сессии,25.08 - 31.08,
Маркеты,Буст продаж,Сессии,01.09 - 07.09,
Маркеты,Буст продаж,Сессии,08.09 - 14.09,
Маркеты,Буст продаж,Сессии,15.09 - 21.09,
Маркеты,Буст продаж,Сессии,22.09 - 28.09,
Маркеты,Буст продаж,Сессии,29.09 - 30.09,
Маркеты,Буст продаж,Сессии,01.10 - 05.10,
Маркеты,Буст продаж,Сессии,06.10 - 12.10,
Маркеты,Буст продаж,Сессии,13.10 - 19.10,
Маркеты,Буст продаж,Сессии,20.10 - 26.10,
Маркеты,Буст продаж,Сессии,27.10 - 31.10,
Маркеты,Буст продаж,Корзина,19.05 - 25.05,2.0
Маркеты,Буст продаж,Корзина,26.05 - 31.05,2.0
Маркеты,Буст продаж,Корзина,01.06 - 08.06,1.0
Маркеты,Буст продаж,Корзина,09.06 - 15.06,1.0
Маркеты,Буст продаж,Корзина,16.06 - 22.06,
Маркеты,Буст продаж,Корзина,23.06 - 30.06,
Маркеты,Буст продаж,Корзина,01.07 - 06.07,
Маркеты,Буст продаж,Корзина,07.07 - 13.07,
Маркеты,Буст продаж,Корзина,14.07 - 20.07,
Маркеты,Буст продаж,Корзина,21.07 - 27.07,
Маркеты,Буст продаж,Корзина,28.07 - 31.07,
Маркеты,Буст продаж,Корзина,01.08 - 03.08,1.0
Маркеты,Буст продаж,Корзина,04.08 - 10.08,1.0
Маркеты,Буст продаж,Корзина,11.08 - 17.08,0.0
Маркеты,Буст продаж,Корзина,18.08 - 24.08,
Маркеты,Буст продаж,Корзина,25.08 - 31.08,
Маркеты,Буст продаж,Корзина,01.09 - 07.09,
Маркеты,Буст продаж,Корзина,08.09 - 14.09,
Маркеты,Буст продаж,Корзина,15.09 - 21.09,
Маркеты,Буст продаж,Корзина,22.09 - 28.09,
Маркеты,Буст продаж,Корзина,29.09 - 30.09,
Маркеты,Буст продаж,Корзина,01.10 - 05.10,
Маркеты,Буст продаж,Корзина,06.10 - 12.10,
Маркеты,Буст продаж,Корзина,13.10 - 19.10,
Маркеты,Буст продаж,Корзина,20.10 - 26.10,
Маркеты,Буст продаж,Корзина,27.10 - 31.10,
Маркеты,Буст продаж,Стоимост. клика,19.05 - 25.05,59.60625
Маркеты,Буст продаж,Стоимост. клика,26.05 - 31.05,87.45
Маркеты,Буст продаж,Стоимост. клика,01.06 - 08.06,37
Маркеты,Буст продаж,Стоимост. клика,09.06 - 15.06,0
Маркеты,Буст продаж,Стоимост. клика,16.06 - 22.06,#DIV/0!
Маркеты,Буст продаж,Стоимост. клика,23.06 - 30.06,#DIV/0!
Маркеты,Буст продаж,Стоимост. клика,01.07 - 06.07,#DIV/0!
Маркеты,Буст продаж,Стоимост. клика,07.07 - 13.07,#DIV/0!
Маркеты,Буст продаж,Стоимост. клика,14.07 - 20.07,#DIV/0!
Маркеты,Буст продаж,Стоимост. клика,21.07 - 27.07,#DIV/0!
Маркеты,Буст продаж,Стоимост. клика,28.07 - 31.07,#DIV/0!
Маркеты,Буст продаж,Стоимост. клика,01.08 - 03.08,0
Маркеты,Буст продаж,Стоимост. клика,04.08 - 10.08,0
Маркеты,Буст продаж,Стоимост. клика,11.08 - 17.08,#DIV/0!
Маркеты,Буст продаж,Стоимост. клика,18.08 - 24.08,#DIV/0!
Маркеты,Буст продаж,Стоимост. клика,25.08 - 31.08,#DIV/0!
Маркеты,Буст продаж,Стоимост. клика,01.09 - 07.09,#DIV/0!
Маркеты,Буст продаж,Стоимост. клика,08.09 - 14.09,#DIV/0!
Маркеты,Буст продаж,Стоимост. клика,15.09 - 21.09,#DIV/0!
Маркеты,Буст продаж,Стоимост. клика,22.09 - 28.09,#DIV/0!
Маркеты,Буст продаж,Стоимост. клика,29.09 - 30.09,#DIV/0!
Маркеты,Буст продаж,Стоимост. клика,01.10 - 05.10,#DIV/0!
Маркеты,Буст продаж,Стоимост. клика,06.10 - 12.10,#DIV/0!
Маркеты,Буст продаж,Стоимост. клика,13.10 - 19.10,#DIV/0!
Маркеты,Буст продаж,Стоимост. клика,20.10 - 26.10,#DIV/0!
Маркеты,Буст продаж,Стоимост. клика,27.10 - 31.10,#DIV/0!
Маркеты,Буст продаж,Стоимост. сессии,19.05 - 25.05,59.60625
Маркеты,Буст продаж,Стоимост. сессии,26.05 - 31.05,87.45
Маркеты,Буст продаж,Стоимост. сессии,01.06 - 08.06,37
Маркеты,Буст продаж,Стоимост. сессии,09.06 - 15.06,0
Маркеты,Буст продаж,Стоимост. сессии,16.06 - 22.06,#DIV/0!
Маркеты,Буст продаж,Стоимост. сессии,23.06 - 30.06,#DIV/0!
Маркеты,Буст продаж,Стоимост. сессии,01.07 - 06.07,#DIV/0!
Маркеты,Буст продаж,Стоимост. сессии,07.07 - 13.07,#DIV/0!
Маркеты,Буст продаж,Стоимост. сессии,14.07 - 20.07,#DIV/0!
Маркеты,Буст продаж,Стоимост. сессии,21.07 - 27.07,#DIV/0!
Маркеты,Буст продаж,Стоимост. сессии,28.07 - 31.07,#DIV/0!
Маркеты,Буст продаж,Стоимост. сессии,01.08 - 03.08,0
Маркеты,Буст продаж,Стоимост. сессии,04.08 - 10.08,0
Маркеты,Буст продаж,Стоимост. сессии,11.08 - 17.08,#DIV/0!
Маркеты,Буст продаж,Стоимост. сессии,18.08 - 24.08,#DIV/0!
Маркеты,Буст продаж,Стоимост. сессии,25.08 - 31.08,#DIV/0!
Маркеты,Буст продаж,Стоимост. сессии,01.09 - 07.09,#DIV/0!
Маркеты,Буст продаж,Стоимост. сессии,08.09 - 14.09,#DIV/0!
Маркеты,Буст продаж,Стоимост. сессии,15.09 - 21.09,#DIV/0!
Маркеты,Буст продаж,Стоимост. сессии,22.09 - 28.09,#DIV/0!
Маркеты,Буст продаж,Стоимост. сессии,29.09 - 30.09,#DIV/0!
Маркеты,Буст продаж,Стоимост. сессии,01.10 - 05.10,#DIV/0!
Маркеты,Буст продаж,Стоимост. сессии,06.10 - 12.10,#DIV/0!
Маркеты,Буст продаж,Стоимост. сессии,13.10 - 19.10,#DIV/0!
Маркеты,Буст продаж,Стоимост. сессии,20.10 - 26.10,#DIV/0!
Маркеты,Буст продаж,Стоимост. сессии,27.10 - 31.10,#DIV/0!
Маркеты,Буст продаж,Стоимост. корзины,19.05 - 25.05,238.425
Маркеты,Буст продаж,Стоимост. корзины,26.05 - 31.05,349.8
Маркеты,Буст продаж,Стоимост. корзины,01.06 - 08.06,407
Маркеты,Буст продаж,Стоимост. корзины,09.06 - 15.06,0
Маркеты,Буст продаж,Стоимост. корзины,16.06 - 22.06,
Маркеты,Буст продаж,Стоимост. корзины,23.06 - 30.06,
Маркеты,Буст продаж,Стоимост. корзины,01.07 - 06.07,
Маркеты,Буст продаж,Стоимост. корзины,07.07 - 13.07,
Маркеты,Буст продаж,Стоимост. корзины,14.07 - 20.07,
Маркеты,Буст продаж,Стоимост. корзины,21.07 - 27.07,
Маркеты,Буст продаж,Стоимост. корзины,28.07 - 31.07,
Маркеты,Буст продаж,Стоимост. корзины,01.08 - 03.08,0
Маркеты,Буст продаж,Стоимост. корзины,04.08 - 10.08,0
Маркеты,Буст продаж,Стоимост. корзины,11.08 - 17.08,0
Маркеты,Буст продаж,Стоимост. корзины,18.08 - 24.08,
Маркеты,Буст продаж,Стоимост. корзины,25.08 - 31.08,
Маркеты,Буст продаж,Стоимост. корзины,01.09 - 07.09,
Маркеты,Буст продаж,Стоимост. корзины,08.09 - 14.09,
Маркеты,Буст продаж,Стоимост. корзины,15.09 - 21.09,
Маркеты,Буст продаж,Стоимост. корзины,22.09 - 28.09,
Маркеты,Буст продаж,Стоимост. корзины,29.09 - 30.09,
Маркеты,Буст продаж,Стоимост. корзины,01.10 - 05.10,
Маркеты,Буст продаж,Стоимост. корзины,06.10 - 12.10,
Маркеты,Буст продаж,Стоимост. корзины,13.10 - 19.10,
Маркеты,Буст продаж,Стоимост. корзины,20.10 - 26.10,
Маркеты,Буст продаж,Стоимост. корзины,27.10 - 31.10,
Маркеты,Буст продаж,% сессия / корзина,19.05 - 25.05,0.25
Маркеты,Буст продаж,% сессия / корзина,26.05 - 31.05,0.25
Маркеты,Буст продаж,% сессия / корзина,01.06 - 08.06,0.09090909091
Маркеты,Буст продаж,% сессия / корзина,09.06 - 15.06,0.07692307692
Маркеты,Буст продаж,% сессия / корзина,16.06 - 22.06,0
Маркеты,Буст продаж,% сессия / корзина,23.06 - 30.06,0
Маркеты,Буст продаж,% сессия / корзина,01.07 - 06.07,0
Маркеты,Буст продаж,% сессия / корзина,07.07 - 13.07,0
Маркеты,Буст продаж,% сессия / корзина,14.07 - 20.07,0
Маркеты,Буст продаж,% сессия / корзина,21.07 - 27.07,0
Маркеты,Буст продаж,% сессия / корзина,28.07 - 31.07,0
Маркеты,Буст продаж,% сессия / корзина,01.08 - 03.08,0.1666666667
Маркеты,Буст продаж,% сессия / корзина,04.08 - 10.08,0.1666666667
Маркеты,Буст продаж,% сессия / корзина,11.08 - 17.08,0
Маркеты,Буст продаж,% сессия / корзина,18.08 - 24.08,0
Маркеты,Буст продаж,% сессия / корзина,25.08 - 31.08,0
Маркеты,Буст продаж,% сессия / корзина,01.09 - 07.09,0
Маркеты,Буст продаж,% сессия / корзина,08.09 - 14.09,0
Маркеты,Буст продаж,% сессия / корзина,15.09 - 21.09,0
Маркеты,Буст продаж,% сессия / корзина,22.09 - 28.09,0
Маркеты,Буст продаж,% сессия / корзина,29.09 - 30.09,0
Маркеты,Буст продаж,% сессия / корзина,01.10 - 05.10,0
Маркеты,Буст продаж,% сессия / корзина,06.10 - 12.10,0
Маркеты,Буст продаж,% сессия / корзина,13.10 - 19.10,0
Маркеты,Буст продаж,% сессия / корзина,20.10 - 26.10,0
Маркеты,Буст продаж,% сессия / корзина,27.10 - 31.10,0
Маркеты,Мегамаркет (Органика),Корзина,19.05 - 25.05,
Маркеты,Мегамаркет (Органика),Корзина,26.05 - 31.05,
Маркеты,Мегамаркет (Органика),Корзина,01.06 - 08.06,
Маркеты,Мегамаркет (Органика),Корзина,09.06 - 15.06,
Маркеты,Мегамаркет (Органика),Корзина,16.06 - 22.06,
Маркеты,Мегамаркет (Органика),Корзина,23.06 - 30.06,
Маркеты,Мегамаркет (Органика),Корзина,01.07 - 06.07,
Маркеты,Мегамаркет (Органика),Корзина,07.07 - 13.07,
Маркеты,Мегамаркет (Органика),Корзина,14.07 - 20.07,
Маркеты,Мегамаркет (Органика),Корзина,21.07 - 27.07,
Маркеты,Мегамаркет (Органика),Корзина,28.07 - 31.07,
Маркеты,Мегамаркет (Органика),Корзина,01.08 - 03.08,
Маркеты,Мегамаркет (Органика),Корзина,04.08 - 10.08,
Маркеты,Мегамаркет (Органика),Корзина,11.08 - 17.08,
Маркеты,Мегамаркет (Органика),Корзина,18.08 - 24.08,
Маркеты,Мегамаркет (Органика),Корзина,25.08 - 31.08,
Маркеты,Мегамаркет (Органика),Корзина,01.09 - 07.09,
Маркеты,Мегамаркет (Органика),Корзина,08.09 - 14.09,
Маркеты,Мегамаркет (Органика),Корзина,15.09 - 21.09,
Маркеты,Мегамаркет (Органика),Корзина,22.09 - 28.09,
Маркеты,Мегамаркет (Органика),Корзина,29.09 - 30.09,
Маркеты,Мегамаркет (Органика),Корзина,01.10 - 05.10,
Маркеты,Мегамаркет (Органика),Корзина,06.10 - 12.10,
Маркеты,Мегамаркет (Органика),Корзина,13.10 - 19.10,
Маркеты,Мегамаркет (Органика),Корзина,20.10 - 26.10,
Маркеты,Мегамаркет (Органика),Корзина,27.10 - 31.10,
Маркеты,Мегамаркет (Органика),Продажи,19.05 - 25.05,
Маркеты,Мегамаркет (Органика),Продажи,26.05 - 31.05,
Маркеты,Мегамаркет (Органика),Продажи,01.06 - 08.06,
Маркеты,Мегамаркет (Органика),Продажи,09.06 - 15.06,
Маркеты,Мегамаркет (Органика),Продажи,16.06 - 22.06,
Маркеты,Мегамаркет (Органика),Продажи,23.06 - 30.06,
Маркеты,Мегамаркет (Органика),Продажи,01.07 - 06.07,
Маркеты,Мегамаркет (Органика),Продажи,07.07 - 13.07,
Маркеты,Мегамаркет (Органика),Продажи,14.07 - 20.07,
Маркеты,Мегамаркет (Органика),Продажи,21.07 - 27.07,
Маркеты,Мегамаркет (Органика),Продажи,28.07 - 31.07,
Маркеты,Мегамаркет (Органика),Продажи,01.08 - 03.08,
Маркеты,Мегамаркет (Органика),Продажи,04.08 - 10.08,
Маркеты,Мегамаркет (Органика),Продажи,11.08 - 17.08,
Маркеты,Мегамаркет (Органика),Продажи,18.08 - 24.08,
Маркеты,Мегамаркет (Органика),Продажи,25.08 - 31.08,
Маркеты,Мегамаркет (Органика),Продажи,01.09 - 07.09,
Маркеты,Мегамаркет (Органика),Продажи,08.09 - 14.09,
Маркеты,Мегамаркет (Органика),Продажи,15.09 - 21.09,
Маркеты,Мегамаркет (Органика),Продажи,22.09 - 28.09,
Маркеты,Мегамаркет (Органика),Продажи,29.09 - 30.09,
Маркеты,Мегамаркет (Органика),Продажи,01.10 - 05.10,
Маркеты,Мегамаркет (Органика),Продажи,06.10 - 12.10,
Маркеты,Мегамаркет (Органика),Продажи,13.10 - 19.10,
Маркеты,Мегамаркет (Органика),Продажи,20.10 - 26.10,
Маркеты,Мегамаркет (Органика),Продажи,27.10 - 31.10,
Маркеты,Мегамаркет  (Внутр. реклама),Расход,19.05 - 25.05,0
Маркеты,Мегамаркет  (Внутр. реклама),Расход,26.05 - 31.05,0
Маркеты,Мегамаркет  (Внутр. реклама),Расход,01.06 - 08.06,0
Маркеты,Мегамаркет  (Внутр. реклама),Расход,09.06 - 15.06,0
Маркеты,Мегамаркет  (Внутр. реклама),Расход,16.06 - 22.06,0
Маркеты,Мегамаркет  (Внутр. реклама),Расход,23.06 - 30.06,0
Маркеты,Мегамаркет  (Внутр. реклама),Расход,01.07 - 06.07,0
Маркеты,Мегамаркет  (Внутр. реклама),Расход,07.07 - 13.07,0
Маркеты,Мегамаркет  (Внутр. реклама),Расход,14.07 - 20.07,0
Маркеты,Мегамаркет  (Внутр. реклама),Расход,21.07 - 27.07,0
Маркеты,Мегамаркет  (Внутр. реклама),Расход,28.07 - 31.07,0
Маркеты,Мегамаркет  (Внутр. реклама),Расход,01.08 - 03.08,0
Маркеты,Мегамаркет  (Внутр. реклама),Расход,04.08 - 10.08,0
Маркеты,Мегамаркет  (Внутр. реклама),Расход,11.08 - 17.08,0
Маркеты,Мегамаркет  (Внутр. реклама),Расход,18.08 - 24.08,0
Маркеты,Мегамаркет  (Внутр. реклама),Расход,25.08 - 31.08,0
Маркеты,Мегамаркет  (Внутр. реклама),Расход,01.09 - 07.09,0
Маркеты,Мегамаркет  (Внутр. реклама),Расход,08.09 - 14.09,0
Маркеты,Мегамаркет  (Внутр. реклама),Расход,15.09 - 21.09,0
Маркеты,Мегамаркет  (Внутр. реклама),Расход,22.09 - 28.09,0
Маркеты,Мегамаркет  (Внутр. реклама),Расход,29.09 - 30.09,0
Маркеты,Мегамаркет  (Внутр. реклама),Расход,01.10 - 05.10,0
Маркеты,Мегамаркет  (Внутр. реклама),Расход,06.10 - 12.10,0
Маркеты,Мегамаркет  (Внутр. реклама),Расход,13.10 - 19.10,0
Маркеты,Мегамаркет  (Внутр. реклама),Расход,20.10 - 26.10,0
Маркеты,Мегамаркет  (Внутр. реклама),Расход,27.10 - 31.10,0
Маркеты,Мегамаркет  (Внутр. реклама),Показы,19.05 - 25.05,0
Маркеты,Мегамаркет  (Внутр. реклама),Показы,26.05 - 31.05,0
Маркеты,Мегамаркет  (Внутр. реклама),Показы,01.06 - 08.06,0
Маркеты,Мегамаркет  (Внутр. реклама),Показы,09.06 - 15.06,0
Маркеты,Мегамаркет  (Внутр. реклама),Показы,16.06 - 22.06,0
Маркеты,Мегамаркет  (Внутр. реклама),Показы,23.06 - 30.06,0
Маркеты,Мегамаркет  (Внутр. реклама),Показы,01.07 - 06.07,0
Маркеты,Мегамаркет  (Внутр. реклама),Показы,07.07 - 13.07,0
Маркеты,Мегамаркет  (Внутр. реклама),Показы,14.07 - 20.07,0
Маркеты,Мегамаркет  (Внутр. реклама),Показы,21.07 - 27.07,0
Маркеты,Мегамаркет  (Внутр. реклама),Показы,28.07 - 31.07,0
Маркеты,Мегамаркет  (Внутр. реклама),Показы,01.08 - 03.08,0
Маркеты,Мегамаркет  (Внутр. реклама),Показы,04.08 - 10.08,0
Маркеты,Мегамаркет  (Внутр. реклама),Показы,11.08 - 17.08,0
Маркеты,Мегамаркет  (Внутр. реклама),Показы,18.08 - 24.08,0
Маркеты,Мегамаркет  (Внутр. реклама),Показы,25.08 - 31.08,0
Маркеты,Мегамаркет  (Внутр. реклама),Показы,01.09 - 07.09,0
Маркеты,Мегамаркет  (Внутр. реклама),Показы,08.09 - 14.09,0
Маркеты,Мегамаркет  (Внутр. реклама),Показы,15.09 - 21.09,0
Маркеты,Мегамаркет  (Внутр. реклама),Показы,22.09 - 28.09,0
Маркеты,Мегамаркет  (Внутр. реклама),Показы,29.09 - 30.09,0
Маркеты,Мегамаркет  (Внутр. реклама),Показы,01.10 - 05.10,0
Маркеты,Мегамаркет  (Внутр. реклама),Показы,06.10 - 12.10,0
Маркеты,Мегамаркет  (Внутр. реклама),Показы,13.10 - 19.10,0
Маркеты,Мегамаркет  (Внутр. реклама),Показы,20.10 - 26.10,0
Маркеты,Мегамаркет  (Внутр. реклама),Показы,27.10 - 31.10,0
Маркеты,Мегамаркет  (Внутр. реклама),Клики,19.05 - 25.05,0
Маркеты,Мегамаркет  (Внутр. реклама),Клики,26.05 - 31.05,0
Маркеты,Мегамаркет  (Внутр. реклама),Клики,01.06 - 08.06,0
Маркеты,Мегамаркет  (Внутр. реклама),Клики,09.06 - 15.06,0
Маркеты,Мегамаркет  (Внутр. реклама),Клики,16.06 - 22.06,0
Маркеты,Мегамаркет  (Внутр. реклама),Клики,23.06 - 30.06,0
Маркеты,Мегамаркет  (Внутр. реклама),Клики,01.07 - 06.07,0
Маркеты,Мегамаркет  (Внутр. реклама),Клики,07.07 - 13.07,0
Маркеты,Мегамаркет  (Внутр. реклама),Клики,14.07 - 20.07,0
Маркеты,Мегамаркет  (Внутр. реклама),Клики,21.07 - 27.07,0
Маркеты,Мегамаркет  (Внутр. реклама),Клики,28.07 - 31.07,0
Маркеты,Мегамаркет  (Внутр. реклама),Клики,01.08 - 03.08,0
Маркеты,Мегамаркет  (Внутр. реклама),Клики,04.08 - 10.08,0
Маркеты,Мегамаркет  (Внутр. реклама),Клики,11.08 - 17.08,0
Маркеты,Мегамаркет  (Внутр. реклама),Клики,18.08 - 24.08,0
Маркеты,Мегамаркет  (Внутр. реклама),Клики,25.08 - 31.08,0
Маркеты,Мегамаркет  (Внутр. реклама),Клики,01.09 - 07.09,0
Маркеты,Мегамаркет  (Внутр. реклама),Клики,08.09 - 14.09,0
Маркеты,Мегамаркет  (Внутр. реклама),Клики,15.09 - 21.09,0
Маркеты,Мегамаркет  (Внутр. реклама),Клики,22.09 - 28.09,0
Маркеты,Мегамаркет  (Внутр. реклама),Клики,29.09 - 30.09,0
Маркеты,Мегамаркет  (Внутр. реклама),Клики,01.10 - 05.10,0
Маркеты,Мегамаркет  (Внутр. реклама),Клики,06.10 - 12.10,0
Маркеты,Мегамаркет  (Внутр. реклама),Клики,13.10 - 19.10,0
Маркеты,Мегамаркет  (Внутр. реклама),Клики,20.10 - 26.10,0
Маркеты,Мегамаркет  (Внутр. реклама),Клики,27.10 - 31.10,0
Маркеты,Мегамаркет  (Внутр. реклама),Сессии,19.05 - 25.05,0
Маркеты,Мегамаркет  (Внутр. реклама),Сессии,26.05 - 31.05,0
Маркеты,Мегамаркет  (Внутр. реклама),Сессии,01.06 - 08.06,0
Маркеты,Мегамаркет  (Внутр. реклама),Сессии,09.06 - 15.06,0
Маркеты,Мегамаркет  (Внутр. реклама),Сессии,16.06 - 22.06,0
Маркеты,Мегамаркет  (Внутр. реклама),Сессии,23.06 - 30.06,0
Маркеты,Мегамаркет  (Внутр. реклама),Сессии,01.07 - 06.07,0
Маркеты,Мегамаркет  (Внутр. реклама),Сессии,07.07 - 13.07,0
Маркеты,Мегамаркет  (Внутр. реклама),Сессии,14.07 - 20.07,0
Маркеты,Мегамаркет  (Внутр. реклама),Сессии,21.07 - 27.07,0
Маркеты,Мегамаркет  (Внутр. реклама),Сессии,28.07 - 31.07,0
Маркеты,Мегамаркет  (Внутр. реклама),Сессии,01.08 - 03.08,0
Маркеты,Мегамаркет  (Внутр. реклама),Сессии,04.08 - 10.08,0
Маркеты,Мегамаркет  (Внутр. реклама),Сессии,11.08 - 17.08,0
Маркеты,Мегамаркет  (Внутр. реклама),Сессии,18.08 - 24.08,0
Маркеты,Мегамаркет  (Внутр. реклама),Сессии,25.08 - 31.08,0
Маркеты,Мегамаркет  (Внутр. реклама),Сессии,01.09 - 07.09,0
Маркеты,Мегамаркет  (Внутр. реклама),Сессии,08.09 - 14.09,0
Маркеты,Мегамаркет  (Внутр. реклама),Сессии,15.09 - 21.09,0
Маркеты,Мегамаркет  (Внутр. реклама),Сессии,22.09 - 28.09,0
Маркеты,Мегамаркет  (Внутр. реклама),Сессии,29.09 - 30.09,0
Маркеты,Мегамаркет  (Внутр. реклама),Сессии,01.10 - 05.10,0
Маркеты,Мегамаркет  (Внутр. реклама),Сессии,06.10 - 12.10,0
Маркеты,Мегамаркет  (Внутр. реклама),Сессии,13.10 - 19.10,0
Маркеты,Мегамаркет  (Внутр. реклама),Сессии,20.10 - 26.10,0
Маркеты,Мегамаркет  (Внутр. реклама),Сессии,27.10 - 31.10,0
Маркеты,Мегамаркет  (Внутр. реклама),Корзина,19.05 - 25.05,0
Маркеты,Мегамаркет  (Внутр. реклама),Корзина,26.05 - 31.05,0
Маркеты,Мегамаркет  (Внутр. реклама),Корзина,01.06 - 08.06,0
Маркеты,Мегамаркет  (Внутр. реклама),Корзина,09.06 - 15.06,0
Маркеты,Мегамаркет  (Внутр. реклама),Корзина,16.06 - 22.06,0
Маркеты,Мегамаркет  (Внутр. реклама),Корзина,23.06 - 30.06,0
Маркеты,Мегамаркет  (Внутр. реклама),Корзина,01.07 - 06.07,0
Маркеты,Мегамаркет  (Внутр. реклама),Корзина,07.07 - 13.07,0
Маркеты,Мегамаркет  (Внутр. реклама),Корзина,14.07 - 20.07,0
Маркеты,Мегамаркет  (Внутр. реклама),Корзина,21.07 - 27.07,0
Маркеты,Мегамаркет  (Внутр. реклама),Корзина,28.07 - 31.07,0
Маркеты,Мегамаркет  (Внутр. реклама),Корзина,01.08 - 03.08,0
Маркеты,Мегамаркет  (Внутр. реклама),Корзина,04.08 - 10.08,0
Маркеты,Мегамаркет  (Внутр. реклама),Корзина,11.08 - 17.08,0
Маркеты,Мегамаркет  (Внутр. реклама),Корзина,18.08 - 24.08,0
Маркеты,Мегамаркет  (Внутр. реклама),Корзина,25.08 - 31.08,0
Маркеты,Мегамаркет  (Внутр. реклама),Корзина,01.09 - 07.09,0
Маркеты,Мегамаркет  (Внутр. реклама),Корзина,08.09 - 14.09,0
Маркеты,Мегамаркет  (Внутр. реклама),Корзина,15.09 - 21.09,0
Маркеты,Мегамаркет  (Внутр. реклама),Корзина,22.09 - 28.09,0
Маркеты,Мегамаркет  (Внутр. реклама),Корзина,29.09 - 30.09,0
Маркеты,Мегамаркет  (Внутр. реклама),Корзина,01.10 - 05.10,0
Маркеты,Мегамаркет  (Внутр. реклама),Корзина,06.10 - 12.10,0
Маркеты,Мегамаркет  (Внутр. реклама),Корзина,13.10 - 19.10,0
Маркеты,Мегамаркет  (Внутр. реклама),Корзина,20.10 - 26.10,0
Маркеты,Мегамаркет  (Внутр. реклама),Корзина,27.10 - 31.10,0
Маркеты,Мегамаркет  (Внутр. реклама),Стоимост. клика,19.05 - 25.05,#DIV/0!
Маркеты,Мегамаркет  (Внутр. реклама),Стоимост. клика,26.05 - 31.05,#DIV/0!
Маркеты,Мегамаркет  (Внутр. реклама),Стоимост. клика,01.06 - 08.06,#DIV/0!
Маркеты,Мегамаркет  (Внутр. реклама),Стоимост. клика,09.06 - 15.06,#DIV/0!
Маркеты,Мегамаркет  (Внутр. реклама),Стоимост. клика,16.06 - 22.06,#DIV/0!
Маркеты,Мегамаркет  (Внутр. реклама),Стоимост. клика,23.06 - 30.06,#DIV/0!
Маркеты,Мегамаркет  (Внутр. реклама),Стоимост. клика,01.07 - 06.07,#DIV/0!
Маркеты,Мегамаркет  (Внутр. реклама),Стоимост. клика,07.07 - 13.07,#DIV/0!
Маркеты,Мегамаркет  (Внутр. реклама),Стоимост. клика,14.07 - 20.07,#DIV/0!
Маркеты,Мегамаркет  (Внутр. реклама),Стоимост. клика,21.07 - 27.07,#DIV/0!
Маркеты,Мегамаркет  (Внутр. реклама),Стоимост. клика,28.07 - 31.07,#DIV/0!
Маркеты,Мегамаркет  (Внутр. реклама),Стоимост. клика,01.08 - 03.08,#DIV/0!
Маркеты,Мегамаркет  (Внутр. реклама),Стоимост. клика,04.08 - 10.08,#DIV/0!
Маркеты,Мегамаркет  (Внутр. реклама),Стоимост. клика,11.08 - 17.08,#DIV/0!
Маркеты,Мегамаркет  (Внутр. реклама),Стоимост. клика,18.08 - 24.08,#DIV/0!
Маркеты,Мегамаркет  (Внутр. реклама),Стоимост. клика,25.08 - 31.08,#DIV/0!
Маркеты,Мегамаркет  (Внутр. реклама),Стоимост. клика,01.09 - 07.09,#DIV/0!
Маркеты,Мегамаркет  (Внутр. реклама),Стоимост. клика,08.09 - 14.09,#DIV/0!
Маркеты,Мегамаркет  (Внутр. реклама),Стоимост. клика,15.09 - 21.09,#DIV/0!
Маркеты,Мегамаркет  (Внутр. реклама),Стоимост. клика,22.09 - 28.09,#DIV/0!
Маркеты,Мегамаркет  (Внутр. реклама),Стоимост. клика,29.09 - 30.09,#DIV/0!
Маркеты,Мегамаркет  (Внутр. реклама),Стоимост. клика,01.10 - 05.10,#DIV/0!
Маркеты,Мегамаркет  (Внутр. реклама),Стоимост. клика,06.10 - 12.10,#DIV/0!
Маркеты,Мегамаркет  (Внутр. реклама),Стоимост. клика,13.10 - 19.10,#DIV/0!
Маркеты,Мегамаркет  (Внутр. реклама),Стоимост. клика,20.10 - 26.10,#DIV/0!
Маркеты,Мегамаркет  (Внутр. реклама),Стоимост. клика,27.10 - 31.10,#DIV/0!
Маркеты,Мегамаркет  (Внутр. реклама),Стоимост. сессии,19.05 - 25.05,#DIV/0!
Маркеты,Мегамаркет  (Внутр. реклама),Стоимост. сессии,26.05 - 31.05,#DIV/0!
Маркеты,Мегамаркет  (Внутр. реклама),Стоимост. сессии,01.06 - 08.06,#DIV/0!
Маркеты,Мегамаркет  (Внутр. реклама),Стоимост. сессии,09.06 - 15.06,#DIV/0!
Маркеты,Мегамаркет  (Внутр. реклама),Стоимост. сессии,16.06 - 22.06,#DIV/0!
Маркеты,Мегамаркет  (Внутр. реклама),Стоимост. сессии,23.06 - 30.06,#DIV/0!
Маркеты,Мегамаркет  (Внутр. реклама),Стоимост. сессии,01.07 - 06.07,#DIV/0!
Маркеты,Мегамаркет  (Внутр. реклама),Стоимост. сессии,07.07 - 13.07,#DIV/0!
Маркеты,Мегамаркет  (Внутр. реклама),Стоимост. сессии,14.07 - 20.07,#DIV/0!
Маркеты,Мегамаркет  (Внутр. реклама),Стоимост. сессии,21.07 - 27.07,#DIV/0!
Маркеты,Мегамаркет  (Внутр. реклама),Стоимост. сессии,28.07 - 31.07,#DIV/0!
Маркеты,Мегамаркет  (Внутр. реклама),Стоимост. сессии,01.08 - 03.08,#DIV/0!
Маркеты,Мегамаркет  (Внутр. реклама),Стоимост. сессии,04.08 - 10.08,#DIV/0!
Маркеты,Мегамаркет  (Внутр. реклама),Стоимост. сессии,11.08 - 17.08,#DIV/0!
Маркеты,Мегамаркет  (Внутр. реклама),Стоимост. сессии,18.08 - 24.08,#DIV/0!
Маркеты,Мегамаркет  (Внутр. реклама),Стоимост. сессии,25.08 - 31.08,#DIV/0!
Маркеты,Мегамаркет  (Внутр. реклама),Стоимост. сессии,01.09 - 07.09,#DIV/0!
Маркеты,Мегамаркет  (Внутр. реклама),Стоимост. сессии,08.09 - 14.09,#DIV/0!
Маркеты,Мегамаркет  (Внутр. реклама),Стоимост. сессии,15.09 - 21.09,#DIV/0!
Маркеты,Мегамаркет  (Внутр. реклама),Стоимост. сессии,22.09 - 28.09,#DIV/0!
Маркеты,Мегамаркет  (Внутр. реклама),Стоимост. сессии,29.09 - 30.09,#DIV/0!
Маркеты,Мегамаркет  (Внутр. реклама),Стоимост. сессии,01.10 - 05.10,#DIV/0!
Маркеты,Мегамаркет  (Внутр. реклама),Стоимост. сессии,06.10 - 12.10,#DIV/0!
Маркеты,Мегамаркет  (Внутр. реклама),Стоимост. сессии,13.10 - 19.10,#DIV/0!
Маркеты,Мегамаркет  (Внутр. реклама),Стоимост. сессии,20.10 - 26.10,#DIV/0!
Маркеты,Мегамаркет  (Внутр. реклама),Стоимост. сессии,27.10 - 31.10,#DIV/0!
Маркеты,Мегамаркет  (Внутр. реклама),Стоимост. корзины,19.05 - 25.05,0
Маркеты,Мегамаркет  (Внутр. реклама),Стоимост. корзины,26.05 - 31.05,0
Маркеты,Мегамаркет  (Внутр. реклама),Стоимост. корзины,01.06 - 08.06,0
Маркеты,Мегамаркет  (Внутр. реклама),Стоимост. корзины,09.06 - 15.06,0
Маркеты,Мегамаркет  (Внутр. реклама),Стоимост. корзины,16.06 - 22.06,0
Маркеты,Мегамаркет  (Внутр. реклама),Стоимост. корзины,23.06 - 30.06,0
Маркеты,Мегамаркет  (Внутр. реклама),Стоимост. корзины,01.07 - 06.07,0
Маркеты,Мегамаркет  (Внутр. реклама),Стоимост. корзины,07.07 - 13.07,0
Маркеты,Мегамаркет  (Внутр. реклама),Стоимост. корзины,14.07 - 20.07,0
Маркеты,Мегамаркет  (Внутр. реклама),Стоимост. корзины,21.07 - 27.07,0
Маркеты,Мегамаркет  (Внутр. реклама),Стоимост. корзины,28.07 - 31.07,0
Маркеты,Мегамаркет  (Внутр. реклама),Стоимост. корзины,01.08 - 03.08,0
Маркеты,Мегамаркет  (Внутр. реклама),Стоимост. корзины,04.08 - 10.08,0
Маркеты,Мегамаркет  (Внутр. реклама),Стоимост. корзины,11.08 - 17.08,0
Маркеты,Мегамаркет  (Внутр. реклама),Стоимост. корзины,18.08 - 24.08,0
Маркеты,Мегамаркет  (Внутр. реклама),Стоимост. корзины,25.08 - 31.08,0
Маркеты,Мегамаркет  (Внутр. реклама),Стоимост. корзины,01.09 - 07.09,0
Маркеты,Мегамаркет  (Внутр. реклама),Стоимост. корзины,08.09 - 14.09,0
Маркеты,Мегамаркет  (Внутр. реклама),Стоимост. корзины,15.09 - 21.09,0
Маркеты,Мегамаркет  (Внутр. реклама),Стоимост. корзины,22.09 - 28.09,0
Маркеты,Мегамаркет  (Внутр. реклама),Стоимост. корзины,29.09 - 30.09,0
Маркеты,Мегамаркет  (Внутр. реклама),Стоимост. корзины,01.10 - 05.10,0
Маркеты,Мегамаркет  (Внутр. реклама),Стоимост. корзины,06.10 - 12.10,0
Маркеты,Мегамаркет  (Внутр. реклама),Стоимост. корзины,13.10 - 19.10,0
Маркеты,Мегамаркет  (Внутр. реклама),Стоимост. корзины,20.10 - 26.10,0
Маркеты,Мегамаркет  (Внутр. реклама),Стоимост. корзины,27.10 - 31.10,0
Маркеты,Мегамаркет  (Внутр. реклама),% сессия / корзина,19.05 - 25.05,0
Маркеты,Мегамаркет  (Внутр. реклама),% сессия / корзина,26.05 - 31.05,0
Маркеты,Мегамаркет  (Внутр. реклама),% сессия / корзина,01.06 - 08.06,0
Маркеты,Мегамаркет  (Внутр. реклама),% сессия / корзина,09.06 - 15.06,0
Маркеты,Мегамаркет  (Внутр. реклама),% сессия / корзина,16.06 - 22.06,0
Маркеты,Мегамаркет  (Внутр. реклама),% сессия / корзина,23.06 - 30.06,0
Маркеты,Мегамаркет  (Внутр. реклама),% сессия / корзина,01.07 - 06.07,0
Маркеты,Мегамаркет  (Внутр. реклама),% сессия / корзина,07.07 - 13.07,0
Маркеты,Мегамаркет  (Внутр. реклама),% сессия / корзина,14.07 - 20.07,0
Маркеты,Мегамаркет  (Внутр. реклама),% сессия / корзина,21.07 - 27.07,0
Маркеты,Мегамаркет  (Внутр. реклама),% сессия / корзина,28.07 - 31.07,0
Маркеты,Мегамаркет  (Внутр. реклама),% сессия / корзина,01.08 - 03.08,0
Маркеты,Мегамаркет  (Внутр. реклама),% сессия / корзина,04.08 - 10.08,0
Маркеты,Мегамаркет  (Внутр. реклама),% сессия / корзина,11.08 - 17.08,0
Маркеты,Мегамаркет  (Внутр. реклама),% сессия / корзина,18.08 - 24.08,0
Маркеты,Мегамаркет  (Внутр. реклама),% сессия / корзина,25.08 - 31.08,0
Маркеты,Мегамаркет  (Внутр. реклама),% сессия / корзина,01.09 - 07.09,0
Маркеты,Мегамаркет  (Внутр. реклама),% сессия / корзина,08.09 - 14.09,0
Маркеты,Мегамаркет  (Внутр. реклама),% сессия / корзина,15.09 - 21.09,0
Маркеты,Мегамаркет  (Внутр. реклама),% сессия / корзина,22.09 - 28.09,0
Маркеты,Мегамаркет  (Внутр. реклама),% сессия / корзина,29.09 - 30.09,0
Маркеты,Мегамаркет  (Внутр. реклама),% сессия / корзина,01.10 - 05.10,0
Маркеты,Мегамаркет  (Внутр. реклама),% сессия / корзина,06.10 - 12.10,0
Маркеты,Мегамаркет  (Внутр. реклама),% сессия / корзина,13.10 - 19.10,0
Маркеты,Мегамаркет  (Внутр. реклама),% сессия / корзина,20.10 - 26.10,0
Маркеты,Мегамаркет  (Внутр. реклама),% сессия / корзина,27.10 - 31.10,0
Маркеты,Формат,Расход,19.05 - 25.05,
Маркеты,Формат,Расход,26.05 - 31.05,
Маркеты,Формат,Расход,01.06 - 08.06,
Маркеты,Формат,Расход,09.06 - 15.06,
Маркеты,Формат,Расход,16.06 - 22.06,
Маркеты,Формат,Расход,23.06 - 30.06,
Маркеты,Формат,Расход,01.07 - 06.07,
Маркеты,Формат,Расход,07.07 - 13.07,
Маркеты,Формат,Расход,14.07 - 20.07,
Маркеты,Формат,Расход,21.07 - 27.07,
Маркеты,Формат,Расход,28.07 - 31.07,
Маркеты,Формат,Расход,01.08 - 03.08,
Маркеты,Формат,Расход,04.08 - 10.08,
Маркеты,Формат,Расход,11.08 - 17.08,
Маркеты,Формат,Расход,18.08 - 24.08,
Маркеты,Формат,Расход,25.08 - 31.08,
Маркеты,Формат,Расход,01.09 - 07.09,
Маркеты,Формат,Расход,08.09 - 14.09,
Маркеты,Формат,Расход,15.09 - 21.09,
Маркеты,Формат,Расход,22.09 - 28.09,
Маркеты,Формат,Расход,29.09 - 30.09,
Маркеты,Формат,Расход,01.10 - 05.10,
Маркеты,Формат,Расход,06.10 - 12.10,
Маркеты,Формат,Расход,13.10 - 19.10,
Маркеты,Формат,Расход,20.10 - 26.10,
Маркеты,Формат,Расход,27.10 - 31.10,
Маркеты,Формат,Показы,19.05 - 25.05,
Маркеты,Формат,Показы,26.05 - 31.05,
Маркеты,Формат,Показы,01.06 - 08.06,
Маркеты,Формат,Показы,09.06 - 15.06,
Маркеты,Формат,Показы,16.06 - 22.06,
Маркеты,Формат,Показы,23.06 - 30.06,
Маркеты,Формат,Показы,01.07 - 06.07,
Маркеты,Формат,Показы,07.07 - 13.07,
Маркеты,Формат,Показы,14.07 - 20.07,
Маркеты,Формат,Показы,21.07 - 27.07,
Маркеты,Формат,Показы,28.07 - 31.07,
Маркеты,Формат,Показы,01.08 - 03.08,
Маркеты,Формат,Показы,04.08 - 10.08,
Маркеты,Формат,Показы,11.08 - 17.08,
Маркеты,Формат,Показы,18.08 - 24.08,
Маркеты,Формат,Показы,25.08 - 31.08,
Маркеты,Формат,Показы,01.09 - 07.09,
Маркеты,Формат,Показы,08.09 - 14.09,
Маркеты,Формат,Показы,15.09 - 21.09,
Маркеты,Формат,Показы,22.09 - 28.09,
Маркеты,Формат,Показы,29.09 - 30.09,
Маркеты,Формат,Показы,01.10 - 05.10,
Маркеты,Формат,Показы,06.10 - 12.10,
Маркеты,Формат,Показы,13.10 - 19.10,
Маркеты,Формат,Показы,20.10 - 26.10,
Маркеты,Формат,Показы,27.10 - 31.10,
Маркеты,Формат,Клики,19.05 - 25.05,
Маркеты,Формат,Клики,26.05 - 31.05,
Маркеты,Формат,Клики,01.06 - 08.06,
Маркеты,Формат,Клики,09.06 - 15.06,
Маркеты,Формат,Клики,16.06 - 22.06,
Маркеты,Формат,Клики,23.06 - 30.06,
Маркеты,Формат,Клики,01.07 - 06.07,
Маркеты,Формат,Клики,07.07 - 13.07,
Маркеты,Формат,Клики,14.07 - 20.07,
Маркеты,Формат,Клики,21.07 - 27.07,
Маркеты,Формат,Клики,28.07 - 31.07,
Маркеты,Формат,Клики,01.08 - 03.08,
Маркеты,Формат,Клики,04.08 - 10.08,
Маркеты,Формат,Клики,11.08 - 17.08,
Маркеты,Формат,Клики,18.08 - 24.08,
Маркеты,Формат,Клики,25.08 - 31.08,
Маркеты,Формат,Клики,01.09 - 07.09,
Маркеты,Формат,Клики,08.09 - 14.09,
Маркеты,Формат,Клики,15.09 - 21.09,
Маркеты,Формат,Клики,22.09 - 28.09,
Маркеты,Формат,Клики,29.09 - 30.09,
Маркеты,Формат,Клики,01.10 - 05.10,
Маркеты,Формат,Клики,06.10 - 12.10,
Маркеты,Формат,Клики,13.10 - 19.10,
Маркеты,Формат,Клики,20.10 - 26.10,
Маркеты,Формат,Клики,27.10 - 31.10,
Маркеты,Формат,Сессии,19.05 - 25.05,
Маркеты,Формат,Сессии,26.05 - 31.05,
Маркеты,Формат,Сессии,01.06 - 08.06,
Маркеты,Формат,Сессии,09.06 - 15.06,
Маркеты,Формат,Сессии,16.06 - 22.06,
Маркеты,Формат,Сессии,23.06 - 30.06,
Маркеты,Формат,Сессии,01.07 - 06.07,
Маркеты,Формат,Сессии,07.07 - 13.07,
Маркеты,Формат,Сессии,14.07 - 20.07,
Маркеты,Формат,Сессии,21.07 - 27.07,
Маркеты,Формат,Сессии,28.07 - 31.07,
Маркеты,Формат,Сессии,01.08 - 03.08,
Маркеты,Формат,Сессии,04.08 - 10.08,
Маркеты,Формат,Сессии,11.08 - 17.08,
Маркеты,Формат,Сессии,18.08 - 24.08,
Маркеты,Формат,Сессии,25.08 - 31.08,
Маркеты,Формат,Сессии,01.09 - 07.09,
Маркеты,Формат,Сессии,08.09 - 14.09,
Маркеты,Формат,Сессии,15.09 - 21.09,
Маркеты,Формат,Сессии,22.09 - 28.09,
Маркеты,Формат,Сессии,29.09 - 30.09,
Маркеты,Формат,Сессии,01.10 - 05.10,
Маркеты,Формат,Сессии,06.10 - 12.10,
Маркеты,Формат,Сессии,13.10 - 19.10,
Маркеты,Формат,Сессии,20.10 - 26.10,
Маркеты,Формат,Сессии,27.10 - 31.10,
Маркеты,Формат,Корзина,19.05 - 25.05,
Маркеты,Формат,Корзина,26.05 - 31.05,
Маркеты,Формат,Корзина,01.06 - 08.06,
Маркеты,Формат,Корзина,09.06 - 15.06,
Маркеты,Формат,Корзина,16.06 - 22.06,
Маркеты,Формат,Корзина,23.06 - 30.06,
Маркеты,Формат,Корзина,01.07 - 06.07,
Маркеты,Формат,Корзина,07.07 - 13.07,
Маркеты,Формат,Корзина,14.07 - 20.07,
Маркеты,Формат,Корзина,21.07 - 27.07,
Маркеты,Формат,Корзина,28.07 - 31.07,
Маркеты,Формат,Корзина,01.08 - 03.08,
Маркеты,Формат,Корзина,04.08 - 10.08,
Маркеты,Формат,Корзина,11.08 - 17.08,
Маркеты,Формат,Корзина,18.08 - 24.08,
Маркеты,Формат,Корзина,25.08 - 31.08,
Маркеты,Формат,Корзина,01.09 - 07.09,
Маркеты,Формат,Корзина,08.09 - 14.09,
Маркеты,Формат,Корзина,15.09 - 21.09,
Маркеты,Формат,Корзина,22.09 - 28.09,
Маркеты,Формат,Корзина,29.09 - 30.09,
Маркеты,Формат,Корзина,01.10 - 05.10,
Маркеты,Формат,Корзина,06.10 - 12.10,
Маркеты,Формат,Корзина,13.10 - 19.10,
Маркеты,Формат,Корзина,20.10 - 26.10,
Маркеты,Формат,Корзина,27.10 - 31.10,
Маркеты,Формат,Стоимост. клика,19.05 - 25.05,#DIV/0!
Маркеты,Формат,Стоимост. клика,26.05 - 31.05,#DIV/0!
Маркеты,Формат,Стоимост. клика,01.06 - 08.06,#DIV/0!
Маркеты,Формат,Стоимост. клика,09.06 - 15.06,#DIV/0!
Маркеты,Формат,Стоимост. клика,16.06 - 22.06,#DIV/0!
Маркеты,Формат,Стоимост. клика,23.06 - 30.06,#DIV/0!
Маркеты,Формат,Стоимост. клика,01.07 - 06.07,#DIV/0!
Маркеты,Формат,Стоимост. клика,07.07 - 13.07,#DIV/0!
Маркеты,Формат,Стоимост. клика,14.07 - 20.07,#DIV/0!
Маркеты,Формат,Стоимост. клика,21.07 - 27.07,#DIV/0!
Маркеты,Формат,Стоимост. клика,28.07 - 31.07,#DIV/0!
Маркеты,Формат,Стоимост. клика,01.08 - 03.08,#DIV/0!
Маркеты,Формат,Стоимост. клика,04.08 - 10.08,#DIV/0!
Маркеты,Формат,Стоимост. клика,11.08 - 17.08,#DIV/0!
Маркеты,Формат,Стоимост. клика,18.08 - 24.08,#DIV/0!
Маркеты,Формат,Стоимост. клика,25.08 - 31.08,#DIV/0!
Маркеты,Формат,Стоимост. клика,01.09 - 07.09,#DIV/0!
Маркеты,Формат,Стоимост. клика,08.09 - 14.09,#DIV/0!
Маркеты,Формат,Стоимост. клика,15.09 - 21.09,#DIV/0!
Маркеты,Формат,Стоимост. клика,22.09 - 28.09,#DIV/0!
Маркеты,Формат,Стоимост. клика,29.09 - 30.09,#DIV/0!
Маркеты,Формат,Стоимост. клика,01.10 - 05.10,#DIV/0!
Маркеты,Формат,Стоимост. клика,06.10 - 12.10,#DIV/0!
Маркеты,Формат,Стоимост. клика,13.10 - 19.10,#DIV/0!
Маркеты,Формат,Стоимост. клика,20.10 - 26.10,#DIV/0!
Маркеты,Формат,Стоимост. клика,27.10 - 31.10,#DIV/0!
Маркеты,Формат,Стоимост. сессии,19.05 - 25.05,#DIV/0!
Маркеты,Формат,Стоимост. сессии,26.05 - 31.05,#DIV/0!
Маркеты,Формат,Стоимост. сессии,01.06 - 08.06,#DIV/0!
Маркеты,Формат,Стоимост. сессии,09.06 - 15.06,#DIV/0!
Маркеты,Формат,Стоимост. сессии,16.06 - 22.06,#DIV/0!
Маркеты,Формат,Стоимост. сессии,23.06 - 30.06,#DIV/0!
Маркеты,Формат,Стоимост. сессии,01.07 - 06.07,#DIV/0!
Маркеты,Формат,Стоимост. сессии,07.07 - 13.07,#DIV/0!
Маркеты,Формат,Стоимост. сессии,14.07 - 20.07,#DIV/0!
Маркеты,Формат,Стоимост. сессии,21.07 - 27.07,#DIV/0!
Маркеты,Формат,Стоимост. сессии,28.07 - 31.07,#DIV/0!
Маркеты,Формат,Стоимост. сессии,01.08 - 03.08,#DIV/0!
Маркеты,Формат,Стоимост. сессии,04.08 - 10.08,#DIV/0!
Маркеты,Формат,Стоимост. сессии,11.08 - 17.08,#DIV/0!
Маркеты,Формат,Стоимост. сессии,18.08 - 24.08,#DIV/0!
Маркеты,Формат,Стоимост. сессии,25.08 - 31.08,#DIV/0!
Маркеты,Формат,Стоимост. сессии,01.09 - 07.09,#DIV/0!
Маркеты,Формат,Стоимост. сессии,08.09 - 14.09,#DIV/0!
Маркеты,Формат,Стоимост. сессии,15.09 - 21.09,#DIV/0!
Маркеты,Формат,Стоимост. сессии,22.09 - 28.09,#DIV/0!
Маркеты,Формат,Стоимост. сессии,29.09 - 30.09,#DIV/0!
Маркеты,Формат,Стоимост. сессии,01.10 - 05.10,#DIV/0!
Маркеты,Формат,Стоимост. сессии,06.10 - 12.10,#DIV/0!
Маркеты,Формат,Стоимост. сессии,13.10 - 19.10,#DIV/0!
Маркеты,Формат,Стоимост. сессии,20.10 - 26.10,#DIV/0!
Маркеты,Формат,Стоимост. сессии,27.10 - 31.10,#DIV/0!
Маркеты,Формат,Стоимост. корзины,19.05 - 25.05,
Маркеты,Формат,Стоимост. корзины,26.05 - 31.05,
Маркеты,Формат,Стоимост. корзины,01.06 - 08.06,
Маркеты,Формат,Стоимост. корзины,09.06 - 15.06,
Маркеты,Формат,Стоимост. корзины,16.06 - 22.06,
Маркеты,Формат,Стоимост. корзины,23.06 - 30.06,
Маркеты,Формат,Стоимост. корзины,01.07 - 06.07,
Маркеты,Формат,Стоимост. корзины,07.07 - 13.07,
Маркеты,Формат,Стоимост. корзины,14.07 - 20.07,
Маркеты,Формат,Стоимост. корзины,21.07 - 27.07,
Маркеты,Формат,Стоимост. корзины,28.07 - 31.07,
Маркеты,Формат,Стоимост. корзины,01.08 - 03.08,
Маркеты,Формат,Стоимост. корзины,04.08 - 10.08,
Маркеты,Формат,Стоимост. корзины,11.08 - 17.08,
Маркеты,Формат,Стоимост. корзины,18.08 - 24.08,
Маркеты,Формат,Стоимост. корзины,25.08 - 31.08,
Маркеты,Формат,Стоимост. корзины,01.09 - 07.09,
Маркеты,Формат,Стоимост. корзины,08.09 - 14.09,
Маркеты,Формат,Стоимост. корзины,15.09 - 21.09,
Маркеты,Формат,Стоимост. корзины,22.09 - 28.09,
Маркеты,Формат,Стоимост. корзины,29.09 - 30.09,
Маркеты,Формат,Стоимост. корзины,01.10 - 05.10,
Маркеты,Формат,Стоимост. корзины,06.10 - 12.10,
Маркеты,Формат,Стоимост. корзины,13.10 - 19.10,
Маркеты,Формат,Стоимост. корзины,20.10 - 26.10,
Маркеты,Формат,Стоимост. корзины,27.10 - 31.10,
Маркеты,Формат,% сессия / корзина,19.05 - 25.05,0
Маркеты,Формат,% сессия / корзина,26.05 - 31.05,0
Маркеты,Формат,% сессия / корзина,01.06 - 08.06,0
Маркеты,Формат,% сессия / корзина,09.06 - 15.06,0
Маркеты,Формат,% сессия / корзина,16.06 - 22.06,0
Маркеты,Формат,% сессия / корзина,23.06 - 30.06,0
Маркеты,Формат,% сессия / корзина,01.07 - 06.07,0
Маркеты,Формат,% сессия / корзина,07.07 - 13.07,0
Маркеты,Формат,% сессия / корзина,14.07 - 20.07,0
Маркеты,Формат,% сессия / корзина,21.07 - 27.07,0
Маркеты,Формат,% сессия / корзина,28.07 - 31.07,0
Маркеты,Формат,% сессия / корзина,01.08 - 03.08,0
Маркеты,Формат,% сессия / корзина,04.08 - 10.08,0
Маркеты,Формат,% сессия / корзина,11.08 - 17.08,0
Маркеты,Формат,% сессия / корзина,18.08 - 24.08,0
Маркеты,Формат,% сессия / корзина,25.08 - 31.08,0
Маркеты,Формат,% сессия / корзина,01.09 - 07.09,0
Маркеты,Формат,% сессия / корзина,08.09 - 14.09,0
Маркеты,Формат,% сессия / корзина,15.09 - 21.09,0
Маркеты,Формат,% сессия / корзина,22.09 - 28.09,0
Маркеты,Формат,% сессия / корзина,29.09 - 30.09,0
Маркеты,Формат,% сессия / корзина,01.10 - 05.10,0
Маркеты,Формат,% сессия / корзина,06.10 - 12.10,0
Маркеты,Формат,% сессия / корзина,13.10 - 19.10,0
Маркеты,Формат,% сессия / корзина,20.10 - 26.10,0
Маркеты,Формат,% сессия / корзина,27.10 - 31.10,0
Маркеты,Детский Мир (Органика),Корзина,19.05 - 25.05,
Маркеты,Детский Мир (Органика),Корзина,26.05 - 31.05,
Маркеты,Детский Мир (Органика),Корзина,01.06 - 08.06,
Маркеты,Детский Мир (Органика),Корзина,09.06 - 15.06,
Маркеты,Детский Мир (Органика),Корзина,16.06 - 22.06,
Маркеты,Детский Мир (Органика),Корзина,23.06 - 30.06,
Маркеты,Детский Мир (Органика),Корзина,01.07 - 06.07,
Маркеты,Детский Мир (Органика),Корзина,07.07 - 13.07,
Маркеты,Детский Мир (Органика),Корзина,14.07 - 20.07,
Маркеты,Детский Мир (Органика),Корзина,21.07 - 27.07,
Маркеты,Детский Мир (Органика),Корзина,28.07 - 31.07,
Маркеты,Детский Мир (Органика),Корзина,01.08 - 03.08,
Маркеты,Детский Мир (Органика),Корзина,04.08 - 10.08,
Маркеты,Детский Мир (Органика),Корзина,11.08 - 17.08,
Маркеты,Детский Мир (Органика),Корзина,18.08 - 24.08,
Маркеты,Детский Мир (Органика),Корзина,25.08 - 31.08,
Маркеты,Детский Мир (Органика),Корзина,01.09 - 07.09,
Маркеты,Детский Мир (Органика),Корзина,08.09 - 14.09,
Маркеты,Детский Мир (Органика),Корзина,15.09 - 21.09,
Маркеты,Детский Мир (Органика),Корзина,22.09 - 28.09,
Маркеты,Детский Мир (Органика),Корзина,29.09 - 30.09,
Маркеты,Детский Мир (Органика),Корзина,01.10 - 05.10,
Маркеты,Детский Мир (Органика),Корзина,06.10 - 12.10,
Маркеты,Детский Мир (Органика),Корзина,13.10 - 19.10,
Маркеты,Детский Мир (Органика),Корзина,20.10 - 26.10,
Маркеты,Детский Мир (Органика),Корзина,27.10 - 31.10,
Маркеты,Детский Мир (Органика),Продажи,19.05 - 25.05,
Маркеты,Детский Мир (Органика),Продажи,26.05 - 31.05,
Маркеты,Детский Мир (Органика),Продажи,01.06 - 08.06,
Маркеты,Детский Мир (Органика),Продажи,09.06 - 15.06,
Маркеты,Детский Мир (Органика),Продажи,16.06 - 22.06,
Маркеты,Детский Мир (Органика),Продажи,23.06 - 30.06,
Маркеты,Детский Мир (Органика),Продажи,01.07 - 06.07,
Маркеты,Детский Мир (Органика),Продажи,07.07 - 13.07,
Маркеты,Детский Мир (Органика),Продажи,14.07 - 20.07,
Маркеты,Детский Мир (Органика),Продажи,21.07 - 27.07,
Маркеты,Детский Мир (Органика),Продажи,28.07 - 31.07,
Маркеты,Детский Мир (Органика),Продажи,01.08 - 03.08,
Маркеты,Детский Мир (Органика),Продажи,04.08 - 10.08,
Маркеты,Детский Мир (Органика),Продажи,11.08 - 17.08,
Маркеты,Детский Мир (Органика),Продажи,18.08 - 24.08,
Маркеты,Детский Мир (Органика),Продажи,25.08 - 31.08,
Маркеты,Детский Мир (Органика),Продажи,01.09 - 07.09,
Маркеты,Детский Мир (Органика),Продажи,08.09 - 14.09,
Маркеты,Детский Мир (Органика),Продажи,15.09 - 21.09,
Маркеты,Детский Мир (Органика),Продажи,22.09 - 28.09,
Маркеты,Детский Мир (Органика),Продажи,29.09 - 30.09,
Маркеты,Детский Мир (Органика),Продажи,01.10 - 05.10,
Маркеты,Детский Мир (Органика),Продажи,06.10 - 12.10,
Маркеты,Детский Мир (Органика),Продажи,13.10 - 19.10,
Маркеты,Детский Мир (Органика),Продажи,20.10 - 26.10,
Маркеты,Детский Мир (Органика),Продажи,27.10 - 31.10,
Маркеты,Детский Мир (Внутр. реклама),Расход,19.05 - 25.05,0
Маркеты,Детский Мир (Внутр. реклама),Расход,26.05 - 31.05,0
Маркеты,Детский Мир (Внутр. реклама),Расход,01.06 - 08.06,0
Маркеты,Детский Мир (Внутр. реклама),Расход,09.06 - 15.06,0
Маркеты,Детский Мир (Внутр. реклама),Расход,16.06 - 22.06,0
Маркеты,Детский Мир (Внутр. реклама),Расход,23.06 - 30.06,0
Маркеты,Детский Мир (Внутр. реклама),Расход,01.07 - 06.07,0
Маркеты,Детский Мир (Внутр. реклама),Расход,07.07 - 13.07,0
Маркеты,Детский Мир (Внутр. реклама),Расход,14.07 - 20.07,0
Маркеты,Детский Мир (Внутр. реклама),Расход,21.07 - 27.07,0
Маркеты,Детский Мир (Внутр. реклама),Расход,28.07 - 31.07,0
Маркеты,Детский Мир (Внутр. реклама),Расход,01.08 - 03.08,0
Маркеты,Детский Мир (Внутр. реклама),Расход,04.08 - 10.08,0
Маркеты,Детский Мир (Внутр. реклама),Расход,11.08 - 17.08,0
Маркеты,Детский Мир (Внутр. реклама),Расход,18.08 - 24.08,1395.41
Маркеты,Детский Мир (Внутр. реклама),Расход,25.08 - 31.08,1731.29
Маркеты,Детский Мир (Внутр. реклама),Расход,01.09 - 07.09,2050.23
Маркеты,Детский Мир (Внутр. реклама),Расход,08.09 - 14.09,1973.42
Маркеты,Детский Мир (Внутр. реклама),Расход,15.09 - 21.09,0
Маркеты,Детский Мир (Внутр. реклама),Расход,22.09 - 28.09,0
Маркеты,Детский Мир (Внутр. реклама),Расход,29.09 - 30.09,0
Маркеты,Детский Мир (Внутр. реклама),Расход,01.10 - 05.10,0
Маркеты,Детский Мир (Внутр. реклама),Расход,06.10 - 12.10,0
Маркеты,Детский Мир (Внутр. реклама),Расход,13.10 - 19.10,0
Маркеты,Детский Мир (Внутр. реклама),Расход,20.10 - 26.10,0
Маркеты,Детский Мир (Внутр. реклама),Расход,27.10 - 31.10,0
Маркеты,Детский Мир (Внутр. реклама),Показы,19.05 - 25.05,0
Маркеты,Детский Мир (Внутр. реклама),Показы,26.05 - 31.05,0
Маркеты,Детский Мир (Внутр. реклама),Показы,01.06 - 08.06,0
Маркеты,Детский Мир (Внутр. реклама),Показы,09.06 - 15.06,0
Маркеты,Детский Мир (Внутр. реклама),Показы,16.06 - 22.06,0
Маркеты,Детский Мир (Внутр. реклама),Показы,23.06 - 30.06,0
Маркеты,Детский Мир (Внутр. реклама),Показы,01.07 - 06.07,0
Маркеты,Детский Мир (Внутр. реклама),Показы,07.07 - 13.07,0
Маркеты,Детский Мир (Внутр. реклама),Показы,14.07 - 20.07,0
Маркеты,Детский Мир (Внутр. реклама),Показы,21.07 - 27.07,0
Маркеты,Детский Мир (Внутр. реклама),Показы,28.07 - 31.07,0
Маркеты,Детский Мир (Внутр. реклама),Показы,01.08 - 03.08,0
Маркеты,Детский Мир (Внутр. реклама),Показы,04.08 - 10.08,0
Маркеты,Детский Мир (Внутр. реклама),Показы,11.08 - 17.08,0
Маркеты,Детский Мир (Внутр. реклама),Показы,18.08 - 24.08,106
Маркеты,Детский Мир (Внутр. реклама),Показы,25.08 - 31.08,116
Маркеты,Детский Мир (Внутр. реклама),Показы,01.09 - 07.09,166
Маркеты,Детский Мир (Внутр. реклама),Показы,08.09 - 14.09,127
Маркеты,Детский Мир (Внутр. реклама),Показы,15.09 - 21.09,0
Маркеты,Детский Мир (Внутр. реклама),Показы,22.09 - 28.09,0
Маркеты,Детский Мир (Внутр. реклама),Показы,29.09 - 30.09,0
Маркеты,Детский Мир (Внутр. реклама),Показы,01.10 - 05.10,0
Маркеты,Детский Мир (Внутр. реклама),Показы,06.10 - 12.10,0
Маркеты,Детский Мир (Внутр. реклама),Показы,13.10 - 19.10,0
Маркеты,Детский Мир (Внутр. реклама),Показы,20.10 - 26.10,0
Маркеты,Детский Мир (Внутр. реклама),Показы,27.10 - 31.10,0
Маркеты,Детский Мир (Внутр. реклама),Клики,19.05 - 25.05,0
Маркеты,Детский Мир (Внутр. реклама),Клики,26.05 - 31.05,0
Маркеты,Детский Мир (Внутр. реклама),Клики,01.06 - 08.06,0
Маркеты,Детский Мир (Внутр. реклама),Клики,09.06 - 15.06,0
Маркеты,Детский Мир (Внутр. реклама),Клики,16.06 - 22.06,0
Маркеты,Детский Мир (Внутр. реклама),Клики,23.06 - 30.06,0
Маркеты,Детский Мир (Внутр. реклама),Клики,01.07 - 06.07,0
Маркеты,Детский Мир (Внутр. реклама),Клики,07.07 - 13.07,0
Маркеты,Детский Мир (Внутр. реклама),Клики,14.07 - 20.07,0
Маркеты,Детский Мир (Внутр. реклама),Клики,21.07 - 27.07,0
Маркеты,Детский Мир (Внутр. реклама),Клики,28.07 - 31.07,0
Маркеты,Детский Мир (Внутр. реклама),Клики,01.08 - 03.08,0
Маркеты,Детский Мир (Внутр. реклама),Клики,04.08 - 10.08,0
Маркеты,Детский Мир (Внутр. реклама),Клики,11.08 - 17.08,0
Маркеты,Детский Мир (Внутр. реклама),Клики,18.08 - 24.08,20
Маркеты,Детский Мир (Внутр. реклама),Клики,25.08 - 31.08,21
Маркеты,Детский Мир (Внутр. реклама),Клики,01.09 - 07.09,34
Маркеты,Детский Мир (Внутр. реклама),Клики,08.09 - 14.09,21
Маркеты,Детский Мир (Внутр. реклама),Клики,15.09 - 21.09,0
Маркеты,Детский Мир (Внутр. реклама),Клики,22.09 - 28.09,0
Маркеты,Детский Мир (Внутр. реклама),Клики,29.09 - 30.09,0
Маркеты,Детский Мир (Внутр. реклама),Клики,01.10 - 05.10,0
Маркеты,Детский Мир (Внутр. реклама),Клики,06.10 - 12.10,0
Маркеты,Детский Мир (Внутр. реклама),Клики,13.10 - 19.10,0
Маркеты,Детский Мир (Внутр. реклама),Клики,20.10 - 26.10,0
Маркеты,Детский Мир (Внутр. реклама),Клики,27.10 - 31.10,0
Маркеты,Детский Мир (Внутр. реклама),Сессии,19.05 - 25.05,0
Маркеты,Детский Мир (Внутр. реклама),Сессии,26.05 - 31.05,0
Маркеты,Детский Мир (Внутр. реклама),Сессии,01.06 - 08.06,0
Маркеты,Детский Мир (Внутр. реклама),Сессии,09.06 - 15.06,0
Маркеты,Детский Мир (Внутр. реклама),Сессии,16.06 - 22.06,0
Маркеты,Детский Мир (Внутр. реклама),Сессии,23.06 - 30.06,0
Маркеты,Детский Мир (Внутр. реклама),Сессии,01.07 - 06.07,0
Маркеты,Детский Мир (Внутр. реклама),Сессии,07.07 - 13.07,0
Маркеты,Детский Мир (Внутр. реклама),Сессии,14.07 - 20.07,0
Маркеты,Детский Мир (Внутр. реклама),Сессии,21.07 - 27.07,0
Маркеты,Детский Мир (Внутр. реклама),Сессии,28.07 - 31.07,0
Маркеты,Детский Мир (Внутр. реклама),Сессии,01.08 - 03.08,0
Маркеты,Детский Мир (Внутр. реклама),Сессии,04.08 - 10.08,0
Маркеты,Детский Мир (Внутр. реклама),Сессии,11.08 - 17.08,0
Маркеты,Детский Мир (Внутр. реклама),Сессии,18.08 - 24.08,0
Маркеты,Детский Мир (Внутр. реклама),Сессии,25.08 - 31.08,0
Маркеты,Детский Мир (Внутр. реклама),Сессии,01.09 - 07.09,0
Маркеты,Детский Мир (Внутр. реклама),Сессии,08.09 - 14.09,0
Маркеты,Детский Мир (Внутр. реклама),Сессии,15.09 - 21.09,0
Маркеты,Детский Мир (Внутр. реклама),Сессии,22.09 - 28.09,0
Маркеты,Детский Мир (Внутр. реклама),Сессии,29.09 - 30.09,0
Маркеты,Детский Мир (Внутр. реклама),Сессии,01.10 - 05.10,0
Маркеты,Детский Мир (Внутр. реклама),Сессии,06.10 - 12.10,0
Маркеты,Детский Мир (Внутр. реклама),Сессии,13.10 - 19.10,0
Маркеты,Детский Мир (Внутр. реклама),Сессии,20.10 - 26.10,0
Маркеты,Детский Мир (Внутр. реклама),Сессии,27.10 - 31.10,0
Маркеты,Детский Мир (Внутр. реклама),Корзина,19.05 - 25.05,0
Маркеты,Детский Мир (Внутр. реклама),Корзина,26.05 - 31.05,0
Маркеты,Детский Мир (Внутр. реклама),Корзина,01.06 - 08.06,0
Маркеты,Детский Мир (Внутр. реклама),Корзина,09.06 - 15.06,0
Маркеты,Детский Мир (Внутр. реклама),Корзина,16.06 - 22.06,0
Маркеты,Детский Мир (Внутр. реклама),Корзина,23.06 - 30.06,0
Маркеты,Детский Мир (Внутр. реклама),Корзина,01.07 - 06.07,0
Маркеты,Детский Мир (Внутр. реклама),Корзина,07.07 - 13.07,0
Маркеты,Детский Мир (Внутр. реклама),Корзина,14.07 - 20.07,0
Маркеты,Детский Мир (Внутр. реклама),Корзина,21.07 - 27.07,0
Маркеты,Детский Мир (Внутр. реклама),Корзина,28.07 - 31.07,0
Маркеты,Детский Мир (Внутр. реклама),Корзина,01.08 - 03.08,0
Маркеты,Детский Мир (Внутр. реклама),Корзина,04.08 - 10.08,0
Маркеты,Детский Мир (Внутр. реклама),Корзина,11.08 - 17.08,0
Маркеты,Детский Мир (Внутр. реклама),Корзина,18.08 - 24.08,0
Маркеты,Детский Мир (Внутр. реклама),Корзина,25.08 - 31.08,0
Маркеты,Детский Мир (Внутр. реклама),Корзина,01.09 - 07.09,0
Маркеты,Детский Мир (Внутр. реклама),Корзина,08.09 - 14.09,0
Маркеты,Детский Мир (Внутр. реклама),Корзина,15.09 - 21.09,0
Маркеты,Детский Мир (Внутр. реклама),Корзина,22.09 - 28.09,0
Маркеты,Детский Мир (Внутр. реклама),Корзина,29.09 - 30.09,0
Маркеты,Детский Мир (Внутр. реклама),Корзина,01.10 - 05.10,0
Маркеты,Детский Мир (Внутр. реклама),Корзина,06.10 - 12.10,0
Маркеты,Детский Мир (Внутр. реклама),Корзина,13.10 - 19.10,0
Маркеты,Детский Мир (Внутр. реклама),Корзина,20.10 - 26.10,0
Маркеты,Детский Мир (Внутр. реклама),Корзина,27.10 - 31.10,0
Маркеты,Детский Мир (Внутр. реклама),Стоимост. клика,19.05 - 25.05,#DIV/0!
Маркеты,Детский Мир (Внутр. реклама),Стоимост. клика,26.05 - 31.05,#DIV/0!
Маркеты,Детский Мир (Внутр. реклама),Стоимост. клика,01.06 - 08.06,#DIV/0!
Маркеты,Детский Мир (Внутр. реклама),Стоимост. клика,09.06 - 15.06,#DIV/0!
Маркеты,Детский Мир (Внутр. реклама),Стоимост. клика,16.06 - 22.06,#DIV/0!
Маркеты,Детский Мир (Внутр. реклама),Стоимост. клика,23.06 - 30.06,#DIV/0!
Маркеты,Детский Мир (Внутр. реклама),Стоимост. клика,01.07 - 06.07,#DIV/0!
Маркеты,Детский Мир (Внутр. реклама),Стоимост. клика,07.07 - 13.07,#DIV/0!
Маркеты,Детский Мир (Внутр. реклама),Стоимост. клика,14.07 - 20.07,#DIV/0!
Маркеты,Детский Мир (Внутр. реклама),Стоимост. клика,21.07 - 27.07,#DIV/0!
Маркеты,Детский Мир (Внутр. реклама),Стоимост. клика,28.07 - 31.07,#DIV/0!
Маркеты,Детский Мир (Внутр. реклама),Стоимост. клика,01.08 - 03.08,#DIV/0!
Маркеты,Детский Мир (Внутр. реклама),Стоимост. клика,04.08 - 10.08,#DIV/0!
Маркеты,Детский Мир (Внутр. реклама),Стоимост. клика,11.08 - 17.08,#DIV/0!
Маркеты,Детский Мир (Внутр. реклама),Стоимост. клика,18.08 - 24.08,69.7705
Маркеты,Детский Мир (Внутр. реклама),Стоимост. клика,25.08 - 31.08,82.44238095
Маркеты,Детский Мир (Внутр. реклама),Стоимост. клика,01.09 - 07.09,60.30088235
Маркеты,Детский Мир (Внутр. реклама),Стоимост. клика,08.09 - 14.09,93.97238095
Маркеты,Детский Мир (Внутр. реклама),Стоимост. клика,15.09 - 21.09,#DIV/0!
Маркеты,Детский Мир (Внутр. реклама),Стоимост. клика,22.09 - 28.09,#DIV/0!
Маркеты,Детский Мир (Внутр. реклама),Стоимост. клика,29.09 - 30.09,#DIV/0!
Маркеты,Детский Мир (Внутр. реклама),Стоимост. клика,01.10 - 05.10,#DIV/0!
Маркеты,Детский Мир (Внутр. реклама),Стоимост. клика,06.10 - 12.10,#DIV/0!
Маркеты,Детский Мир (Внутр. реклама),Стоимост. клика,13.10 - 19.10,#DIV/0!
Маркеты,Детский Мир (Внутр. реклама),Стоимост. клика,20.10 - 26.10,#DIV/0!
Маркеты,Детский Мир (Внутр. реклама),Стоимост. клика,27.10 - 31.10,#DIV/0!
Маркеты,Детский Мир (Внутр. реклама),Стоимост. сессии,19.05 - 25.05,#DIV/0!
Маркеты,Детский Мир (Внутр. реклама),Стоимост. сессии,26.05 - 31.05,#DIV/0!
Маркеты,Детский Мир (Внутр. реклама),Стоимост. сессии,01.06 - 08.06,#DIV/0!
Маркеты,Детский Мир (Внутр. реклама),Стоимост. сессии,09.06 - 15.06,#DIV/0!
Маркеты,Детский Мир (Внутр. реклама),Стоимост. сессии,16.06 - 22.06,#DIV/0!
Маркеты,Детский Мир (Внутр. реклама),Стоимост. сессии,23.06 - 30.06,#DIV/0!
Маркеты,Детский Мир (Внутр. реклама),Стоимост. сессии,01.07 - 06.07,#DIV/0!
Маркеты,Детский Мир (Внутр. реклама),Стоимост. сессии,07.07 - 13.07,#DIV/0!
Маркеты,Детский Мир (Внутр. реклама),Стоимост. сессии,14.07 - 20.07,#DIV/0!
Маркеты,Детский Мир (Внутр. реклама),Стоимост. сессии,21.07 - 27.07,#DIV/0!
Маркеты,Детский Мир (Внутр. реклама),Стоимост. сессии,28.07 - 31.07,#DIV/0!
Маркеты,Детский Мир (Внутр. реклама),Стоимост. сессии,01.08 - 03.08,#DIV/0!
Маркеты,Детский Мир (Внутр. реклама),Стоимост. сессии,04.08 - 10.08,#DIV/0!
Маркеты,Детский Мир (Внутр. реклама),Стоимост. сессии,11.08 - 17.08,#DIV/0!
Маркеты,Детский Мир (Внутр. реклама),Стоимост. сессии,18.08 - 24.08,#DIV/0!
Маркеты,Детский Мир (Внутр. реклама),Стоимост. сессии,25.08 - 31.08,#DIV/0!
Маркеты,Детский Мир (Внутр. реклама),Стоимост. сессии,01.09 - 07.09,#DIV/0!
Маркеты,Детский Мир (Внутр. реклама),Стоимост. сессии,08.09 - 14.09,#DIV/0!
Маркеты,Детский Мир (Внутр. реклама),Стоимост. сессии,15.09 - 21.09,#DIV/0!
Маркеты,Детский Мир (Внутр. реклама),Стоимост. сессии,22.09 - 28.09,#DIV/0!
Маркеты,Детский Мир (Внутр. реклама),Стоимост. сессии,29.09 - 30.09,#DIV/0!
Маркеты,Детский Мир (Внутр. реклама),Стоимост. сессии,01.10 - 05.10,#DIV/0!
Маркеты,Детский Мир (Внутр. реклама),Стоимост. сессии,06.10 - 12.10,#DIV/0!
Маркеты,Детский Мир (Внутр. реклама),Стоимост. сессии,13.10 - 19.10,#DIV/0!
Маркеты,Детский Мир (Внутр. реклама),Стоимост. сессии,20.10 - 26.10,#DIV/0!
Маркеты,Детский Мир (Внутр. реклама),Стоимост. сессии,27.10 - 31.10,#DIV/0!
Маркеты,Детский Мир (Внутр. реклама),Стоимост. корзины,19.05 - 25.05,0
Маркеты,Детский Мир (Внутр. реклама),Стоимост. корзины,26.05 - 31.05,0
Маркеты,Детский Мир (Внутр. реклама),Стоимост. корзины,01.06 - 08.06,0
Маркеты,Детский Мир (Внутр. реклама),Стоимост. корзины,09.06 - 15.06,0
Маркеты,Детский Мир (Внутр. реклама),Стоимост. корзины,16.06 - 22.06,0
Маркеты,Детский Мир (Внутр. реклама),Стоимост. корзины,23.06 - 30.06,0
Маркеты,Детский Мир (Внутр. реклама),Стоимост. корзины,01.07 - 06.07,0
Маркеты,Детский Мир (Внутр. реклама),Стоимост. корзины,07.07 - 13.07,0
Маркеты,Детский Мир (Внутр. реклама),Стоимост. корзины,14.07 - 20.07,0
Маркеты,Детский Мир (Внутр. реклама),Стоимост. корзины,21.07 - 27.07,0
Маркеты,Детский Мир (Внутр. реклама),Стоимост. корзины,28.07 - 31.07,0
Маркеты,Детский Мир (Внутр. реклама),Стоимост. корзины,01.08 - 03.08,0
Маркеты,Детский Мир (Внутр. реклама),Стоимост. корзины,04.08 - 10.08,0
Маркеты,Детский Мир (Внутр. реклама),Стоимост. корзины,11.08 - 17.08,0
Маркеты,Детский Мир (Внутр. реклама),Стоимост. корзины,18.08 - 24.08,1395.41
Маркеты,Детский Мир (Внутр. реклама),Стоимост. корзины,25.08 - 31.08,1731.29
Маркеты,Детский Мир (Внутр. реклама),Стоимост. корзины,01.09 - 07.09,2050.23
Маркеты,Детский Мир (Внутр. реклама),Стоимост. корзины,08.09 - 14.09,1973.42
Маркеты,Детский Мир (Внутр. реклама),Стоимост. корзины,15.09 - 21.09,0
Маркеты,Детский Мир (Внутр. реклама),Стоимост. корзины,22.09 - 28.09,0
Маркеты,Детский Мир (Внутр. реклама),Стоимост. корзины,29.09 - 30.09,0
Маркеты,Детский Мир (Внутр. реклама),Стоимост. корзины,01.10 - 05.10,0
Маркеты,Детский Мир (Внутр. реклама),Стоимост. корзины,06.10 - 12.10,0
Маркеты,Детский Мир (Внутр. реклама),Стоимост. корзины,13.10 - 19.10,0
Маркеты,Детский Мир (Внутр. реклама),Стоимост. корзины,20.10 - 26.10,0
Маркеты,Детский Мир (Внутр. реклама),Стоимост. корзины,27.10 - 31.10,0
Маркеты,Детский Мир (Внутр. реклама),% сессия / корзина,19.05 - 25.05,0
Маркеты,Детский Мир (Внутр. реклама),% сессия / корзина,26.05 - 31.05,0
Маркеты,Детский Мир (Внутр. реклама),% сессия / корзина,01.06 - 08.06,0
Маркеты,Детский Мир (Внутр. реклама),% сессия / корзина,09.06 - 15.06,0
Маркеты,Детский Мир (Внутр. реклама),% сессия / корзина,16.06 - 22.06,0
Маркеты,Детский Мир (Внутр. реклама),% сессия / корзина,23.06 - 30.06,0
Маркеты,Детский Мир (Внутр. реклама),% сессия / корзина,01.07 - 06.07,0
Маркеты,Детский Мир (Внутр. реклама),% сессия / корзина,07.07 - 13.07,0
Маркеты,Детский Мир (Внутр. реклама),% сессия / корзина,14.07 - 20.07,0
Маркеты,Детский Мир (Внутр. реклама),% сессия / корзина,21.07 - 27.07,0
Маркеты,Детский Мир (Внутр. реклама),% сессия / корзина,28.07 - 31.07,0
Маркеты,Детский Мир (Внутр. реклама),% сессия / корзина,01.08 - 03.08,0
Маркеты,Детский Мир (Внутр. реклама),% сессия / корзина,04.08 - 10.08,0
Маркеты,Детский Мир (Внутр. реклама),% сессия / корзина,11.08 - 17.08,0
Маркеты,Детский Мир (Внутр. реклама),% сессия / корзина,18.08 - 24.08,0
Маркеты,Детский Мир (Внутр. реклама),% сессия / корзина,25.08 - 31.08,0
Маркеты,Детский Мир (Внутр. реклама),% сессия / корзина,01.09 - 07.09,0
Маркеты,Детский Мир (Внутр. реклама),% сессия / корзина,08.09 - 14.09,0
Маркеты,Детский Мир (Внутр. реклама),% сессия / корзина,15.09 - 21.09,0
Маркеты,Детский Мир (Внутр. реклама),% сессия / корзина,22.09 - 28.09,0
Маркеты,Детский Мир (Внутр. реклама),% сессия / корзина,29.09 - 30.09,0
Маркеты,Детский Мир (Внутр. реклама),% сессия / корзина,01.10 - 05.10,0
Маркеты,Детский Мир (Внутр. реклама),% сессия / корзина,06.10 - 12.10,0
Маркеты,Детский Мир (Внутр. реклама),% сессия / корзина,13.10 - 19.10,0
Маркеты,Детский Мир (Внутр. реклама),% сессия / корзина,20.10 - 26.10,0
Маркеты,Детский Мир (Внутр. реклама),% сессия / корзина,27.10 - 31.10,0
Маркеты,Внешний трафик,Расход,19.05 - 25.05,0
Маркеты,Внешний трафик,Расход,26.05 - 31.05,0
Маркеты,Внешний трафик,Расход,01.06 - 08.06,0
Маркеты,Внешний трафик,Расход,09.06 - 15.06,0
Маркеты,Внешний трафик,Расход,16.06 - 22.06,0
Маркеты,Внешний трафик,Расход,23.06 - 30.06,0
Маркеты,Внешний трафик,Расход,01.07 - 06.07,0
Маркеты,Внешний трафик,Расход,07.07 - 13.07,0
Маркеты,Внешний трафик,Расход,14.07 - 20.07,0
Маркеты,Внешний трафик,Расход,21.07 - 27.07,0
Маркеты,Внешний трафик,Расход,28.07 - 31.07,0
Маркеты,Внешний трафик,Расход,01.08 - 03.08,0
Маркеты,Внешний трафик,Расход,04.08 - 10.08,0
Маркеты,Внешний трафик,Расход,11.08 - 17.08,0
Маркеты,Внешний трафик,Расход,18.08 - 24.08,1395.41
Маркеты,Внешний трафик,Расход,25.08 - 31.08,1731.29
Маркеты,Внешний трафик,Расход,01.09 - 07.09,2050.23
Маркеты,Внешний трафик,Расход,08.09 - 14.09,1973.42
Маркеты,Внешний трафик,Расход,15.09 - 21.09,0
Маркеты,Внешний трафик,Расход,22.09 - 28.09,0
Маркеты,Внешний трафик,Расход,29.09 - 30.09,0
Маркеты,Внешний трафик,Расход,01.10 - 05.10,0
Маркеты,Внешний трафик,Расход,06.10 - 12.10,0
Маркеты,Внешний трафик,Расход,13.10 - 19.10,0
Маркеты,Внешний трафик,Расход,20.10 - 26.10,0
Маркеты,Внешний трафик,Расход,27.10 - 31.10,0
Маркеты,Внешний трафик,Показы,19.05 - 25.05,0
Маркеты,Внешний трафик,Показы,26.05 - 31.05,0
Маркеты,Внешний трафик,Показы,01.06 - 08.06,0
Маркеты,Внешний трафик,Показы,09.06 - 15.06,0
Маркеты,Внешний трафик,Показы,16.06 - 22.06,0
Маркеты,Внешний трафик,Показы,23.06 - 30.06,0
Маркеты,Внешний трафик,Показы,01.07 - 06.07,0
Маркеты,Внешний трафик,Показы,07.07 - 13.07,0
Маркеты,Внешний трафик,Показы,14.07 - 20.07,0
Маркеты,Внешний трафик,Показы,21.07 - 27.07,0
Маркеты,Внешний трафик,Показы,28.07 - 31.07,0
Маркеты,Внешний трафик,Показы,01.08 - 03.08,0
Маркеты,Внешний трафик,Показы,04.08 - 10.08,0
Маркеты,Внешний трафик,Показы,11.08 - 17.08,0
Маркеты,Внешний трафик,Показы,18.08 - 24.08,106
Маркеты,Внешний трафик,Показы,25.08 - 31.08,116
Маркеты,Внешний трафик,Показы,01.09 - 07.09,166
Маркеты,Внешний трафик,Показы,08.09 - 14.09,127
Маркеты,Внешний трафик,Показы,15.09 - 21.09,0
Маркеты,Внешний трафик,Показы,22.09 - 28.09,0
Маркеты,Внешний трафик,Показы,29.09 - 30.09,0
Маркеты,Внешний трафик,Показы,01.10 - 05.10,0
Маркеты,Внешний трафик,Показы,06.10 - 12.10,0
Маркеты,Внешний трафик,Показы,13.10 - 19.10,0
Маркеты,Внешний трафик,Показы,20.10 - 26.10,0
Маркеты,Внешний трафик,Показы,27.10 - 31.10,0
Маркеты,Внешний трафик,Клики,19.05 - 25.05,0
Маркеты,Внешний трафик,Клики,26.05 - 31.05,0
Маркеты,Внешний трафик,Клики,01.06 - 08.06,0
Маркеты,Внешний трафик,Клики,09.06 - 15.06,0
Маркеты,Внешний трафик,Клики,16.06 - 22.06,0
Маркеты,Внешний трафик,Клики,23.06 - 30.06,0
Маркеты,Внешний трафик,Клики,01.07 - 06.07,0
Маркеты,Внешний трафик,Клики,07.07 - 13.07,0
Маркеты,Внешний трафик,Клики,14.07 - 20.07,0
Маркеты,Внешний трафик,Клики,21.07 - 27.07,0
Маркеты,Внешний трафик,Клики,28.07 - 31.07,0
Маркеты,Внешний трафик,Клики,01.08 - 03.08,0
Маркеты,Внешний трафик,Клики,04.08 - 10.08,0
Маркеты,Внешний трафик,Клики,11.08 - 17.08,0
Маркеты,Внешний трафик,Клики,18.08 - 24.08,20
Маркеты,Внешний трафик,Клики,25.08 - 31.08,21
Маркеты,Внешний трафик,Клики,01.09 - 07.09,34
Маркеты,Внешний трафик,Клики,08.09 - 14.09,21
Маркеты,Внешний трафик,Клики,15.09 - 21.09,0
Маркеты,Внешний трафик,Клики,22.09 - 28.09,0
Маркеты,Внешний трафик,Клики,29.09 - 30.09,0
Маркеты,Внешний трафик,Клики,01.10 - 05.10,0
Маркеты,Внешний трафик,Клики,06.10 - 12.10,0
Маркеты,Внешний трафик,Клики,13.10 - 19.10,0
Маркеты,Внешний трафик,Клики,20.10 - 26.10,0
Маркеты,Внешний трафик,Клики,27.10 - 31.10,0
Маркеты,Внешний трафик,Сессии,19.05 - 25.05,0
Маркеты,Внешний трафик,Сессии,26.05 - 31.05,0
Маркеты,Внешний трафик,Сессии,01.06 - 08.06,0
Маркеты,Внешний трафик,Сессии,09.06 - 15.06,0
Маркеты,Внешний трафик,Сессии,16.06 - 22.06,0
Маркеты,Внешний трафик,Сессии,23.06 - 30.06,0
Маркеты,Внешний трафик,Сессии,01.07 - 06.07,0
Маркеты,Внешний трафик,Сессии,07.07 - 13.07,0
Маркеты,Внешний трафик,Сессии,14.07 - 20.07,0
Маркеты,Внешний трафик,Сессии,21.07 - 27.07,0
Маркеты,Внешний трафик,Сессии,28.07 - 31.07,0
Маркеты,Внешний трафик,Сессии,01.08 - 03.08,0
Маркеты,Внешний трафик,Сессии,04.08 - 10.08,0
Маркеты,Внешний трафик,Сессии,11.08 - 17.08,0
Маркеты,Внешний трафик,Сессии,18.08 - 24.08,0
Маркеты,Внешний трафик,Сессии,25.08 - 31.08,0
Маркеты,Внешний трафик,Сессии,01.09 - 07.09,0
Маркеты,Внешний трафик,Сессии,08.09 - 14.09,0
Маркеты,Внешний трафик,Сессии,15.09 - 21.09,0
Маркеты,Внешний трафик,Сессии,22.09 - 28.09,0
Маркеты,Внешний трафик,Сессии,29.09 - 30.09,0
Маркеты,Внешний трафик,Сессии,01.10 - 05.10,0
Маркеты,Внешний трафик,Сессии,06.10 - 12.10,0
Маркеты,Внешний трафик,Сессии,13.10 - 19.10,0
Маркеты,Внешний трафик,Сессии,20.10 - 26.10,0
Маркеты,Внешний трафик,Сессии,27.10 - 31.10,0
Маркеты,Внешний трафик,Корзина,19.05 - 25.05,0
Маркеты,Внешний трафик,Корзина,26.05 - 31.05,0
Маркеты,Внешний трафик,Корзина,01.06 - 08.06,0
Маркеты,Внешний трафик,Корзина,09.06 - 15.06,0
Маркеты,Внешний трафик,Корзина,16.06 - 22.06,0
Маркеты,Внешний трафик,Корзина,23.06 - 30.06,0
Маркеты,Внешний трафик,Корзина,01.07 - 06.07,0
Маркеты,Внешний трафик,Корзина,07.07 - 13.07,0
Маркеты,Внешний трафик,Корзина,14.07 - 20.07,0
Маркеты,Внешний трафик,Корзина,21.07 - 27.07,0
Маркеты,Внешний трафик,Корзина,28.07 - 31.07,0
Маркеты,Внешний трафик,Корзина,01.08 - 03.08,0
Маркеты,Внешний трафик,Корзина,04.08 - 10.08,0
Маркеты,Внешний трафик,Корзина,11.08 - 17.08,0
Маркеты,Внешний трафик,Корзина,18.08 - 24.08,0
Маркеты,Внешний трафик,Корзина,25.08 - 31.08,0
Маркеты,Внешний трафик,Корзина,01.09 - 07.09,0
Маркеты,Внешний трафик,Корзина,08.09 - 14.09,0
Маркеты,Внешний трафик,Корзина,15.09 - 21.09,0
Маркеты,Внешний трафик,Корзина,22.09 - 28.09,0
Маркеты,Внешний трафик,Корзина,29.09 - 30.09,0
Маркеты,Внешний трафик,Корзина,01.10 - 05.10,0
Маркеты,Внешний трафик,Корзина,06.10 - 12.10,0
Маркеты,Внешний трафик,Корзина,13.10 - 19.10,0
Маркеты,Внешний трафик,Корзина,20.10 - 26.10,0
Маркеты,Внешний трафик,Корзина,27.10 - 31.10,0
Маркеты,Внешний трафик,Стоимост. клика,19.05 - 25.05,#DIV/0!
Маркеты,Внешний трафик,Стоимост. клика,26.05 - 31.05,#DIV/0!
Маркеты,Внешний трафик,Стоимост. клика,01.06 - 08.06,#DIV/0!
Маркеты,Внешний трафик,Стоимост. клика,09.06 - 15.06,#DIV/0!
Маркеты,Внешний трафик,Стоимост. клика,16.06 - 22.06,#DIV/0!
Маркеты,Внешний трафик,Стоимост. клика,23.06 - 30.06,#DIV/0!
Маркеты,Внешний трафик,Стоимост. клика,01.07 - 06.07,#DIV/0!
Маркеты,Внешний трафик,Стоимост. клика,07.07 - 13.07,#DIV/0!
Маркеты,Внешний трафик,Стоимост. клика,14.07 - 20.07,#DIV/0!
Маркеты,Внешний трафик,Стоимост. клика,21.07 - 27.07,#DIV/0!
Маркеты,Внешний трафик,Стоимост. клика,28.07 - 31.07,#DIV/0!
Маркеты,Внешний трафик,Стоимост. клика,01.08 - 03.08,#DIV/0!
Маркеты,Внешний трафик,Стоимост. клика,04.08 - 10.08,#DIV/0!
Маркеты,Внешний трафик,Стоимост. клика,11.08 - 17.08,#DIV/0!
Маркеты,Внешний трафик,Стоимост. клика,18.08 - 24.08,69.7705
Маркеты,Внешний трафик,Стоимост. клика,25.08 - 31.08,82.44238095
Маркеты,Внешний трафик,Стоимост. клика,01.09 - 07.09,60.30088235
Маркеты,Внешний трафик,Стоимост. клика,08.09 - 14.09,93.97238095
Маркеты,Внешний трафик,Стоимост. клика,15.09 - 21.09,#DIV/0!
Маркеты,Внешний трафик,Стоимост. клика,22.09 - 28.09,#DIV/0!
Маркеты,Внешний трафик,Стоимост. клика,29.09 - 30.09,#DIV/0!
Маркеты,Внешний трафик,Стоимост. клика,01.10 - 05.10,#DIV/0!
Маркеты,Внешний трафик,Стоимост. клика,06.10 - 12.10,#DIV/0!
Маркеты,Внешний трафик,Стоимост. клика,13.10 - 19.10,#DIV/0!
Маркеты,Внешний трафик,Стоимост. клика,20.10 - 26.10,#DIV/0!
Маркеты,Внешний трафик,Стоимост. клика,27.10 - 31.10,#DIV/0!
Маркеты,Внешний трафик,Стоимост. сессии,19.05 - 25.05,#DIV/0!
Маркеты,Внешний трафик,Стоимост. сессии,26.05 - 31.05,#DIV/0!
Маркеты,Внешний трафик,Стоимост. сессии,01.06 - 08.06,#DIV/0!
Маркеты,Внешний трафик,Стоимост. сессии,09.06 - 15.06,#DIV/0!
Маркеты,Внешний трафик,Стоимост. сессии,16.06 - 22.06,#DIV/0!
Маркеты,Внешний трафик,Стоимост. сессии,23.06 - 30.06,#DIV/0!
Маркеты,Внешний трафик,Стоимост. сессии,01.07 - 06.07,#DIV/0!
Маркеты,Внешний трафик,Стоимост. сессии,07.07 - 13.07,#DIV/0!
Маркеты,Внешний трафик,Стоимост. сессии,14.07 - 20.07,#DIV/0!
Маркеты,Внешний трафик,Стоимост. сессии,21.07 - 27.07,#DIV/0!
Маркеты,Внешний трафик,Стоимост. сессии,28.07 - 31.07,#DIV/0!
Маркеты,Внешний трафик,Стоимост. сессии,01.08 - 03.08,#DIV/0!
Маркеты,Внешний трафик,Стоимост. сессии,04.08 - 10.08,#DIV/0!
Маркеты,Внешний трафик,Стоимост. сессии,11.08 - 17.08,#DIV/0!
Маркеты,Внешний трафик,Стоимост. сессии,18.08 - 24.08,#DIV/0!
Маркеты,Внешний трафик,Стоимост. сессии,25.08 - 31.08,#DIV/0!
Маркеты,Внешний трафик,Стоимост. сессии,01.09 - 07.09,#DIV/0!
Маркеты,Внешний трафик,Стоимост. сессии,08.09 - 14.09,#DIV/0!
Маркеты,Внешний трафик,Стоимост. сессии,15.09 - 21.09,#DIV/0!
Маркеты,Внешний трафик,Стоимост. сессии,22.09 - 28.09,#DIV/0!
Маркеты,Внешний трафик,Стоимост. сессии,29.09 - 30.09,#DIV/0!
Маркеты,Внешний трафик,Стоимост. сессии,01.10 - 05.10,#DIV/0!
Маркеты,Внешний трафик,Стоимост. сессии,06.10 - 12.10,#DIV/0!
Маркеты,Внешний трафик,Стоимост. сессии,13.10 - 19.10,#DIV/0!
Маркеты,Внешний трафик,Стоимост. сессии,20.10 - 26.10,#DIV/0!
Маркеты,Внешний трафик,Стоимост. сессии,27.10 - 31.10,#DIV/0!
Маркеты,Внешний трафик,Стоимост. корзины,19.05 - 25.05,0
Маркеты,Внешний трафик,Стоимост. корзины,26.05 - 31.05,0
Маркеты,Внешний трафик,Стоимост. корзины,01.06 - 08.06,0
Маркеты,Внешний трафик,Стоимост. корзины,09.06 - 15.06,0
Маркеты,Внешний трафик,Стоимост. корзины,16.06 - 22.06,0
Маркеты,Внешний трафик,Стоимост. корзины,23.06 - 30.06,0
Маркеты,Внешний трафик,Стоимост. корзины,01.07 - 06.07,0
Маркеты,Внешний трафик,Стоимост. корзины,07.07 - 13.07,0
Маркеты,Внешний трафик,Стоимост. корзины,14.07 - 20.07,0
Маркеты,Внешний трафик,Стоимост. корзины,21.07 - 27.07,0
Маркеты,Внешний трафик,Стоимост. корзины,28.07 - 31.07,0
Маркеты,Внешний трафик,Стоимост. корзины,01.08 - 03.08,0
Маркеты,Внешний трафик,Стоимост. корзины,04.08 - 10.08,0
Маркеты,Внешний трафик,Стоимост. корзины,11.08 - 17.08,0
Маркеты,Внешний трафик,Стоимост. корзины,18.08 - 24.08,1395.41
Маркеты,Внешний трафик,Стоимост. корзины,25.08 - 31.08,1731.29
Маркеты,Внешний трафик,Стоимост. корзины,01.09 - 07.09,2050.23
Маркеты,Внешний трафик,Стоимост. корзины,08.09 - 14.09,1973.42
Маркеты,Внешний трафик,Стоимост. корзины,15.09 - 21.09,0
Маркеты,Внешний трафик,Стоимост. корзины,22.09 - 28.09,0
Маркеты,Внешний трафик,Стоимост. корзины,29.09 - 30.09,0
Маркеты,Внешний трафик,Стоимост. корзины,01.10 - 05.10,0
Маркеты,Внешний трафик,Стоимост. корзины,06.10 - 12.10,0
Маркеты,Внешний трафик,Стоимост. корзины,13.10 - 19.10,0
Маркеты,Внешний трафик,Стоимост. корзины,20.10 - 26.10,0
Маркеты,Внешний трафик,Стоимост. корзины,27.10 - 31.10,0
Маркеты,Внешний трафик,% сессия / корзина,19.05 - 25.05,0
Маркеты,Внешний трафик,% сессия / корзина,26.05 - 31.05,0
Маркеты,Внешний трафик,% сессия / корзина,01.06 - 08.06,0
Маркеты,Внешний трафик,% сессия / корзина,09.06 - 15.06,0
Маркеты,Внешний трафик,% сессия / корзина,16.06 - 22.06,0
Маркеты,Внешний трафик,% сессия / корзина,23.06 - 30.06,0
Маркеты,Внешний трафик,% сессия / корзина,01.07 - 06.07,0
Маркеты,Внешний трафик,% сессия / корзина,07.07 - 13.07,0
Маркеты,Внешний трафик,% сессия / корзина,14.07 - 20.07,0
Маркеты,Внешний трафик,% сессия / корзина,21.07 - 27.07,0
Маркеты,Внешний трафик,% сессия / корзина,28.07 - 31.07,0
Маркеты,Внешний трафик,% сессия / корзина,01.08 - 03.08,0
Маркеты,Внешний трафик,% сессия / корзина,04.08 - 10.08,0
Маркеты,Внешний трафик,% сессия / корзина,11.08 - 17.08,0
Маркеты,Внешний трафик,% сессия / корзина,18.08 - 24.08,0
Маркеты,Внешний трафик,% сессия / корзина,25.08 - 31.08,0
Маркеты,Внешний трафик,% сессия / корзина,01.09 - 07.09,0
Маркеты,Внешний трафик,% сессия / корзина,08.09 - 14.09,0
Маркеты,Внешний трафик,% сессия / корзина,15.09 - 21.09,0
Маркеты,Внешний трафик,% сессия / корзина,22.09 - 28.09,0
Маркеты,Внешний трафик,% сессия / корзина,29.09 - 30.09,0
Маркеты,Внешний трафик,% сессия / корзина,01.10 - 05.10,0
Маркеты,Внешний трафик,% сессия / корзина,06.10 - 12.10,0
Маркеты,Внешний трафик,% сессия / корзина,13.10 - 19.10,0
Маркеты,Внешний трафик,% сессия / корзина,20.10 - 26.10,0
Маркеты,Внешний трафик,% сессия / корзина,27.10 - 31.10,0
Маркеты,Яндекс Директ,Расход,19.05 - 25.05,0
Маркеты,Яндекс Директ,Расход,26.05 - 31.05,0
Маркеты,Яндекс Директ,Расход,01.06 - 08.06,0
Маркеты,Яндекс Директ,Расход,09.06 - 15.06,0
Маркеты,Яндекс Директ,Расход,16.06 - 22.06,0
Маркеты,Яндекс Директ,Расход,23.06 - 30.06,0
Маркеты,Яндекс Директ,Расход,01.07 - 06.07,0
Маркеты,Яндекс Директ,Расход,07.07 - 13.07,0
Маркеты,Яндекс Директ,Расход,14.07 - 20.07,0
Маркеты,Яндекс Директ,Расход,21.07 - 27.07,0
Маркеты,Яндекс Директ,Расход,28.07 - 31.07,0
Маркеты,Яндекс Директ,Расход,01.08 - 03.08,0
Маркеты,Яндекс Директ,Расход,04.08 - 10.08,0
Маркеты,Яндекс Директ,Расход,11.08 - 17.08,0
Маркеты,Яндекс Директ,Расход,18.08 - 24.08,1395.41
Маркеты,Яндекс Директ,Расход,25.08 - 31.08,1731.29
Маркеты,Яндекс Директ,Расход,01.09 - 07.09,2050.23
Маркеты,Яндекс Директ,Расход,08.09 - 14.09,1973.42
Маркеты,Яндекс Директ,Расход,15.09 - 21.09,0
Маркеты,Яндекс Директ,Расход,22.09 - 28.09,0
Маркеты,Яндекс Директ,Расход,29.09 - 30.09,0
Маркеты,Яндекс Директ,Расход,01.10 - 05.10,0
Маркеты,Яндекс Директ,Расход,06.10 - 12.10,0
Маркеты,Яндекс Директ,Расход,13.10 - 19.10,0
Маркеты,Яндекс Директ,Расход,20.10 - 26.10,0
Маркеты,Яндекс Директ,Расход,27.10 - 31.10,0
Маркеты,Яндекс Директ,Показы,19.05 - 25.05,0
Маркеты,Яндекс Директ,Показы,26.05 - 31.05,0
Маркеты,Яндекс Директ,Показы,01.06 - 08.06,0
Маркеты,Яндекс Директ,Показы,09.06 - 15.06,0
Маркеты,Яндекс Директ,Показы,16.06 - 22.06,0
Маркеты,Яндекс Директ,Показы,23.06 - 30.06,0
Маркеты,Яндекс Директ,Показы,01.07 - 06.07,0
Маркеты,Яндекс Директ,Показы,07.07 - 13.07,0
Маркеты,Яндекс Директ,Показы,14.07 - 20.07,0
Маркеты,Яндекс Директ,Показы,21.07 - 27.07,0
Маркеты,Яндекс Директ,Показы,28.07 - 31.07,0
Маркеты,Яндекс Директ,Показы,01.08 - 03.08,0
Маркеты,Яндекс Директ,Показы,04.08 - 10.08,0
Маркеты,Яндекс Директ,Показы,11.08 - 17.08,0
Маркеты,Яндекс Директ,Показы,18.08 - 24.08,106
Маркеты,Яндекс Директ,Показы,25.08 - 31.08,116
Маркеты,Яндекс Директ,Показы,01.09 - 07.09,166
Маркеты,Яндекс Директ,Показы,08.09 - 14.09,127
Маркеты,Яндекс Директ,Показы,15.09 - 21.09,0
Маркеты,Яндекс Директ,Показы,22.09 - 28.09,0
Маркеты,Яндекс Директ,Показы,29.09 - 30.09,0
Маркеты,Яндекс Директ,Показы,01.10 - 05.10,0
Маркеты,Яндекс Директ,Показы,06.10 - 12.10,0
Маркеты,Яндекс Директ,Показы,13.10 - 19.10,0
Маркеты,Яндекс Директ,Показы,20.10 - 26.10,0
Маркеты,Яндекс Директ,Показы,27.10 - 31.10,0
Маркеты,Яндекс Директ,Клики,19.05 - 25.05,0
Маркеты,Яндекс Директ,Клики,26.05 - 31.05,0
Маркеты,Яндекс Директ,Клики,01.06 - 08.06,0
Маркеты,Яндекс Директ,Клики,09.06 - 15.06,0
Маркеты,Яндекс Директ,Клики,16.06 - 22.06,0
Маркеты,Яндекс Директ,Клики,23.06 - 30.06,0
Маркеты,Яндекс Директ,Клики,01.07 - 06.07,0
Маркеты,Яндекс Директ,Клики,07.07 - 13.07,0
Маркеты,Яндекс Директ,Клики,14.07 - 20.07,0
Маркеты,Яндекс Директ,Клики,21.07 - 27.07,0
Маркеты,Яндекс Директ,Клики,28.07 - 31.07,0
Маркеты,Яндекс Директ,Клики,01.08 - 03.08,0
Маркеты,Яндекс Директ,Клики,04.08 - 10.08,0
Маркеты,Яндекс Директ,Клики,11.08 - 17.08,0
Маркеты,Яндекс Директ,Клики,18.08 - 24.08,20
Маркеты,Яндекс Директ,Клики,25.08 - 31.08,21
Маркеты,Яндекс Директ,Клики,01.09 - 07.09,34
Маркеты,Яндекс Директ,Клики,08.09 - 14.09,21
Маркеты,Яндекс Директ,Клики,15.09 - 21.09,0
Маркеты,Яндекс Директ,Клики,22.09 - 28.09,0
Маркеты,Яндекс Директ,Клики,29.09 - 30.09,0
Маркеты,Яндекс Директ,Клики,01.10 - 05.10,0
Маркеты,Яндекс Директ,Клики,06.10 - 12.10,0
Маркеты,Яндекс Директ,Клики,13.10 - 19.10,0
Маркеты,Яндекс Директ,Клики,20.10 - 26.10,0
Маркеты,Яндекс Директ,Клики,27.10 - 31.10,0
Маркеты,Яндекс Директ,Сессии в DM,19.05 - 25.05,0
Маркеты,Яндекс Директ,Сессии в DM,26.05 - 31.05,0
Маркеты,Яндекс Директ,Сессии в DM,01.06 - 08.06,0
Маркеты,Яндекс Директ,Сессии в DM,09.06 - 15.06,0
Маркеты,Яндекс Директ,Сессии в DM,16.06 - 22.06,0
Маркеты,Яндекс Директ,Сессии в DM,23.06 - 30.06,0
Маркеты,Яндекс Директ,Сессии в DM,01.07 - 06.07,0
Маркеты,Яндекс Директ,Сессии в DM,07.07 - 13.07,0
Маркеты,Яндекс Директ,Сессии в DM,14.07 - 20.07,0
Маркеты,Яндекс Директ,Сессии в DM,21.07 - 27.07,0
Маркеты,Яндекс Директ,Сессии в DM,28.07 - 31.07,0
Маркеты,Яндекс Директ,Сессии в DM,01.08 - 03.08,0
Маркеты,Яндекс Директ,Сессии в DM,04.08 - 10.08,0
Маркеты,Яндекс Директ,Сессии в DM,11.08 - 17.08,0
Маркеты,Яндекс Директ,Сессии в DM,18.08 - 24.08,0
Маркеты,Яндекс Директ,Сессии в DM,25.08 - 31.08,0
Маркеты,Яндекс Директ,Сессии в DM,01.09 - 07.09,0
Маркеты,Яндекс Директ,Сессии в DM,08.09 - 14.09,0
Маркеты,Яндекс Директ,Сессии в DM,15.09 - 21.09,0
Маркеты,Яндекс Директ,Сессии в DM,22.09 - 28.09,0
Маркеты,Яндекс Директ,Сессии в DM,29.09 - 30.09,0
Маркеты,Яндекс Директ,Сессии в DM,01.10 - 05.10,0
Маркеты,Яндекс Директ,Сессии в DM,06.10 - 12.10,0
Маркеты,Яндекс Директ,Сессии в DM,13.10 - 19.10,0
Маркеты,Яндекс Директ,Сессии в DM,20.10 - 26.10,0
Маркеты,Яндекс Директ,Сессии в DM,27.10 - 31.10,0
Маркеты,Яндекс Директ,Корзина,19.05 - 25.05,0
Маркеты,Яндекс Директ,Корзина,26.05 - 31.05,0
Маркеты,Яндекс Директ,Корзина,01.06 - 08.06,0
Маркеты,Яндекс Директ,Корзина,09.06 - 15.06,0
Маркеты,Яндекс Директ,Корзина,16.06 - 22.06,0
Маркеты,Яндекс Директ,Корзина,23.06 - 30.06,0
Маркеты,Яндекс Директ,Корзина,01.07 - 06.07,0
Маркеты,Яндекс Директ,Корзина,07.07 - 13.07,0
Маркеты,Яндекс Директ,Корзина,14.07 - 20.07,0
Маркеты,Яндекс Директ,Корзина,21.07 - 27.07,0
Маркеты,Яндекс Директ,Корзина,28.07 - 31.07,0
Маркеты,Яндекс Директ,Корзина,01.08 - 03.08,0
Маркеты,Яндекс Директ,Корзина,04.08 - 10.08,0
Маркеты,Яндекс Директ,Корзина,11.08 - 17.08,0
Маркеты,Яндекс Директ,Корзина,18.08 - 24.08,0
Маркеты,Яндекс Директ,Корзина,25.08 - 31.08,0
Маркеты,Яндекс Директ,Корзина,01.09 - 07.09,0
Маркеты,Яндекс Директ,Корзина,08.09 - 14.09,0
Маркеты,Яндекс Директ,Корзина,15.09 - 21.09,0
Маркеты,Яндекс Директ,Корзина,22.09 - 28.09,0
Маркеты,Яндекс Директ,Корзина,29.09 - 30.09,0
Маркеты,Яндекс Директ,Корзина,01.10 - 05.10,0
Маркеты,Яндекс Директ,Корзина,06.10 - 12.10,0
Маркеты,Яндекс Директ,Корзина,13.10 - 19.10,0
Маркеты,Яндекс Директ,Корзина,20.10 - 26.10,0
Маркеты,Яндекс Директ,Корзина,27.10 - 31.10,0
Маркеты,Яндекс Директ,Стоимост. клика,19.05 - 25.05,#DIV/0!
Маркеты,Яндекс Директ,Стоимост. клика,26.05 - 31.05,#DIV/0!
Маркеты,Яндекс Директ,Стоимост. клика,01.06 - 08.06,#DIV/0!
Маркеты,Яндекс Директ,Стоимост. клика,09.06 - 15.06,#DIV/0!
Маркеты,Яндекс Директ,Стоимост. клика,16.06 - 22.06,#DIV/0!
Маркеты,Яндекс Директ,Стоимост. клика,23.06 - 30.06,#DIV/0!
Маркеты,Яндекс Директ,Стоимост. клика,01.07 - 06.07,#DIV/0!
Маркеты,Яндекс Директ,Стоимост. клика,07.07 - 13.07,#DIV/0!
Маркеты,Яндекс Директ,Стоимост. клика,14.07 - 20.07,#DIV/0!
Маркеты,Яндекс Директ,Стоимост. клика,21.07 - 27.07,#DIV/0!
Маркеты,Яндекс Директ,Стоимост. клика,28.07 - 31.07,#DIV/0!
Маркеты,Яндекс Директ,Стоимост. клика,01.08 - 03.08,#DIV/0!
Маркеты,Яндекс Директ,Стоимост. клика,04.08 - 10.08,#DIV/0!
Маркеты,Яндекс Директ,Стоимост. клика,11.08 - 17.08,#DIV/0!
Маркеты,Яндекс Директ,Стоимост. клика,18.08 - 24.08,69.7705
Маркеты,Яндекс Директ,Стоимост. клика,25.08 - 31.08,82.44238095
Маркеты,Яндекс Директ,Стоимост. клика,01.09 - 07.09,60.30088235
Маркеты,Яндекс Директ,Стоимост. клика,08.09 - 14.09,93.97238095
Маркеты,Яндекс Директ,Стоимост. клика,15.09 - 21.09,#DIV/0!
Маркеты,Яндекс Директ,Стоимост. клика,22.09 - 28.09,#DIV/0!
Маркеты,Яндекс Директ,Стоимост. клика,29.09 - 30.09,#DIV/0!
Маркеты,Яндекс Директ,Стоимост. клика,01.10 - 05.10,#DIV/0!
Маркеты,Яндекс Директ,Стоимост. клика,06.10 - 12.10,#DIV/0!
Маркеты,Яндекс Директ,Стоимост. клика,13.10 - 19.10,#DIV/0!
Маркеты,Яндекс Директ,Стоимост. клика,20.10 - 26.10,#DIV/0!
Маркеты,Яндекс Директ,Стоимост. клика,27.10 - 31.10,#DIV/0!
Маркеты,Яндекс Директ,Стоимост. сессии,19.05 - 25.05,#DIV/0!
Маркеты,Яндекс Директ,Стоимост. сессии,26.05 - 31.05,#DIV/0!
Маркеты,Яндекс Директ,Стоимост. сессии,01.06 - 08.06,#DIV/0!
Маркеты,Яндекс Директ,Стоимост. сессии,09.06 - 15.06,#DIV/0!
Маркеты,Яндекс Директ,Стоимост. сессии,16.06 - 22.06,#DIV/0!
Маркеты,Яндекс Директ,Стоимост. сессии,23.06 - 30.06,#DIV/0!
Маркеты,Яндекс Директ,Стоимост. сессии,01.07 - 06.07,#DIV/0!
Маркеты,Яндекс Директ,Стоимост. сессии,07.07 - 13.07,#DIV/0!
Маркеты,Яндекс Директ,Стоимост. сессии,14.07 - 20.07,#DIV/0!
Маркеты,Яндекс Директ,Стоимост. сессии,21.07 - 27.07,#DIV/0!
Маркеты,Яндекс Директ,Стоимост. сессии,28.07 - 31.07,#DIV/0!
Маркеты,Яндекс Директ,Стоимост. сессии,01.08 - 03.08,#DIV/0!
Маркеты,Яндекс Директ,Стоимост. сессии,04.08 - 10.08,#DIV/0!
Маркеты,Яндекс Директ,Стоимост. сессии,11.08 - 17.08,#DIV/0!
Маркеты,Яндекс Директ,Стоимост. сессии,18.08 - 24.08,#DIV/0!
Маркеты,Яндекс Директ,Стоимост. сессии,25.08 - 31.08,#DIV/0!
Маркеты,Яндекс Директ,Стоимост. сессии,01.09 - 07.09,#DIV/0!
Маркеты,Яндекс Директ,Стоимост. сессии,08.09 - 14.09,#DIV/0!
Маркеты,Яндекс Директ,Стоимост. сессии,15.09 - 21.09,#DIV/0!
Маркеты,Яндекс Директ,Стоимост. сессии,22.09 - 28.09,#DIV/0!
Маркеты,Яндекс Директ,Стоимост. сессии,29.09 - 30.09,#DIV/0!
Маркеты,Яндекс Директ,Стоимост. сессии,01.10 - 05.10,#DIV/0!
Маркеты,Яндекс Директ,Стоимост. сессии,06.10 - 12.10,#DIV/0!
Маркеты,Яндекс Директ,Стоимост. сессии,13.10 - 19.10,#DIV/0!
Маркеты,Яндекс Директ,Стоимост. сессии,20.10 - 26.10,#DIV/0!
Маркеты,Яндекс Директ,Стоимост. сессии,27.10 - 31.10,#DIV/0!
Маркеты,Яндекс Директ,Стоимост. корзины,19.05 - 25.05,0
Маркеты,Яндекс Директ,Стоимост. корзины,26.05 - 31.05,0
Маркеты,Яндекс Директ,Стоимост. корзины,01.06 - 08.06,0
Маркеты,Яндекс Директ,Стоимост. корзины,09.06 - 15.06,0
Маркеты,Яндекс Директ,Стоимост. корзины,16.06 - 22.06,0
Маркеты,Яндекс Директ,Стоимост. корзины,23.06 - 30.06,0
Маркеты,Яндекс Директ,Стоимост. корзины,01.07 - 06.07,0
Маркеты,Яндекс Директ,Стоимост. корзины,07.07 - 13.07,0
Маркеты,Яндекс Директ,Стоимост. корзины,14.07 - 20.07,0
Маркеты,Яндекс Директ,Стоимост. корзины,21.07 - 27.07,0
Маркеты,Яндекс Директ,Стоимост. корзины,28.07 - 31.07,0
Маркеты,Яндекс Директ,Стоимост. корзины,01.08 - 03.08,0
Маркеты,Яндекс Директ,Стоимост. корзины,04.08 - 10.08,0
Маркеты,Яндекс Директ,Стоимост. корзины,11.08 - 17.08,0
Маркеты,Яндекс Директ,Стоимост. корзины,18.08 - 24.08,1395.41
Маркеты,Яндекс Директ,Стоимост. корзины,25.08 - 31.08,1731.29
Маркеты,Яндекс Директ,Стоимост. корзины,01.09 - 07.09,2050.23
Маркеты,Яндекс Директ,Стоимост. корзины,08.09 - 14.09,1973.42
Маркеты,Яндекс Директ,Стоимост. корзины,15.09 - 21.09,0
Маркеты,Яндекс Директ,Стоимост. корзины,22.09 - 28.09,0
Маркеты,Яндекс Директ,Стоимост. корзины,29.09 - 30.09,0
Маркеты,Яндекс Директ,Стоимост. корзины,01.10 - 05.10,0
Маркеты,Яндекс Директ,Стоимост. корзины,06.10 - 12.10,0
Маркеты,Яндекс Директ,Стоимост. корзины,13.10 - 19.10,0
Маркеты,Яндекс Директ,Стоимост. корзины,20.10 - 26.10,0
Маркеты,Яндекс Директ,Стоимост. корзины,27.10 - 31.10,0
Маркеты,Яндекс Директ,% сессия / корзина,19.05 - 25.05,0
Маркеты,Яндекс Директ,% сессия / корзина,26.05 - 31.05,0
Маркеты,Яндекс Директ,% сессия / корзина,01.06 - 08.06,0
Маркеты,Яндекс Директ,% сессия / корзина,09.06 - 15.06,0
Маркеты,Яндекс Директ,% сессия / корзина,16.06 - 22.06,0
Маркеты,Яндекс Директ,% сессия / корзина,23.06 - 30.06,0
Маркеты,Яндекс Директ,% сессия / корзина,01.07 - 06.07,0
Маркеты,Яндекс Директ,% сессия / корзина,07.07 - 13.07,0
Маркеты,Яндекс Директ,% сессия / корзина,14.07 - 20.07,0
Маркеты,Яндекс Директ,% сессия / корзина,21.07 - 27.07,0
Маркеты,Яндекс Директ,% сессия / корзина,28.07 - 31.07,0
Маркеты,Яндекс Директ,% сессия / корзина,01.08 - 03.08,0
Маркеты,Яндекс Директ,% сессия / корзина,04.08 - 10.08,0
Маркеты,Яндекс Директ,% сессия / корзина,11.08 - 17.08,0
Маркеты,Яндекс Директ,% сессия / корзина,18.08 - 24.08,0
Маркеты,Яндекс Директ,% сессия / корзина,25.08 - 31.08,0
Маркеты,Яндекс Директ,% сессия / корзина,01.09 - 07.09,0
Маркеты,Яндекс Директ,% сессия / корзина,08.09 - 14.09,0
Маркеты,Яндекс Директ,% сессия / корзина,15.09 - 21.09,0
Маркеты,Яндекс Директ,% сессия / корзина,22.09 - 28.09,0
Маркеты,Яндекс Директ,% сессия / корзина,29.09 - 30.09,0
Маркеты,Яндекс Директ,% сессия / корзина,01.10 - 05.10,0
Маркеты,Яндекс Директ,% сессия / корзина,06.10 - 12.10,0
Маркеты,Яндекс Директ,% сессия / корзина,13.10 - 19.10,0
Маркеты,Яндекс Директ,% сессия / корзина,20.10 - 26.10,0
Маркеты,Яндекс Директ,% сессия / корзина,27.10 - 31.10,0
Маркеты,Единая перфоманс кампания (поиск),Расход,19.05 - 25.05,
Маркеты,Единая перфоманс кампания (поиск),Расход,26.05 - 31.05,
Маркеты,Единая перфоманс кампания (поиск),Расход,01.06 - 08.06,
Маркеты,Единая перфоманс кампания (поиск),Расход,09.06 - 15.06,
Маркеты,Единая перфоманс кампания (поиск),Расход,16.06 - 22.06,
Маркеты,Единая перфоманс кампания (поиск),Расход,23.06 - 30.06,
Маркеты,Единая перфоманс кампания (поиск),Расход,01.07 - 06.07,
Маркеты,Единая перфоманс кампания (поиск),Расход,07.07 - 13.07,
Маркеты,Единая перфоманс кампания (поиск),Расход,14.07 - 20.07,
Маркеты,Единая перфоманс кампания (поиск),Расход,21.07 - 27.07,
Маркеты,Единая перфоманс кампания (поиск),Расход,28.07 - 31.07,
Маркеты,Единая перфоманс кампания (поиск),Расход,01.08 - 03.08,
Маркеты,Единая перфоманс кампания (поиск),Расход,04.08 - 10.08,
Маркеты,Единая перфоманс кампания (поиск),Расход,11.08 - 17.08,
Маркеты,Единая перфоманс кампания (поиск),Расход,18.08 - 24.08,1395.41
Маркеты,Единая перфоманс кампания (поиск),Расход,25.08 - 31.08,1731.29
Маркеты,Единая перфоманс кампания (поиск),Расход,01.09 - 07.09,2050.23
Маркеты,Единая перфоманс кампания (поиск),Расход,08.09 - 14.09,1973.42
Маркеты,Единая перфоманс кампания (поиск),Расход,15.09 - 21.09,
Маркеты,Единая перфоманс кампания (поиск),Расход,22.09 - 28.09,
Маркеты,Единая перфоманс кампания (поиск),Расход,29.09 - 30.09,
Маркеты,Единая перфоманс кампания (поиск),Расход,01.10 - 05.10,
Маркеты,Единая перфоманс кампания (поиск),Расход,06.10 - 12.10,
Маркеты,Единая перфоманс кампания (поиск),Расход,13.10 - 19.10,
Маркеты,Единая перфоманс кампания (поиск),Расход,20.10 - 26.10,
Маркеты,Единая перфоманс кампания (поиск),Расход,27.10 - 31.10,
Маркеты,Единая перфоманс кампания (поиск),Показы,19.05 - 25.05,
Маркеты,Единая перфоманс кампания (поиск),Показы,26.05 - 31.05,
Маркеты,Единая перфоманс кампания (поиск),Показы,01.06 - 08.06,
Маркеты,Единая перфоманс кампания (поиск),Показы,09.06 - 15.06,
Маркеты,Единая перфоманс кампания (поиск),Показы,16.06 - 22.06,
Маркеты,Единая перфоманс кампания (поиск),Показы,23.06 - 30.06,
Маркеты,Единая перфоманс кампания (поиск),Показы,01.07 - 06.07,
Маркеты,Единая перфоманс кампания (поиск),Показы,07.07 - 13.07,
Маркеты,Единая перфоманс кампания (поиск),Показы,14.07 - 20.07,
Маркеты,Единая перфоманс кампания (поиск),Показы,21.07 - 27.07,
Маркеты,Единая перфоманс кампания (поиск),Показы,28.07 - 31.07,
Маркеты,Единая перфоманс кампания (поиск),Показы,01.08 - 03.08,
Маркеты,Единая перфоманс кампания (поиск),Показы,04.08 - 10.08,
Маркеты,Единая перфоманс кампания (поиск),Показы,11.08 - 17.08,
Маркеты,Единая перфоманс кампания (поиск),Показы,18.08 - 24.08,106.0
Маркеты,Единая перфоманс кампания (поиск),Показы,25.08 - 31.08,116.0
Маркеты,Единая перфоманс кампания (поиск),Показы,01.09 - 07.09,166.0
Маркеты,Единая перфоманс кампания (поиск),Показы,08.09 - 14.09,127.0
Маркеты,Единая перфоманс кампания (поиск),Показы,15.09 - 21.09,
Маркеты,Единая перфоманс кампания (поиск),Показы,22.09 - 28.09,
Маркеты,Единая перфоманс кампания (поиск),Показы,29.09 - 30.09,
Маркеты,Единая перфоманс кампания (поиск),Показы,01.10 - 05.10,
Маркеты,Единая перфоманс кампания (поиск),Показы,06.10 - 12.10,
Маркеты,Единая перфоманс кампания (поиск),Показы,13.10 - 19.10,
Маркеты,Единая перфоманс кампания (поиск),Показы,20.10 - 26.10,
Маркеты,Единая перфоманс кампания (поиск),Показы,27.10 - 31.10,
Маркеты,Единая перфоманс кампания (поиск),Клики,19.05 - 25.05,
Маркеты,Единая перфоманс кампания (поиск),Клики,26.05 - 31.05,
Маркеты,Единая перфоманс кампания (поиск),Клики,01.06 - 08.06,
Маркеты,Единая перфоманс кампания (поиск),Клики,09.06 - 15.06,
Маркеты,Единая перфоманс кампания (поиск),Клики,16.06 - 22.06,
Маркеты,Единая перфоманс кампания (поиск),Клики,23.06 - 30.06,
Маркеты,Единая перфоманс кампания (поиск),Клики,01.07 - 06.07,
Маркеты,Единая перфоманс кампания (поиск),Клики,07.07 - 13.07,
Маркеты,Единая перфоманс кампания (поиск),Клики,14.07 - 20.07,
Маркеты,Единая перфоманс кампания (поиск),Клики,21.07 - 27.07,
Маркеты,Единая перфоманс кампания (поиск),Клики,28.07 - 31.07,
Маркеты,Единая перфоманс кампания (поиск),Клики,01.08 - 03.08,
Маркеты,Единая перфоманс кампания (поиск),Клики,04.08 - 10.08,
Маркеты,Единая перфоманс кампания (поиск),Клики,11.08 - 17.08,
Маркеты,Единая перфоманс кампания (поиск),Клики,18.08 - 24.08,20.0
Маркеты,Единая перфоманс кампания (поиск),Клики,25.08 - 31.08,21.0
Маркеты,Единая перфоманс кампания (поиск),Клики,01.09 - 07.09,34.0
Маркеты,Единая перфоманс кампания (поиск),Клики,08.09 - 14.09,21.0
Маркеты,Единая перфоманс кампания (поиск),Клики,15.09 - 21.09,
Маркеты,Единая перфоманс кампания (поиск),Клики,22.09 - 28.09,
Маркеты,Единая перфоманс кампания (поиск),Клики,29.09 - 30.09,
Маркеты,Единая перфоманс кампания (поиск),Клики,01.10 - 05.10,
Маркеты,Единая перфоманс кампания (поиск),Клики,06.10 - 12.10,
Маркеты,Единая перфоманс кампания (поиск),Клики,13.10 - 19.10,
Маркеты,Единая перфоманс кампания (поиск),Клики,20.10 - 26.10,
Маркеты,Единая перфоманс кампания (поиск),Клики,27.10 - 31.10,
Маркеты,Единая перфоманс кампания (поиск),Сессии в DM,19.05 - 25.05,
Маркеты,Единая перфоманс кампания (поиск),Сессии в DM,26.05 - 31.05,
Маркеты,Единая перфоманс кампания (поиск),Сессии в DM,01.06 - 08.06,
Маркеты,Единая перфоманс кампания (поиск),Сессии в DM,09.06 - 15.06,
Маркеты,Единая перфоманс кампания (поиск),Сессии в DM,16.06 - 22.06,
Маркеты,Единая перфоманс кампания (поиск),Сессии в DM,23.06 - 30.06,
Маркеты,Единая перфоманс кампания (поиск),Сессии в DM,01.07 - 06.07,
Маркеты,Единая перфоманс кампания (поиск),Сессии в DM,07.07 - 13.07,
Маркеты,Единая перфоманс кампания (поиск),Сессии в DM,14.07 - 20.07,
Маркеты,Единая перфоманс кампания (поиск),Сессии в DM,21.07 - 27.07,
Маркеты,Единая перфоманс кампания (поиск),Сессии в DM,28.07 - 31.07,
Маркеты,Единая перфоманс кампания (поиск),Сессии в DM,01.08 - 03.08,
Маркеты,Единая перфоманс кампания (поиск),Сессии в DM,04.08 - 10.08,
Маркеты,Единая перфоманс кампания (поиск),Сессии в DM,11.08 - 17.08,
Маркеты,Единая перфоманс кампания (поиск),Сессии в DM,18.08 - 24.08,
Маркеты,Единая перфоманс кампания (поиск),Сессии в DM,25.08 - 31.08,
Маркеты,Единая перфоманс кампания (поиск),Сессии в DM,01.09 - 07.09,
Маркеты,Единая перфоманс кампания (поиск),Сессии в DM,08.09 - 14.09,
Маркеты,Единая перфоманс кампания (поиск),Сессии в DM,15.09 - 21.09,
Маркеты,Единая перфоманс кампания (поиск),Сессии в DM,22.09 - 28.09,
Маркеты,Единая перфоманс кампания (поиск),Сессии в DM,29.09 - 30.09,
Маркеты,Единая перфоманс кампания (поиск),Сессии в DM,01.10 - 05.10,
Маркеты,Единая перфоманс кампания (поиск),Сессии в DM,06.10 - 12.10,
Маркеты,Единая перфоманс кампания (поиск),Сессии в DM,13.10 - 19.10,
Маркеты,Единая перфоманс кампания (поиск),Сессии в DM,20.10 - 26.10,
Маркеты,Единая перфоманс кампания (поиск),Сессии в DM,27.10 - 31.10,
Маркеты,Единая перфоманс кампания (поиск),Корзина,19.05 - 25.05,
Маркеты,Единая перфоманс кампания (поиск),Корзина,26.05 - 31.05,
Маркеты,Единая перфоманс кампания (поиск),Корзина,01.06 - 08.06,
Маркеты,Единая перфоманс кампания (поиск),Корзина,09.06 - 15.06,
Маркеты,Единая перфоманс кампания (поиск),Корзина,16.06 - 22.06,
Маркеты,Единая перфоманс кампания (поиск),Корзина,23.06 - 30.06,
Маркеты,Единая перфоманс кампания (поиск),Корзина,01.07 - 06.07,
Маркеты,Единая перфоманс кампания (поиск),Корзина,07.07 - 13.07,
Маркеты,Единая перфоманс кампания (поиск),Корзина,14.07 - 20.07,
Маркеты,Единая перфоманс кампания (поиск),Корзина,21.07 - 27.07,
Маркеты,Единая перфоманс кампания (поиск),Корзина,28.07 - 31.07,
Маркеты,Единая перфоманс кампания (поиск),Корзина,01.08 - 03.08,
Маркеты,Единая перфоманс кампания (поиск),Корзина,04.08 - 10.08,
Маркеты,Единая перфоманс кампания (поиск),Корзина,11.08 - 17.08,
Маркеты,Единая перфоманс кампания (поиск),Корзина,18.08 - 24.08,
Маркеты,Единая перфоманс кампания (поиск),Корзина,25.08 - 31.08,
Маркеты,Единая перфоманс кампания (поиск),Корзина,01.09 - 07.09,
Маркеты,Единая перфоманс кампания (поиск),Корзина,08.09 - 14.09,
Маркеты,Единая перфоманс кампания (поиск),Корзина,15.09 - 21.09,
Маркеты,Единая перфоманс кампания (поиск),Корзина,22.09 - 28.09,
Маркеты,Единая перфоманс кампания (поиск),Корзина,29.09 - 30.09,
Маркеты,Единая перфоманс кампания (поиск),Корзина,01.10 - 05.10,
Маркеты,Единая перфоманс кампания (поиск),Корзина,06.10 - 12.10,
Маркеты,Единая перфоманс кампания (поиск),Корзина,13.10 - 19.10,
Маркеты,Единая перфоманс кампания (поиск),Корзина,20.10 - 26.10,
Маркеты,Единая перфоманс кампания (поиск),Корзина,27.10 - 31.10,
Маркеты,Единая перфоманс кампания (поиск),Стоимост. клика,19.05 - 25.05,#DIV/0!
Маркеты,Единая перфоманс кампания (поиск),Стоимост. клика,26.05 - 31.05,#DIV/0!
Маркеты,Единая перфоманс кампания (поиск),Стоимост. клика,01.06 - 08.06,#DIV/0!
Маркеты,Единая перфоманс кампания (поиск),Стоимост. клика,09.06 - 15.06,#DIV/0!
Маркеты,Единая перфоманс кампания (поиск),Стоимост. клика,16.06 - 22.06,#DIV/0!
Маркеты,Единая перфоманс кампания (поиск),Стоимост. клика,23.06 - 30.06,#DIV/0!
Маркеты,Единая перфоманс кампания (поиск),Стоимост. клика,01.07 - 06.07,#DIV/0!
Маркеты,Единая перфоманс кампания (поиск),Стоимост. клика,07.07 - 13.07,#DIV/0!
Маркеты,Единая перфоманс кампания (поиск),Стоимост. клика,14.07 - 20.07,#DIV/0!
Маркеты,Единая перфоманс кампания (поиск),Стоимост. клика,21.07 - 27.07,#DIV/0!
Маркеты,Единая перфоманс кампания (поиск),Стоимост. клика,28.07 - 31.07,#DIV/0!
Маркеты,Единая перфоманс кампания (поиск),Стоимост. клика,01.08 - 03.08,#DIV/0!
Маркеты,Единая перфоманс кампания (поиск),Стоимост. клика,04.08 - 10.08,#DIV/0!
Маркеты,Единая перфоманс кампания (поиск),Стоимост. клика,11.08 - 17.08,#DIV/0!
Маркеты,Единая перфоманс кампания (поиск),Стоимост. клика,18.08 - 24.08,69.7705
Маркеты,Единая перфоманс кампания (поиск),Стоимост. клика,25.08 - 31.08,82.44238095
Маркеты,Единая перфоманс кампания (поиск),Стоимост. клика,01.09 - 07.09,60.30088235
Маркеты,Единая перфоманс кампания (поиск),Стоимост. клика,08.09 - 14.09,93.97238095
Маркеты,Единая перфоманс кампания (поиск),Стоимост. клика,15.09 - 21.09,#DIV/0!
Маркеты,Единая перфоманс кампания (поиск),Стоимост. клика,22.09 - 28.09,#DIV/0!
Маркеты,Единая перфоманс кампания (поиск),Стоимост. клика,29.09 - 30.09,#DIV/0!
Маркеты,Единая перфоманс кампания (поиск),Стоимост. клика,01.10 - 05.10,#DIV/0!
Маркеты,Единая перфоманс кампания (поиск),Стоимост. клика,06.10 - 12.10,#DIV/0!
Маркеты,Единая перфоманс кампания (поиск),Стоимост. клика,13.10 - 19.10,#DIV/0!
Маркеты,Единая перфоманс кампания (поиск),Стоимост. клика,20.10 - 26.10,#DIV/0!
Маркеты,Единая перфоманс кампания (поиск),Стоимост. клика,27.10 - 31.10,#DIV/0!
Маркеты,Единая перфоманс кампания (поиск),Стоимост. сессии,19.05 - 25.05,#DIV/0!
Маркеты,Единая перфоманс кампания (поиск),Стоимост. сессии,26.05 - 31.05,#DIV/0!
Маркеты,Единая перфоманс кампания (поиск),Стоимост. сессии,01.06 - 08.06,#DIV/0!
Маркеты,Единая перфоманс кампания (поиск),Стоимост. сессии,09.06 - 15.06,#DIV/0!
Маркеты,Единая перфоманс кампания (поиск),Стоимост. сессии,16.06 - 22.06,#DIV/0!
Маркеты,Единая перфоманс кампания (поиск),Стоимост. сессии,23.06 - 30.06,#DIV/0!
Маркеты,Единая перфоманс кампания (поиск),Стоимост. сессии,01.07 - 06.07,#DIV/0!
Маркеты,Единая перфоманс кампания (поиск),Стоимост. сессии,07.07 - 13.07,#DIV/0!
Маркеты,Единая перфоманс кампания (поиск),Стоимост. сессии,14.07 - 20.07,#DIV/0!
Маркеты,Единая перфоманс кампания (поиск),Стоимост. сессии,21.07 - 27.07,#DIV/0!
Маркеты,Единая перфоманс кампания (поиск),Стоимост. сессии,28.07 - 31.07,#DIV/0!
Маркеты,Единая перфоманс кампания (поиск),Стоимост. сессии,01.08 - 03.08,#DIV/0!
Маркеты,Единая перфоманс кампания (поиск),Стоимост. сессии,04.08 - 10.08,#DIV/0!
Маркеты,Единая перфоманс кампания (поиск),Стоимост. сессии,11.08 - 17.08,#DIV/0!
Маркеты,Единая перфоманс кампания (поиск),Стоимост. сессии,18.08 - 24.08,#DIV/0!
Маркеты,Единая перфоманс кампания (поиск),Стоимост. сессии,25.08 - 31.08,#DIV/0!
Маркеты,Единая перфоманс кампания (поиск),Стоимост. сессии,01.09 - 07.09,#DIV/0!
Маркеты,Единая перфоманс кампания (поиск),Стоимост. сессии,08.09 - 14.09,#DIV/0!
Маркеты,Единая перфоманс кампания (поиск),Стоимост. сессии,15.09 - 21.09,#DIV/0!
Маркеты,Единая перфоманс кампания (поиск),Стоимост. сессии,22.09 - 28.09,#DIV/0!
Маркеты,Единая перфоманс кампания (поиск),Стоимост. сессии,29.09 - 30.09,#DIV/0!
Маркеты,Единая перфоманс кампания (поиск),Стоимост. сессии,01.10 - 05.10,#DIV/0!
Маркеты,Единая перфоманс кампания (поиск),Стоимост. сессии,06.10 - 12.10,#DIV/0!
Маркеты,Единая перфоманс кампания (поиск),Стоимост. сессии,13.10 - 19.10,#DIV/0!
Маркеты,Единая перфоманс кампания (поиск),Стоимост. сессии,20.10 - 26.10,#DIV/0!
Маркеты,Единая перфоманс кампания (поиск),Стоимост. сессии,27.10 - 31.10,#DIV/0!
Маркеты,Единая перфоманс кампания (поиск),Стоимост. корзины,19.05 - 25.05,
Маркеты,Единая перфоманс кампания (поиск),Стоимост. корзины,26.05 - 31.05,
Маркеты,Единая перфоманс кампания (поиск),Стоимост. корзины,01.06 - 08.06,
Маркеты,Единая перфоманс кампания (поиск),Стоимост. корзины,09.06 - 15.06,
Маркеты,Единая перфоманс кампания (поиск),Стоимост. корзины,16.06 - 22.06,
Маркеты,Единая перфоманс кампания (поиск),Стоимост. корзины,23.06 - 30.06,
Маркеты,Единая перфоманс кампания (поиск),Стоимост. корзины,01.07 - 06.07,
Маркеты,Единая перфоманс кампания (поиск),Стоимост. корзины,07.07 - 13.07,
Маркеты,Единая перфоманс кампания (поиск),Стоимост. корзины,14.07 - 20.07,
Маркеты,Единая перфоманс кампания (поиск),Стоимост. корзины,21.07 - 27.07,
Маркеты,Единая перфоманс кампания (поиск),Стоимост. корзины,28.07 - 31.07,
Маркеты,Единая перфоманс кампания (поиск),Стоимост. корзины,01.08 - 03.08,
Маркеты,Единая перфоманс кампания (поиск),Стоимост. корзины,04.08 - 10.08,
Маркеты,Единая перфоманс кампания (поиск),Стоимост. корзины,11.08 - 17.08,
Маркеты,Единая перфоманс кампания (поиск),Стоимост. корзины,18.08 - 24.08,1395.41
Маркеты,Единая перфоманс кампания (поиск),Стоимост. корзины,25.08 - 31.08,1731.29
Маркеты,Единая перфоманс кампания (поиск),Стоимост. корзины,01.09 - 07.09,2050.23
Маркеты,Единая перфоманс кампания (поиск),Стоимост. корзины,08.09 - 14.09,1973.42
Маркеты,Единая перфоманс кампания (поиск),Стоимост. корзины,15.09 - 21.09,
Маркеты,Единая перфоманс кампания (поиск),Стоимост. корзины,22.09 - 28.09,
Маркеты,Единая перфоманс кампания (поиск),Стоимост. корзины,29.09 - 30.09,
Маркеты,Единая перфоманс кампания (поиск),Стоимост. корзины,01.10 - 05.10,
Маркеты,Единая перфоманс кампания (поиск),Стоимост. корзины,06.10 - 12.10,
Маркеты,Единая перфоманс кампания (поиск),Стоимост. корзины,13.10 - 19.10,
Маркеты,Единая перфоманс кампания (поиск),Стоимост. корзины,20.10 - 26.10,
Маркеты,Единая перфоманс кампания (поиск),Стоимост. корзины,27.10 - 31.10,
Маркеты,Единая перфоманс кампания (поиск),% сессия / корзина,19.05 - 25.05,0
Маркеты,Единая перфоманс кампания (поиск),% сессия / корзина,26.05 - 31.05,0
Маркеты,Единая перфоманс кампания (поиск),% сессия / корзина,01.06 - 08.06,0
Маркеты,Единая перфоманс кампания (поиск),% сессия / корзина,09.06 - 15.06,0
Маркеты,Единая перфоманс кампания (поиск),% сессия / корзина,16.06 - 22.06,0
Маркеты,Единая перфоманс кампания (поиск),% сессия / корзина,23.06 - 30.06,0
Маркеты,Единая перфоманс кампания (поиск),% сессия / корзина,01.07 - 06.07,0
Маркеты,Единая перфоманс кампания (поиск),% сессия / корзина,07.07 - 13.07,0
Маркеты,Единая перфоманс кампания (поиск),% сессия / корзина,14.07 - 20.07,0
Маркеты,Единая перфоманс кампания (поиск),% сессия / корзина,21.07 - 27.07,0
Маркеты,Единая перфоманс кампания (поиск),% сессия / корзина,28.07 - 31.07,0
Маркеты,Единая перфоманс кампания (поиск),% сессия / корзина,01.08 - 03.08,0
Маркеты,Единая перфоманс кампания (поиск),% сессия / корзина,04.08 - 10.08,0
Маркеты,Единая перфоманс кампания (поиск),% сессия / корзина,11.08 - 17.08,0
Маркеты,Единая перфоманс кампания (поиск),% сессия / корзина,18.08 - 24.08,0
Маркеты,Единая перфоманс кампания (поиск),% сессия / корзина,25.08 - 31.08,0
Маркеты,Единая перфоманс кампания (поиск),% сессия / корзина,01.09 - 07.09,0
Маркеты,Единая перфоманс кампания (поиск),% сессия / корзина,08.09 - 14.09,0
Маркеты,Единая перфоманс кампания (поиск),% сессия / корзина,15.09 - 21.09,0
Маркеты,Единая перфоманс кампания (поиск),% сессия / корзина,22.09 - 28.09,0
Маркеты,Единая перфоманс кампания (поиск),% сессия / корзина,29.09 - 30.09,0
Маркеты,Единая перфоманс кампания (поиск),% сессия / корзина,01.10 - 05.10,0
Маркеты,Единая перфоманс кампания (поиск),% сессия / корзина,06.10 - 12.10,0
Маркеты,Единая перфоманс кампания (поиск),% сессия / корзина,13.10 - 19.10,0
Маркеты,Единая перфоманс кампания (поиск),% сессия / корзина,20.10 - 26.10,0
Маркеты,Единая перфоманс кампания (поиск),% сессия / корзина,27.10 - 31.10,0
Сайт,Итого,Расход,20.10 - 26.10,30968.45
Сайт,Итого,Расход,27.10 - 31.10,21466.14
Сайт,Итого,Расход,01.11 - 09.11,3631.61
Сайт,Итого,Расход,10.11 - 16.11,26948.77
Сайт,Итого,Расход,17.11 - 23.11,0
Сайт,Итого,Показы,20.10 - 26.10,95041
Сайт,Итого,Показы,27.10 - 31.10,19462
Сайт,Итого,Показы,01.11 - 09.11,92
Сайт,Итого,Показы,10.11 - 16.11,104520
Сайт,Итого,Показы,17.11 - 23.11,0
Сайт,Итого,Клики,20.10 - 26.10,1643
Сайт,Итого,Клики,27.10 - 31.10,191
Сайт,Итого,Клики,01.11 - 09.11,11
Сайт,Итого,Клики,10.11 - 16.11,476
Сайт,Итого,Клики,17.11 - 23.11,0
Сайт,Итого,Вовл. пользователи,20.10 - 26.10,128
Сайт,Итого,Вовл. пользователи,27.10 - 31.10,64
Сайт,Итого,Вовл. пользователи,01.11 - 09.11,5
Сайт,Итого,Вовл. пользователи,10.11 - 16.11,125
Сайт,Итого,Вовл. пользователи,17.11 - 23.11,0
Сайт,Итого,Корзина,20.10 - 26.10,0
Сайт,Итого,Корзина,27.10 - 31.10,0
Сайт,Итого,Корзина,01.11 - 09.11,0
Сайт,Итого,Корзина,10.11 - 16.11,2
Сайт,Итого,Корзина,17.11 - 23.11,0
Сайт,Итого,Продажи,20.10 - 26.10,0
Сайт,Итого,Продажи,27.10 - 31.10,0
Сайт,Итого,Продажи,01.11 - 09.11,0
Сайт,Итого,Продажи,10.11 - 16.11,0
Сайт,Итого,Продажи,17.11 - 23.11,0
Сайт,Итого,Стоимост. клика,20.10 - 26.10,18.84872185
Сайт,Итого,Стоимост. клика,27.10 - 31.10,112.3881675
Сайт,Итого,Стоимост. клика,01.11 - 09.11,330.1463636
Сайт,Итого,Стоимост. клика,10.11 - 16.11,56.61506303
Сайт,Итого,Стоимост. клика,17.11 - 23.11,#DIV/0!
Сайт,Итого,Стоимост. вовл.,20.10 - 26.10,241.9410156
Сайт,Итого,Стоимост. вовл.,27.10 - 31.10,335.4084375
Сайт,Итого,Стоимост. вовл.,01.11 - 09.11,726.322
Сайт,Итого,Стоимост. вовл.,10.11 - 16.11,215.59016
Сайт,Итого,Стоимост. вовл.,17.11 - 23.11,0
Сайт,Итого,Стоимост. корзины,20.10 - 26.10,30968.45
Сайт,Итого,Стоимост. корзины,27.10 - 31.10,21466.14
Сайт,Итого,Стоимост. корзины,01.11 - 09.11,3631.61
Сайт,Итого,Стоимост. корзины,10.11 - 16.11,13474.385
Сайт,Итого,Стоимост. корзины,17.11 - 23.11,0
Сайт,Итого,Стоимост. продажи,20.10 - 26.10,30968.45
Сайт,Итого,Стоимост. продажи,27.10 - 31.10,21466.14
Сайт,Итого,Стоимост. продажи,01.11 - 09.11,3631.61
Сайт,Итого,Стоимост. продажи,10.11 - 16.11,26948.77
Сайт,Итого,Стоимост. продажи,17.11 - 23.11,0
Сайт,Итого,% клик / вовл.,20.10 - 26.10,0.07790626902
Сайт,Итого,% клик / вовл.,27.10 - 31.10,0.335078534
Сайт,Итого,% клик / вовл.,01.11 - 09.11,0.4545454545
Сайт,Итого,% клик / вовл.,10.11 - 16.11,0.262605042
Сайт,Итого,% клик / вовл.,17.11 - 23.11,0
Сайт,Итого,% вовл. / корзина,20.10 - 26.10,0
Сайт,Итого,% вовл. / корзина,27.10 - 31.10,0
Сайт,Итого,% вовл. / корзина,01.11 - 09.11,0
Сайт,Итого,% вовл. / корзина,10.11 - 16.11,0.016
Сайт,Итого,% вовл. / корзина,17.11 - 23.11,0
Сайт,Итого,% корзина / продажи,20.10 - 26.10,0
Сайт,Итого,% корзина / продажи,27.10 - 31.10,0
Сайт,Итого,% корзина / продажи,01.11 - 09.11,0
Сайт,Итого,% корзина / продажи,10.11 - 16.11,0
Сайт,Итого,% корзина / продажи,17.11 - 23.11,0
Сайт,Яндекс Директ,Расход,20.10 - 26.10,23396.64
Сайт,Яндекс Директ,Расход,27.10 - 31.10,17931.61
Сайт,Яндекс Директ,Расход,01.11 - 09.11,3631.61
Сайт,Яндекс Директ,Расход,10.11 - 16.11,15041.28
Сайт,Яндекс Директ,Расход,17.11 - 23.11,0
Сайт,Яндекс Директ,Показы,20.10 - 26.10,1694
Сайт,Яндекс Директ,Показы,27.10 - 31.10,698
Сайт,Яндекс Директ,Показы,01.11 - 09.11,92
Сайт,Яндекс Директ,Показы,10.11 - 16.11,387
Сайт,Яндекс Директ,Показы,17.11 - 23.11,0
Сайт,Яндекс Директ,Клики,20.10 - 26.10,212
Сайт,Яндекс Директ,Клики,27.10 - 31.10,87
Сайт,Яндекс Директ,Клики,01.11 - 09.11,11
Сайт,Яндекс Директ,Клики,10.11 - 16.11,86
Сайт,Яндекс Директ,Клики,17.11 - 23.11,0
Сайт,Яндекс Директ,Вовл. пользователи,20.10 - 26.10,92
Сайт,Яндекс Директ,Вовл. пользователи,27.10 - 31.10,42
Сайт,Яндекс Директ,Вовл. пользователи,01.11 - 09.11,5
Сайт,Яндекс Директ,Вовл. пользователи,10.11 - 16.11,35
Сайт,Яндекс Директ,Вовл. пользователи,17.11 - 23.11,0
Сайт,Яндекс Директ,Корзина,20.10 - 26.10,0
Сайт,Яндекс Директ,Корзина,27.10 - 31.10,0
Сайт,Яндекс Директ,Корзина,01.11 - 09.11,0
Сайт,Яндекс Директ,Корзина,10.11 - 16.11,0
Сайт,Яндекс Директ,Корзина,17.11 - 23.11,0
Сайт,Яндекс Директ,Продажи,20.10 - 26.10,0
Сайт,Яндекс Директ,Продажи,27.10 - 31.10,0
Сайт,Яндекс Директ,Продажи,01.11 - 09.11,0
Сайт,Яндекс Директ,Продажи,10.11 - 16.11,0
Сайт,Яндекс Директ,Продажи,17.11 - 23.11,0
Сайт,Яндекс Директ,Стоимост. клика,20.10 - 26.10,110.3615094
Сайт,Яндекс Директ,Стоимост. клика,27.10 - 31.10,206.1104598
Сайт,Яндекс Директ,Стоимост. клика,01.11 - 09.11,330.1463636
Сайт,Яндекс Директ,Стоимост. клика,10.11 - 16.11,174.8986047
Сайт,Яндекс Директ,Стоимост. клика,17.11 - 23.11,#DIV/0!
Сайт,Яндекс Директ,Стоимост. вовл.,20.10 - 26.10,254.3113043
Сайт,Яндекс Директ,Стоимост. вовл.,27.10 - 31.10,426.9430952
Сайт,Яндекс Директ,Стоимост. вовл.,01.11 - 09.11,726.322
Сайт,Яндекс Директ,Стоимост. вовл.,10.11 - 16.11,429.7508571
Сайт,Яндекс Директ,Стоимост. вовл.,17.11 - 23.11,0
Сайт,Яндекс Директ,Стоимост. корзины,20.10 - 26.10,23396.64
Сайт,Яндекс Директ,Стоимост. корзины,27.10 - 31.10,17931.61
Сайт,Яндекс Директ,Стоимост. корзины,01.11 - 09.11,3631.61
Сайт,Яндекс Директ,Стоимост. корзины,10.11 - 16.11,15041.28
Сайт,Яндекс Директ,Стоимост. корзины,17.11 - 23.11,0
Сайт,Яндекс Директ,Стоимост. продажи,20.10 - 26.10,23396.64
Сайт,Яндекс Директ,Стоимост. продажи,27.10 - 31.10,17931.61
Сайт,Яндекс Директ,Стоимост. продажи,01.11 - 09.11,3631.61
Сайт,Яндекс Директ,Стоимост. продажи,10.11 - 16.11,15041.28
Сайт,Яндекс Директ,Стоимост. продажи,17.11 - 23.11,0
Сайт,Яндекс Директ,% клик / вовл.,20.10 - 26.10,0.4339622642
Сайт,Яндекс Директ,% клик / вовл.,27.10 - 31.10,0.4827586207
Сайт,Яндекс Директ,% клик / вовл.,01.11 - 09.11,0.4545454545
Сайт,Яндекс Директ,% клик / вовл.,10.11 - 16.11,0.4069767442
Сайт,Яндекс Директ,% клик / вовл.,17.11 - 23.11,0
Сайт,Яндекс Директ,% вовл. / корзина,20.10 - 26.10,0
Сайт,Яндекс Директ,% вовл. / корзина,27.10 - 31.10,0
Сайт,Яндекс Директ,% вовл. / корзина,01.11 - 09.11,0
Сайт,Яндекс Директ,% вовл. / корзина,10.11 - 16.11,0
Сайт,Яндекс Директ,% вовл. / корзина,17.11 - 23.11,0
Сайт,Яндекс Директ,% корзина / продажи,20.10 - 26.10,0
Сайт,Яндекс Директ,% корзина / продажи,27.10 - 31.10,0
Сайт,Яндекс Директ,% корзина / продажи,01.11 - 09.11,0
Сайт,Яндекс Директ,% корзина / продажи,10.11 - 16.11,0
Сайт,Яндекс Директ,% корзина / продажи,17.11 - 23.11,0
Сайт,Единая перфоманс кампания (поиск),Расход,20.10 - 26.10,23396.64
Сайт,Единая перфоманс кампания (поиск),Расход,27.10 - 31.10,17931.61
Сайт,Единая перфоманс кампания (поиск),Расход,01.11 - 09.11,3631.61
Сайт,Единая перфоманс кампания (поиск),Расход,10.11 - 16.11,15041.28
Сайт,Единая перфоманс кампания (поиск),Расход,17.11 - 23.11,
Сайт,Единая перфоманс кампания (поиск),Показы,20.10 - 26.10,1694.0
Сайт,Единая перфоманс кампания (поиск),Показы,27.10 - 31.10,698.0
Сайт,Единая перфоманс кампания (поиск),Показы,01.11 - 09.11,92.0
Сайт,Единая перфоманс кампания (поиск),Показы,10.11 - 16.11,387.0
Сайт,Единая перфоманс кампания (поиск),Показы,17.11 - 23.11,
Сайт,Единая перфоманс кампания (поиск),Клики,20.10 - 26.10,212.0
Сайт,Единая перфоманс кампания (поиск),Клики,27.10 - 31.10,87.0
Сайт,Единая перфоманс кампания (поиск),Клики,01.11 - 09.11,11.0
Сайт,Единая перфоманс кампания (поиск),Клики,10.11 - 16.11,86.0
Сайт,Единая перфоманс кампания (поиск),Клики,17.11 - 23.11,
Сайт,Единая перфоманс кампания (поиск),Вовл. пользователи,20.10 - 26.10,92.0
Сайт,Единая перфоманс кампания (поиск),Вовл. пользователи,27.10 - 31.10,42.0
Сайт,Единая перфоманс кампания (поиск),Вовл. пользователи,01.11 - 09.11,5.0
Сайт,Единая перфоманс кампания (поиск),Вовл. пользователи,10.11 - 16.11,35.0
Сайт,Единая перфоманс кампания (поиск),Вовл. пользователи,17.11 - 23.11,
Сайт,Единая перфоманс кампания (поиск),Корзина,20.10 - 26.10,0.0
Сайт,Единая перфоманс кампания (поиск),Корзина,27.10 - 31.10,0.0
Сайт,Единая перфоманс кампания (поиск),Корзина,01.11 - 09.11,0.0
Сайт,Единая перфоманс кампания (поиск),Корзина,10.11 - 16.11,0.0
Сайт,Единая перфоманс кампания (поиск),Корзина,17.11 - 23.11,
Сайт,Единая перфоманс кампания (поиск),Продажи,20.10 - 26.10,0.0
Сайт,Единая перфоманс кампания (поиск),Продажи,27.10 - 31.10,0.0
Сайт,Единая перфоманс кампания (поиск),Продажи,01.11 - 09.11,0.0
Сайт,Единая перфоманс кампания (поиск),Продажи,10.11 - 16.11,0.0
Сайт,Единая перфоманс кампания (поиск),Продажи,17.11 - 23.11,
Сайт,Единая перфоманс кампания (поиск),Стоимост. клика,20.10 - 26.10,110.3615094
Сайт,Единая перфоманс кампания (поиск),Стоимост. клика,27.10 - 31.10,206.1104598
Сайт,Единая перфоманс кампания (поиск),Стоимост. клика,01.11 - 09.11,330.1463636
Сайт,Единая перфоманс кампания (поиск),Стоимост. клика,10.11 - 16.11,174.8986047
Сайт,Единая перфоманс кампания (поиск),Стоимост. клика,17.11 - 23.11,#DIV/0!
Сайт,Единая перфоманс кампания (поиск),Стоимост. вовл.,20.10 - 26.10,254.3113043
Сайт,Единая перфоманс кампания (поиск),Стоимост. вовл.,27.10 - 31.10,426.9430952
Сайт,Единая перфоманс кампания (поиск),Стоимост. вовл.,01.11 - 09.11,726.322
Сайт,Единая перфоманс кампания (поиск),Стоимост. вовл.,10.11 - 16.11,429.7508571
Сайт,Единая перфоманс кампания (поиск),Стоимост. вовл.,17.11 - 23.11,
Сайт,Единая перфоманс кампания (поиск),Стоимост. корзины,20.10 - 26.10,23396.64
Сайт,Единая перфоманс кампания (поиск),Стоимост. корзины,27.10 - 31.10,17931.61
Сайт,Единая перфоманс кампания (поиск),Стоимост. корзины,01.11 - 09.11,3631.61
Сайт,Единая перфоманс кампания (поиск),Стоимост. корзины,10.11 - 16.11,15041.28
Сайт,Единая перфоманс кампания (поиск),Стоимост. корзины,17.11 - 23.11,
Сайт,Единая перфоманс кампания (поиск),Стоимост. продажи,20.10 - 26.10,23396.64
Сайт,Единая перфоманс кампания (поиск),Стоимост. продажи,27.10 - 31.10,17931.61
Сайт,Единая перфоманс кампания (поиск),Стоимост. продажи,01.11 - 09.11,3631.61
Сайт,Единая перфоманс кампания (поиск),Стоимост. продажи,10.11 - 16.11,15041.28
Сайт,Единая перфоманс кампания (поиск),Стоимост. продажи,17.11 - 23.11,
Сайт,Единая перфоманс кампания (поиск),% клик / вовл.,20.10 - 26.10,0.4339622642
Сайт,Единая перфоманс кампания (поиск),% клик / вовл.,27.10 - 31.10,0.4827586207
Сайт,Единая перфоманс кампания (поиск),% клик / вовл.,01.11 - 09.11,0.4545454545
Сайт,Единая перфоманс кампания (поиск),% клик / вовл.,10.11 - 16.11,0.4069767442
Сайт,Единая перфоманс кампания (поиск),% клик / вовл.,17.11 - 23.11,0
Сайт,Единая перфоманс кампания (поиск),% вовл. / корзина,20.10 - 26.10,0
Сайт,Единая перфоманс кампания (поиск),% вовл. / корзина,27.10 - 31.10,0
Сайт,Единая перфоманс кампания (поиск),% вовл. / корзина,01.11 - 09.11,0
Сайт,Единая перфоманс кампания (поиск),% вовл. / корзина,10.11 - 16.11,0
Сайт,Единая перфоманс кампания (поиск),% вовл. / корзина,17.11 - 23.11,0
Сайт,Единая перфоманс кампания (поиск),% корзина / продажи,20.10 - 26.10,0
Сайт,Единая перфоманс кампания (поиск),% корзина / продажи,27.10 - 31.10,0
Сайт,Единая перфоманс кампания (поиск),% корзина / продажи,01.11 - 09.11,0
Сайт,Единая перфоманс кампания (поиск),% корзина / продажи,10.11 - 16.11,0
Сайт,Единая перфоманс кампания (поиск),% корзина / продажи,17.11 - 23.11,0
Сайт,VK Ads,Расход,20.10 - 26.10,4415.07
Сайт,VK Ads,Расход,27.10 - 31.10,0
Сайт,VK Ads,Расход,01.11 - 09.11,0
Сайт,VK Ads,Расход,10.11 - 16.11,11907.49
Сайт,VK Ads,Расход,17.11 - 23.11,0
Сайт,VK Ads,Показы,20.10 - 26.10,76395
Сайт,VK Ads,Показы,27.10 - 31.10,0
Сайт,VK Ads,Показы,01.11 - 09.11,0
Сайт,VK Ads,Показы,10.11 - 16.11,104133
Сайт,VK Ads,Показы,17.11 - 23.11,0
Сайт,VK Ads,Клики,20.10 - 26.10,1303
Сайт,VK Ads,Клики,27.10 - 31.10,0
Сайт,VK Ads,Клики,01.11 - 09.11,0
Сайт,VK Ads,Клики,10.11 - 16.11,390
Сайт,VK Ads,Клики,17.11 - 23.11,0
Сайт,VK Ads,Вовл. пользователи,20.10 - 26.10,14
Сайт,VK Ads,Вовл. пользователи,27.10 - 31.10,0
Сайт,VK Ads,Вовл. пользователи,01.11 - 09.11,0
Сайт,VK Ads,Вовл. пользователи,10.11 - 16.11,90
Сайт,VK Ads,Вовл. пользователи,17.11 - 23.11,0
Сайт,VK Ads,Корзина,20.10 - 26.10,0
Сайт,VK Ads,Корзина,27.10 - 31.10,0
Сайт,VK Ads,Корзина,01.11 - 09.11,0
Сайт,VK Ads,Корзина,10.11 - 16.11,2
Сайт,VK Ads,Корзина,17.11 - 23.11,0
Сайт,VK Ads,Продажи,20.10 - 26.10,0
Сайт,VK Ads,Продажи,27.10 - 31.10,0
Сайт,VK Ads,Продажи,01.11 - 09.11,0
Сайт,VK Ads,Продажи,10.11 - 16.11,0
Сайт,VK Ads,Продажи,17.11 - 23.11,0
Сайт,VK Ads,Стоимост. клика,20.10 - 26.10,3.388388335
Сайт,VK Ads,Стоимост. клика,27.10 - 31.10,#DIV/0!
Сайт,VK Ads,Стоимост. клика,01.11 - 09.11,#DIV/0!
Сайт,VK Ads,Стоимост. клика,10.11 - 16.11,30.53202564
Сайт,VK Ads,Стоимост. клика,17.11 - 23.11,#DIV/0!
Сайт,VK Ads,Стоимост. вовл.,20.10 - 26.10,315.3621429
Сайт,VK Ads,Стоимост. вовл.,27.10 - 31.10,0
Сайт,VK Ads,Стоимост. вовл.,01.11 - 09.11,0
Сайт,VK Ads,Стоимост. вовл.,10.11 - 16.11,132.3054444
Сайт,VK Ads,Стоимост. вовл.,17.11 - 23.11,0
Сайт,VK Ads,Стоимост. корзины,20.10 - 26.10,4415.07
Сайт,VK Ads,Стоимост. корзины,27.10 - 31.10,0
Сайт,VK Ads,Стоимост. корзины,01.11 - 09.11,0
Сайт,VK Ads,Стоимост. корзины,10.11 - 16.11,5953.745
Сайт,VK Ads,Стоимост. корзины,17.11 - 23.11,0
Сайт,VK Ads,Стоимост. продажи,20.10 - 26.10,4415.07
Сайт,VK Ads,Стоимост. продажи,27.10 - 31.10,0
Сайт,VK Ads,Стоимост. продажи,01.11 - 09.11,0
Сайт,VK Ads,Стоимост. продажи,10.11 - 16.11,11907.49
Сайт,VK Ads,Стоимост. продажи,17.11 - 23.11,0
Сайт,VK Ads,% клик / вовл.,20.10 - 26.10,0.01074443592
Сайт,VK Ads,% клик / вовл.,27.10 - 31.10,0
Сайт,VK Ads,% клик / вовл.,01.11 - 09.11,0
Сайт,VK Ads,% клик / вовл.,10.11 - 16.11,0.2307692308
Сайт,VK Ads,% клик / вовл.,17.11 - 23.11,0
Сайт,VK Ads,% вовл. / корзина,20.10 - 26.10,0
Сайт,VK Ads,% вовл. / корзина,27.10 - 31.10,0
Сайт,VK Ads,% вовл. / корзина,01.11 - 09.11,0
Сайт,VK Ads,% вовл. / корзина,10.11 - 16.11,0.02222222222
Сайт,VK Ads,% вовл. / корзина,17.11 - 23.11,0
Сайт,VK Ads,% корзина / продажи,20.10 - 26.10,0
Сайт,VK Ads,% корзина / продажи,27.10 - 31.10,0
Сайт,VK Ads,% корзина / продажи,01.11 - 09.11,0
Сайт,VK Ads,% корзина / продажи,10.11 - 16.11,0
Сайт,VK Ads,% корзина / продажи,17.11 - 23.11,0
Сайт,Реклама сайта,Расход,20.10 - 26.10,4415.07
Сайт,Реклама сайта,Расход,27.10 - 31.10,
Сайт,Реклама сайта,Расход,01.11 - 09.11,
Сайт,Реклама сайта,Расход,10.11 - 16.11,11907.49
Сайт,Реклама сайта,Расход,17.11 - 23.11,
Сайт,Реклама сайта,Показы,20.10 - 26.10,76395.0
Сайт,Реклама сайта,Показы,27.10 - 31.10,
Сайт,Реклама сайта,Показы,01.11 - 09.11,
Сайт,Реклама сайта,Показы,10.11 - 16.11,104133.0
Сайт,Реклама сайта,Показы,17.11 - 23.11,
Сайт,Реклама сайта,Клики,20.10 - 26.10,1303.0
Сайт,Реклама сайта,Клики,27.10 - 31.10,
Сайт,Реклама сайта,Клики,01.11 - 09.11,
Сайт,Реклама сайта,Клики,10.11 - 16.11,390.0
Сайт,Реклама сайта,Клики,17.11 - 23.11,
Сайт,Реклама сайта,Вовл. пользователи,20.10 - 26.10,14.0
Сайт,Реклама сайта,Вовл. пользователи,27.10 - 31.10,
Сайт,Реклама сайта,Вовл. пользователи,01.11 - 09.11,
Сайт,Реклама сайта,Вовл. пользователи,10.11 - 16.11,90.0
Сайт,Реклама сайта,Вовл. пользователи,17.11 - 23.11,
Сайт,Реклама сайта,Корзина,20.10 - 26.10,0.0
Сайт,Реклама сайта,Корзина,27.10 - 31.10,
Сайт,Реклама сайта,Корзина,01.11 - 09.11,
Сайт,Реклама сайта,Корзина,10.11 - 16.11,2.0
Сайт,Реклама сайта,Корзина,17.11 - 23.11,
Сайт,Реклама сайта,Продажи,20.10 - 26.10,0.0
Сайт,Реклама сайта,Продажи,27.10 - 31.10,
Сайт,Реклама сайта,Продажи,01.11 - 09.11,
Сайт,Реклама сайта,Продажи,10.11 - 16.11,0.0
Сайт,Реклама сайта,Продажи,17.11 - 23.11,
Сайт,Реклама сайта,Стоимост. клика,20.10 - 26.10,3.388388335
Сайт,Реклама сайта,Стоимост. клика,27.10 - 31.10,#DIV/0!
Сайт,Реклама сайта,Стоимост. клика,01.11 - 09.11,#DIV/0!
Сайт,Реклама сайта,Стоимост. клика,10.11 - 16.11,30.53202564
Сайт,Реклама сайта,Стоимост. клика,17.11 - 23.11,#DIV/0!
Сайт,Реклама сайта,Стоимост. вовл.,20.10 - 26.10,315.3621429
Сайт,Реклама сайта,Стоимост. вовл.,27.10 - 31.10,
Сайт,Реклама сайта,Стоимост. вовл.,01.11 - 09.11,
Сайт,Реклама сайта,Стоимост. вовл.,10.11 - 16.11,132.3054444
Сайт,Реклама сайта,Стоимост. вовл.,17.11 - 23.11,
Сайт,Реклама сайта,Стоимост. корзины,20.10 - 26.10,4415.07
Сайт,Реклама сайта,Стоимост. корзины,27.10 - 31.10,
Сайт,Реклама сайта,Стоимост. корзины,01.11 - 09.11,
Сайт,Реклама сайта,Стоимост. корзины,10.11 - 16.11,5953.745
Сайт,Реклама сайта,Стоимост. корзины,17.11 - 23.11,
Сайт,Реклама сайта,Стоимост. продажи,20.10 - 26.10,4415.07
Сайт,Реклама сайта,Стоимост. продажи,27.10 - 31.10,
Сайт,Реклама сайта,Стоимост. продажи,01.11 - 09.11,
Сайт,Реклама сайта,Стоимост. продажи,10.11 - 16.11,11907.49
Сайт,Реклама сайта,Стоимост. продажи,17.11 - 23.11,
Сайт,Реклама сайта,% клик / вовл.,20.10 - 26.10,0.01074443592
Сайт,Реклама сайта,% клик / вовл.,27.10 - 31.10,0
Сайт,Реклама сайта,% клик / вовл.,01.11 - 09.11,0
Сайт,Реклама сайта,% клик / вовл.,10.11 - 16.11,0.2307692308
Сайт,Реклама сайта,% клик / вовл.,17.11 - 23.11,0
Сайт,Реклама сайта,% вовл. / корзина,20.10 - 26.10,0
Сайт,Реклама сайта,% вовл. / корзина,27.10 - 31.10,0
Сайт,Реклама сайта,% вовл. / корзина,01.11 - 09.11,0
Сайт,Реклама сайта,% вовл. / корзина,10.11 - 16.11,0.02222222222
Сайт,Реклама сайта,% вовл. / корзина,17.11 - 23.11,0
Сайт,Реклама сайта,% корзина / продажи,20.10 - 26.10,0
Сайт,Реклама сайта,% корзина / продажи,27.10 - 31.10,0
Сайт,Реклама сайта,% корзина / продажи,01.11 - 09.11,0
Сайт,Реклама сайта,% корзина / продажи,10.11 - 16.11,0
Сайт,Реклама сайта,% корзина / продажи,17.11 - 23.11,0
Сайт,Telegram Ads,Расход,20.10 - 26.10,3156.74
Сайт,Telegram Ads,Расход,27.10 - 31.10,3534.53
Сайт,Telegram Ads,Расход,01.11 - 09.11,0
Сайт,Telegram Ads,Расход,10.11 - 16.11,0
Сайт,Telegram Ads,Расход,17.11 - 23.11,0
Сайт,Telegram Ads,Показы,20.10 - 26.10,16952
Сайт,Telegram Ads,Показы,27.10 - 31.10,18764
Сайт,Telegram Ads,Показы,01.11 - 09.11,0
Сайт,Telegram Ads,Показы,10.11 - 16.11,0
Сайт,Telegram Ads,Показы,17.11 - 23.11,0
Сайт,Telegram Ads,Клики,20.10 - 26.10,128
Сайт,Telegram Ads,Клики,27.10 - 31.10,104
Сайт,Telegram Ads,Клики,01.11 - 09.11,0
Сайт,Telegram Ads,Клики,10.11 - 16.11,0
Сайт,Telegram Ads,Клики,17.11 - 23.11,0
Сайт,Telegram Ads,Вовл. пользователи,20.10 - 26.10,22
Сайт,Telegram Ads,Вовл. пользователи,27.10 - 31.10,22
Сайт,Telegram Ads,Вовл. пользователи,01.11 - 09.11,0
Сайт,Telegram Ads,Вовл. пользователи,10.11 - 16.11,0
Сайт,Telegram Ads,Вовл. пользователи,17.11 - 23.11,0
Сайт,Telegram Ads,Корзина,20.10 - 26.10,0
Сайт,Telegram Ads,Корзина,27.10 - 31.10,0
Сайт,Telegram Ads,Корзина,01.11 - 09.11,0
Сайт,Telegram Ads,Корзина,10.11 - 16.11,0
Сайт,Telegram Ads,Корзина,17.11 - 23.11,0
Сайт,Telegram Ads,Продажи,20.10 - 26.10,0
Сайт,Telegram Ads,Продажи,27.10 - 31.10,0
Сайт,Telegram Ads,Продажи,01.11 - 09.11,0
Сайт,Telegram Ads,Продажи,10.11 - 16.11,0
Сайт,Telegram Ads,Продажи,17.11 - 23.11,0
Сайт,Telegram Ads,Стоимост. клика,20.10 - 26.10,24.66203125
Сайт,Telegram Ads,Стоимост. клика,27.10 - 31.10,33.98586538
Сайт,Telegram Ads,Стоимост. клика,01.11 - 09.11,#DIV/0!
Сайт,Telegram Ads,Стоимост. клика,10.11 - 16.11,#DIV/0!
Сайт,Telegram Ads,Стоимост. клика,17.11 - 23.11,#DIV/0!
Сайт,Telegram Ads,Стоимост. вовл.,20.10 - 26.10,143.4881818
Сайт,Telegram Ads,Стоимост. вовл.,27.10 - 31.10,160.6604545
Сайт,Telegram Ads,Стоимост. вовл.,01.11 - 09.11,0
Сайт,Telegram Ads,Стоимост. вовл.,10.11 - 16.11,0
Сайт,Telegram Ads,Стоимост. вовл.,17.11 - 23.11,0
Сайт,Telegram Ads,Стоимост. корзины,20.10 - 26.10,3156.74
Сайт,Telegram Ads,Стоимост. корзины,27.10 - 31.10,3534.53
Сайт,Telegram Ads,Стоимост. корзины,01.11 - 09.11,0
Сайт,Telegram Ads,Стоимост. корзины,10.11 - 16.11,0
Сайт,Telegram Ads,Стоимост. корзины,17.11 - 23.11,0
Сайт,Telegram Ads,Стоимост. продажи,20.10 - 26.10,3156.74
Сайт,Telegram Ads,Стоимост. продажи,27.10 - 31.10,3534.53
Сайт,Telegram Ads,Стоимост. продажи,01.11 - 09.11,0
Сайт,Telegram Ads,Стоимост. продажи,10.11 - 16.11,0
Сайт,Telegram Ads,Стоимост. продажи,17.11 - 23.11,0
Сайт,Telegram Ads,% клик / вовл.,20.10 - 26.10,0.171875
Сайт,Telegram Ads,% клик / вовл.,27.10 - 31.10,0.2115384615
Сайт,Telegram Ads,% клик / вовл.,01.11 - 09.11,0
Сайт,Telegram Ads,% клик / вовл.,10.11 - 16.11,0
Сайт,Telegram Ads,% клик / вовл.,17.11 - 23.11,0
Сайт,Telegram Ads,% вовл. / корзина,20.10 - 26.10,0
Сайт,Telegram Ads,% вовл. / корзина,27.10 - 31.10,0
Сайт,Telegram Ads,% вовл. / корзина,01.11 - 09.11,0
Сайт,Telegram Ads,% вовл. / корзина,10.11 - 16.11,0
Сайт,Telegram Ads,% вовл. / корзина,17.11 - 23.11,0
Сайт,Telegram Ads,% корзина / продажи,20.10 - 26.10,0
Сайт,Telegram Ads,% корзина / продажи,27.10 - 31.10,0
Сайт,Telegram Ads,% корзина / продажи,01.11 - 09.11,0
Сайт,Telegram Ads,% корзина / продажи,10.11 - 16.11,0
Сайт,Telegram Ads,% корзина / продажи,17.11 - 23.11,0
Сайт,Реклама сайта,Расход,20.10 - 26.10,3156.74
Сайт,Реклама сайта,Расход,27.10 - 31.10,3534.53
Сайт,Реклама сайта,Расход,01.11 - 09.11,
Сайт,Реклама сайта,Расход,10.11 - 16.11,
Сайт,Реклама сайта,Расход,17.11 - 23.11,
Сайт,Реклама сайта,Показы,20.10 - 26.10,16952.0
Сайт,Реклама сайта,Показы,27.10 - 31.10,18764.0
Сайт,Реклама сайта,Показы,01.11 - 09.11,
Сайт,Реклама сайта,Показы,10.11 - 16.11,
Сайт,Реклама сайта,Показы,17.11 - 23.11,
Сайт,Реклама сайта,Клики,20.10 - 26.10,128.0
Сайт,Реклама сайта,Клики,27.10 - 31.10,104.0
Сайт,Реклама сайта,Клики,01.11 - 09.11,
Сайт,Реклама сайта,Клики,10.11 - 16.11,
Сайт,Реклама сайта,Клики,17.11 - 23.11,
Сайт,Реклама сайта,Вовл. пользователи,20.10 - 26.10,22.0
Сайт,Реклама сайта,Вовл. пользователи,27.10 - 31.10,22.0
Сайт,Реклама сайта,Вовл. пользователи,01.11 - 09.11,
Сайт,Реклама сайта,Вовл. пользователи,10.11 - 16.11,
Сайт,Реклама сайта,Вовл. пользователи,17.11 - 23.11,
Сайт,Реклама сайта,Корзина,20.10 - 26.10,0.0
Сайт,Реклама сайта,Корзина,27.10 - 31.10,0.0
Сайт,Реклама сайта,Корзина,01.11 - 09.11,
Сайт,Реклама сайта,Корзина,10.11 - 16.11,
Сайт,Реклама сайта,Корзина,17.11 - 23.11,
Сайт,Реклама сайта,Продажи,20.10 - 26.10,0.0
Сайт,Реклама сайта,Продажи,27.10 - 31.10,0.0
Сайт,Реклама сайта,Продажи,01.11 - 09.11,
Сайт,Реклама сайта,Продажи,10.11 - 16.11,
Сайт,Реклама сайта,Продажи,17.11 - 23.11,
Сайт,Реклама сайта,Стоимост. клика,20.10 - 26.10,24.66203125
Сайт,Реклама сайта,Стоимост. клика,27.10 - 31.10,33.98586538
Сайт,Реклама сайта,Стоимост. клика,01.11 - 09.11,#DIV/0!
Сайт,Реклама сайта,Стоимост. клика,10.11 - 16.11,#DIV/0!
Сайт,Реклама сайта,Стоимост. клика,17.11 - 23.11,#DIV/0!
Сайт,Реклама сайта,Стоимост. вовл.,20.10 - 26.10,143.4881818
Сайт,Реклама сайта,Стоимост. вовл.,27.10 - 31.10,160.6604545
Сайт,Реклама сайта,Стоимост. вовл.,01.11 - 09.11,
Сайт,Реклама сайта,Стоимост. вовл.,10.11 - 16.11,
Сайт,Реклама сайта,Стоимост. вовл.,17.11 - 23.11,
Сайт,Реклама сайта,Стоимост. корзины,20.10 - 26.10,3156.74
Сайт,Реклама сайта,Стоимост. корзины,27.10 - 31.10,3534.53
Сайт,Реклама сайта,Стоимост. корзины,01.11 - 09.11,
Сайт,Реклама сайта,Стоимост. корзины,10.11 - 16.11,
Сайт,Реклама сайта,Стоимост. корзины,17.11 - 23.11,
Сайт,Реклама сайта,Стоимост. продажи,20.10 - 26.10,3156.74
Сайт,Реклама сайта,Стоимост. продажи,27.10 - 31.10,3534.53
Сайт,Реклама сайта,Стоимост. продажи,01.11 - 09.11,
Сайт,Реклама сайта,Стоимост. продажи,10.11 - 16.11,
Сайт,Реклама сайта,Стоимост. продажи,17.11 - 23.11,
Сайт,Реклама сайта,% клик / вовл.,20.10 - 26.10,0.171875
Сайт,Реклама сайта,% клик / вовл.,27.10 - 31.10,0.2115384615
Сайт,Реклама сайта,% клик / вовл.,01.11 - 09.11,0
Сайт,Реклама сайта,% клик / вовл.,10.11 - 16.11,0
Сайт,Реклама сайта,% клик / вовл.,17.11 - 23.11,0
Сайт,Реклама сайта,% вовл. / корзина,20.10 - 26.10,0
Сайт,Реклама сайта,% вовл. / корзина,27.10 - 31.10,0
Сайт,Реклама сайта,% вовл. / корзина,01.11 - 09.11,0
Сайт,Реклама сайта,% вовл. / корзина,10.11 - 16.11,0
Сайт,Реклама сайта,% вовл. / корзина,17.11 - 23.11,0
Сайт,Реклама сайта,% корзина / продажи,20.10 - 26.10,0
Сайт,Реклама сайта,% корзина / продажи,27.10 - 31.10,0
Сайт,Реклама сайта,% корзина / продажи,01.11 - 09.11,0
Сайт,Реклама сайта,% корзина / продажи,10.11 - 16.11,0
Сайт,Реклама сайта,% корзина / продажи,17.11 - 23.11,0
